text,label
"['letsgo', 'ceng', 'menatap', 'pertandingan', 'selanjutnya', 'semoga', 'kamu', 'juga', 'intropeksi', 'diri', 'dengan', 'berbenah', 'dan', 'berlatih', 'lagi', 'atas', 'kekurangan', 'kekurangan', 'kamu', 'dipertandingan', 'lawan', 'bahrain']",Positif
"['tetap', 'menyala', 'seperti', 'api', 'abangku']",Positif
"['sangat', 'menyala', 'timnas', 'abang', 'abangan', 'asean']",Positif
"['terima', 'kasih', 'sudah', 'memberikan', 'bukti', 'nyata']",Positif
"['gue', 'suka', 'gaya', 'lo']",Positif
"['kak', 'kev', 'kece', 'banget', 'sudah']",Positif
"['terima', 'kasih', 'atas', 'kerja', 'kerasnya', 'yang', 'tulus']",Positif
"['sumpah', 'kalian', 'keren', 'banget']",Positif
"['jangan', 'pernah', 'ragukan', 'rasa', 'nasionalisme', 'mereka', 'pada', 'negara', 'ini']",Positif
"['pergerakan', 'skil', 'dan', 'kecerdikan', 'memang', 'tidak pernah', 'gagal']",Positif
"['makin', 'mateng', 'ini', 'rr']",Positif
"['tunjukkan', 'lagi', 'ke', 'china', 'nanti', 'ya', 'abang']",Positif
"['rasanya', 'baru', 'kemarin', 'main', 'secara', 'luar', 'biasa', 'dan', 'raih', 'poin', 'sampai', 'jumpa', 'bulan', 'juni', 'guys']",Positif
"['eliano', 'terus', 'belajar', 'dari', 'abang', 'mu', 'yang', 'gacor', 'di', 'milan', 'dan', 'di', 'belanda', 'keep', 'fighting']",Positif
"['menyalaa', 'abangkuu']",Positif
"['mustahil', 'yapss', 'tipikal', 'permainan', 'kayak', 'kemarin', 'tapi', 'di', 'tambah', 'fokus', 'finishing', 'tanpa', 'buang', 'kesempatan', 'dan', 'pertahanan', 'lebih', 'kokoh', 'dan', 'gelandang', 'lebih', 'cerdik', 'dan', 'kuat', 'pasti', 'bisa']",Positif
"['gass', 'bung', 'eli']",Positif
"['kalau', 'gue', 'pribadi', 'sangatlah', 'berharap', 'timnas', 'indonesia', 'lolos', 'round', 'sebagai', 'runner', 'up', 'karena', 'setelah', 'lolos', 'timnas', 'indonesia', 'mempunyai', 'waktu', 'yang', 'lebih', 'lama', 'membangun', 'chemistry', 'untuk', 'piala', 'dunia']",Positif
"['kata', 'gue', 'mah', 'mending', 'fan', 'timnas', 'indonesia', 'tetap', 'berisik', 'sayang', 'itu', 'louderrr']",Positif
"['tidak', 'normal', 'ini', 'pemain', 'bagus', 'mulu', 'perfomancenya', 'dari', 'day']",Positif
"['keep', 'improving', 'bang', 'semangat']",Positif
"['kelasss', 'memang', 'match', 'kemarin']",Positif
"['menyala', 'nyala']",Positif
"['mantap', 'abang', 'kumis', 'juni', 'bungkus', 'lagi', 'poin', 'dari', 'match', 'ya']",Positif
"['well', 'done', 'luku', 'luku']",Positif
"['ridho', 'sih', 'mas', 'mas', 'jawa', 'yang', 'tiap', 'match', 'tidak', 'pernah', 'mengecewakan', 'semangat', 'terus', 'edho']",Positif
"['semangat', 'wak']",Positif
"['aduh', 'kakak', 'manise', 'indonesia', 'punya']",Positif
"['papua', 'tidak', 'pernah', 'kehabisan', 'talenta']",Positif
"['kencang', 'banget', 'larinyaa']",Positif
"['respect', 'sangat', 'kakak', 'ricky', 'kambuaya', 'siapa', 'bilang', 'pemain', 'liga', 'tidak', 'bisa', 'bersaing', 'dengan', 'pemain', 'diaspora', 'rizky', 'ridho', 'ricky', 'arhan', 'marselino', 'ferdinan', 'ernando', 'membuktikan', 'lokal', 'pride', 'itu', 'bisa', 'bersaing', 'ini', 'bukan', 'soal', 'bakat', 'tapi', 'mentalitas']",Positif
"['semangat', 'eliano', 'terima', 'kasih', 'atas', 'perjuanganmu', 'kemarin', 'memang', 'hasilnya', 'belum', 'maksimal', 'tapi', 'kamu', 'sudah', 'menunjukkan', 'potensi', 'besar', 'waktu', 'dan', 'kesempatan', 'masih', 'banyak', 'semangat']",Positif
"['menyala', 'pak', 'kumis']",Positif
"['manyala', 'abangku']",Positif
"['show', 'itu', 'again', 'besok', 'juni', 'bang']",Positif
"['belajar', 'cetak', 'gol', 'sama', 'kakaknyabiar', 'makin', 'mantap']",Positif
"['terima kasih', 'bro']",Positif
"['kakak', 'ini', 'wajib', 'starter', 'sih', 'menurut', 'ku', 'sebagai', 'sama', 'main', 'bentar', 'saja', 'bisa', 'bikin', 'asisst', 'yang', 'hampir', 'gol']",Positif
"['proud', 'of', 'you', 'abang', 'elii', 'belajar', 'finishing', 'bareng', 'abang', 'tijjani', 'biar', 'makin', 'mantap']",Positif
"['terimakasih', 'perjuangan', 'tim', 'tanpa', 'lelah', 'untuk', 'indonesiawalau', 'jauh', 'tanah', 'air', 'indonesia']",Positif
"['ini', 'sudah', 'pakai', 'paru', 'paru', 'kingkong', 'bukan', 'lagi', 'paru', 'paru', 'kuda']",Positif
"['passing', 'accuracy', 'masing', 'pemain', 'meningkat', 'ya']",Positif
"['kelas', 'banget', 'mainnya', 'timnas', 'indonesia', 'menyala', 'king']",Positif
"['doa', 'terbaik', 'buat', 'timnas', 'di', 'juni', 'nanti']",Positif
"['berkelas', 'itu', 'bernama', 'jay', 'idzes']",Positif
"['semangat', 'eli']",Positif
"['matur', 'nuwun', 'sangat', 'cak', 'sandy']",Positif
"['sepi', 'banget', 'beda', 'banget', 'pas', 'kalah', 'kemarin', 'we', 'love', 'patrick', 'we', 'love', 'pastoor']",Positif
"['keren', 'abang', 'tetap', 'semangat', 'ada', 'match', 'lagi', 'bisa', 'lah', 'poin']",Positif
"['kencang', 'banget', 'larinyaa']",Positif
"['menyala', 'abangku']",Positif
"['terimakasih', 'pak', 'kumis']",Positif
"['keren', 'banget', 'kakak', 'dari', 'awal', 'masuk', 'sibuk', 'banget', 'dia', 'di', 'lapangan', 'good', 'job']",Positif
"['terima', 'kasih', 'pak', 'kumis', 'harapan', 'itu', 'masih', 'ada', 'jangan', 'menyerah', 'terus', 'perjuangan']",Positif
"['selamat', 'datang', 'di', 'indonesia', 'menang', 'dipuji', 'kalah', 'didukung', 'semangat']",Positif
"['pemain', 'lokal', 'yang', 'layak', 'diperhitungkan']",Positif
"['tidak', 'banyak', 'omong', 'tapi', 'sekalinya', 'main', 'langsung', 'full', 'power']",Positif
"['mantap', 'adik', 'adik']",Positif
"['verdonk', 'tidak', 'tergantikan']",Positif
"['coach', 'plis', 'line', 'up', 'ya', 'jangan', 'diganti', 'ganti', 'lagi']",Positif
"['gila', 'sih', 'ini', 'anak', 'daya', 'juangnya']",Positif
"['tolong', 'pertahankan', 'skema', 'permainan', 'saat', 'lawan', 'bahrain', 'kuch', 'pakai', 'jangan', 'ngide', 'total', 'football', 'lagi']",Positif
"['mantap', 'eli']",Positif
"['ole', 'memang', 'pemain', 'berkelas', 'no', 'debat']",Positif
"['tetap', 'semangat', 'mas', 'bro']",Positif
"['di', 'jaman', 'patrick', 'kluivert', 'kayaknya', 'ini', 'salah', 'satu', 'lineup', 'terbaik', 'yang', 'dipunya', 'indonesia', 'di', 'ronde']",Positif
"['di', 'match', 'ini', 'patrik', 'star', 'sada', 'betul', 'bahwa', 'taktik', 'total', 'football', 'kemarin', 'adalah', 'blunder', 'terbesar', 'ketika', 'lawan', 'bahrain', 'taktik', 'di', 'ubah', 'mengembalikan', 'dan', 'mengandalkan', 'lini', 'pertahanan', 'yang', 'solid', 'lalu', 'counter', 'attack', 'bagus', 'kalau', 'patrik', 'belajar', 'dari', 'pertandingan', 'sebelumnya', 'sih', 'ini', 'june']",Positif
"['salah', 'satu', 'lineup', 'terbaik']",Positif
"['tersisa', 'dua', 'pertandingan', 'kita', 'tuntaskan']",Positif
"['ini', 'the', 'end', 'pemain', 'diaspora', 'adalah', 'anak', 'bangsa', 'indonesia', 'sama', 'seperti', 'pemain', 'liga', 'lokal', 'tapi', 'terlatih', 'dengan', 'mentalitas', 'yang', 'kuat', 'dan', 'sikap', 'yang', 'bagus', 'harusnya', 'jadi', 'motivasi', 'yang', 'bagus', 'sbgma', 'yang', 'dirasakan', 'oleh', 'rizki', 'dan', 'kambuaya']",Positif
"['adanya', 'pemain', 'diaspora', 'membuat', 'para', 'pemain', 'liga', 'lokal', 'harus', 'bersikap', 'dan', 'bermentalitas', 'seperti', 'yang', 'sudah', 'dicontohkan', 'rizki', 'dan', 'kambuaya', 'pemain', 'liga', 'lokal', 'yang', 'berwatak', 'lembek', 'suka', 'cuap', 'cuap', 'di', 'media', 'siap', 'tersingkir']",Positif
"['semua', 'pemain', 'liga', 'lokal', 'harus', 'mencontoh', 'bagaimana', 'rizki', 'ridho', 'dan', 'ricky', 'kambuaya', 'bersikap', 'dan', 'bermentalitas', 'tidak', 'cepat', 'puas', 'diri', 'siap', 'dipanggil', 'dan', 'legowo', 'saat', 'diparkir', 'tidak', 'mengambek', 'dan', 'siap', 'menjadi', 'lebih', 'baik', 'saat', 'latihan']",Positif
"['ini', 'adalah', 'starting', 'terbaik', 'no', 'debat']",Positif
"['skuad', 'ini', 'sudah', 'klopp', 'banget']",Positif
"['the', 'legend', 'the', 'myth', 'ricky', 'kambuaya', 'mi', 'idolo']",Positif
"['lets', 'go', 'semangat']",Positif
"['semangat', 'eli', 'terus', 'belajar', 'dan', 'berkembang', 'lagi']",Positif
"['menyala', 'timnas', 'indonesiaku']",Positif
"['good', 'game', 'eli', 'semangat', 'terus', 'sayank']",Positif
"['setuju', 'tidak', 'sih', 'ini', 'winning', 'team', 'ya', 'timnas', 'indonesia']",Positif
"['bisa', 'jadi', 'supersub', 'ini', 'orangmainnya', 'taktis']",Positif
"['istimewa', 'timnas', 'indonesia', 'perjalanan', 'masih', 'panjang', 'tapi', 'penampilan', 'semalam', 'sudah', 'jauh', 'lebih', 'baik', 'amp', 'sangat', 'patut', 'dipuji', 'optimis', 'ke', 'piala', 'dunia', 'bisa']",Positif
"['mari', 'ucapkan', 'alhamdulillah', 'untuk', 'timnas', 'indonesia', 'sudah', 'meraih', 'kemenangan', 'hari', 'ini']",Positif
"['mantap', 'adek', 'adek', 'awak']",Positif
"['kakak', 'riki', 'bagus', 'mainnya']",Positif
"['sepakatga', 'boleh', 'ada', 'unsur', 'yang', 'bisa', 'membawa', 'malah', 'amburadul', 'kedepannya', 'olahraga', 'bukan', 'ajang', 'politik', 'sara', 'dan', 'sumpah', 'serapah', 'keep', 'up', 'the', 'positive', 'vibes', 'on']",Positif
"['semangat', 'eliano']",Positif
"['kuncinya', 'satu', 'turunkan', 'dia', 'dari', 'bangku', 'cadangan', 'karena', 'dia', 'lebih', 'tau', 'harus', 'bagaimana', 'kalau', 'sudah', 'mengamati', 'jalannya', 'pertandingan', 'dulu', 'baru', 'main', 'jadi', 'kalau', 'turun', 'dari', 'starter', 'menurutku', 'agak', 'tidak', 'gong', 'saja', 'sih', 'mainnya', 'dia']",Positif
"['memang', 'tidak', 'pernah', 'gagal']",Positif
"['kemenangan', 'kemenangan', 'ratusan', 'juta', 'jiwa']",Positif
"['eliano', 'itu', 'bagus', 'kenapa', 'ya', 'pelatih', 'sebelumnya', 'tidak', 'pernah', 'mainin', 'sih', 'eliano', 'ini']",Positif
"['proud', 'of', 'you', 'eli', 'jean', 'and', 'deansemoga', 'next', 'match', 'bisa', 'cetak', 'goal', 'ya', 'eli']",Positif
"['poin', 'tidak', 'jadi', 'jika', 'ridho', 'tidak', 'menghalau', 'bola', 'dengan', 'kepalanya', 'penyelamatan', 'penting']",Positif
"['seperti', 'biasa', 'elianooo', 'salam', 'sama', 'pemain', 'lain']",Positif
"['masih', 'belum', 'bisa', 'moveon', 'perfect', 'banget', 'sih', 'tidak', 'kecewa', 'blas', 'skema', 'yang', 'ini']",Positif
"['kambuaya', 'apa', 'bellingham', 'ini', 'gacor', 'banget', 'semalem']",Positif
"['timnas', 'lagi', 'gacor', 'ui', 'sangat', 'exicited', 'banget']",Positif
"['line', 'up', 'terbaik', 'saat', 'ini']",Positif
"['kelas', 'banget', 'indonesia', 'ku']",Positif
"['ini', 'pemain', 'kalau', 'lagi', 'tenang', 'mainnya', 'bagus', 'banget', 'teknik', 'ada', 'stamina', 'ada', 'gaya', 'raprap', 'ya', 'juga', 'ada']",Positif
"['gol', 'ya', 'simpan', 'buat', 'nanti', 'juni', 'ya', 'el']",Positif
"['kakak', 'ricky', 'definisi', 'diam', 'dan', 'bermainlah']",Positif
"['pemain', 'yang', 'semalem', 'bersinar', 'banget', 'kakak', 'ricky']",Positif
"['ricky', 'kambuayaaa', 'tendangan', 'dari', 'timur']",Positif
"['sumpah', 'kakak', 'ricky', 'bagus', 'banget', 'mainnya']",Positif
['mantap'],Positif
"['hormat', 'kepada', 'pssi', 'yang', 'sudah', 'mengambil', 'tindakan', 'yang', 'benar']",Positif
"['hormat', 'kepada', 'kakak', 'ricky']",Positif
"['diam', 'dan', 'bermainlah', 'kakak', 'ricky', 'penampilanmu', 'keren', 'tadi', 'malam']",Positif
"['salah', 'satu', 'momen', 'yang', 'ingin', 'diulang', 'lagi', 'tapi', 'untuk', 'pertandingan', 'selanjutnya', 'forza', 'garuda']",Positif
"['tidak', 'melulu', 'tetang', 'pemain', 'abroad', 'dan', 'riski', 'ridho', 'kambuaya', 'juga', 'membuktikan', 'kaualitasnya']",Positif
"['tunjukkan', 'aura', 'rizki', 'rido', 'abang', 'jay', 'dan', 'justin', 'tembok', 'beton', 'itu', 'sekarang']",Positif
"['main', 'tampil', 'bagus', 'pulang']",Positif
"['kakak', 'ricky', 'wajib', 'starting', 'sih', 'gila']",Positif
"['berekspektasi', 'boleh', 'saja', 'tapi', 'jangan', 'tinggi', 'kenapa', 'tau', 'sendiri', 'kan', 'habit', 'suporter', 'kita', 'yang', 'penting', 'pas', 'lawan', 'china', 'kita', 'wajib', 'menang', 'hukumnya', 'wajib', 'setidaknya', 'posisi', 'no', 'untuk', 'ke', 'playoff', 'masih', 'ada']",Positif
"['selebrasi', 'ole', 'akan', 'jadi', 'gaya', 'wajib', 'ketika', 'foto', 'lebaran', 'nanti']",Positif
"['bangga', 'banget', 'bangga', 'banget', 'makasii', 'ya', 'dah', 'berjuang', 'matian', 'buat', 'indonesia', 'selamat', 'menikmati', 'point']",Positif
"['keren', 'rizky', 'ridho']",Positif
"['lanjutkan', 'terus', 'ole']",Positif
"['sangat', 'layak']",Positif
"['selamat', 'buat', 'para', 'pemain', 'dan', 'staff', 'pelatih', 'terima', 'kasih', 'pssi', 'juga']",Positif
"['hubner', 'terbaik', 'wkwkwkwk']",Positif
"['pokoknya', 'senang', 'buat', 'rakyat', 'indonesia', 'poin']",Positif
"['menit', 'kita', 'melupakan', 'segala', 'permasalahan', 'dinegeri', 'ini', 'terimakasih', 'untuk', 'kalia', 'yang', 'sudah', 'berjuang', 'sepenuh', 'hati']",Positif
"['semalam', 'tidur', 'nyenyak', 'karena', 'timnas', 'menang']",Positif
"['faktor', 'kelelahan', 'akan', 'mengakibatkan', 'hal', 'yang', 'tidak', 'sesuai', 'dan', 'ituwajarbisa', 'dimaklumi']",Positif
"['duh', 'sih', 'ganteng', 'keren', 'banget', 'smlm', 'mainy', 'yeeaayy', 'akhirny', 'bisa', 'poin']",Positif
"['bagaimana', 'paes', 'tidak', 'merasa', 'lebih', 'aman', 'kalau', 'trio', 'coba', 'ini', 'main', 'cara', 'mereka', 'pindah', 'dari', 'mode', 'menyerang', 'ke', 'bertahan', 'serapi', 'ini', 'bahrain', 'menyerang', 'dari', 'sayap', 'kanan', 'mereka', 'langsung', 'on', 'position', 'ridho', 'ngejar', 'jay', 'intercept', 'kalau', 'jay', 'gagal', 'justin', 'sudah', 'standby']",Positif
"['untuk', 'urusan', 'sepak', 'bola', 'indonesia', 'saat', 'ini', 'sedang', 'bersuka', 'cita', 'berkat', 'kemenangan', 'atas', 'bahrain', 'semalam', 'untuk', 'urusan', 'politik', 'dan', 'ekonomi', 'indonesia', 'saat', 'ini', 'masih', 'dalam', 'keadaan', 'gelap', 'garagara', 'dan', 'danantara']",Positif
"['good', 'job', 'timnas', 'indonesia', 'semoga', 'tuhan', 'berkehendak']",Positif
"['terima', 'kasih', 'untuk', 'perjuangan', 'tak', 'kenal', 'lelahnya', 'rizky', 'ridho', 'terima', 'kasih', 'persija', 'jakarta', 'sudah', 'menyumbang', 'pemain', 'hebat', 'sekelas', 'rizky', 'ridho', 'untuk', 'timnas']",Positif
"['yang', 'lelah', 'biarlah', 'menepi', 'yang', 'cinta', 'tetaplah', 'berdiri']",Positif
"['pssi', 'sudah', 'benar', 'mengambil', 'tindakan', 'dengan', 'mengganti', 'pelatih']",Positif
"['terima', 'kasih', 'atas', 'kerja', 'kerasnya', 'untuk', 'para', 'pemain']",Positif
"['pemain', 'eropa', 'khususnya', 'verdonk', 'yang', 'selalu', 'lari', 'walaupun', 'sudah', 'capek']",Positif
"['sosok', 'yang', 'sangat', 'penting', 'menurut', 'admin', 'dalam', 'pertandingan', 'tadi', 'malam', 'joey', 'pelupessy', 'duetnya', 'dengan', 'thom', 'haye', 'dilini', 'tengah', 'membuat', 'lini', 'tengah', 'sangat', 'balance', 'dari', 'transisi', 'menyerang', 'ke', 'bertahan', 'atau', 'sebaliknya']",Positif
"['lebaran', 'full', 'senyum', 'om', 'semua', 'bwgembira', 'alhamdulilah']",Positif
"['belum', 'sih', 'dia', 'ini', 'tipikal', 'versi', 'bagusnya', 'struick', 'yang', 'aslinya', 'memang', 'winger', 'hanya', 'saja', 'dia', 'bisa', 'jadi', 'penyerang', 'tengah', 'yang', 'cukup', 'lumayan', 'timnas', 'masih', 'butuh', 'penyerang', 'tengah', 'yang', 'kuat', 'kokoh', 'dan', 'haus', 'gol']",Positif
"['selamat', 'ya']",Positif
"['memang', 'begini', 'seharusnya', 'indonesia']",Positif
"['keren', 'banget', 'woy']",Positif
"['mimpi', 'yang', 'jadi', 'kenyataan']",Positif
"['alhamdulillah', 'selamat', 'istirahat', 'timnas', 'dan', 'official']",Positif
"['alhamdulillah', 'selamat', 'istirahat', 'semuanya']",Positif
"['alhamdulillah', 'selamat', 'istirahattt']",Positif
"['gapapa', 'kalah', 'lawan', 'jepang', 'sudah', 'faktanya', 'jepang', 'di', 'atas', 'indonesia', 'hanya', 'saja', 'kita', 'perlu', 'ambil', 'pelajaran', 'penuh', 'semangat', 'garuda']",Positif
"['alhamdulillah', 'menang']",Positif
"['ya', 'iyalah', 'bangga', 'itu', 'kan', 'artinya', 'sebuah', 'perasaan', 'dalam', 'hati', 'akan', 'sesuatu', 'yang', 'membuat', 'terkesima', 'itu', 'bangga', 'bangga', 'sama', 'timnas', 'saat', 'ini', 'ya', 'karena', 'prestasi', 'yang', 'diraih', 'timnas', 'yang', 'dulu', 'memang', 'tidak', 'buat', 'bangga', 'karena', 'tidak', 'ada', 'pencapaian', 'yang', 'membuat', 'terkesima', 'paham', 'hehehee']",Positif
"['tetap', 'dukung', 'dan', 'menikmati', 'kemenangan']",Positif
"['semangat', 'tam', 'buktikan', 'terus']",Positif
"['mutiara', 'dari', 'ufuk', 'timur', 'indonesia', 'menerjang', 'bagai', 'ombak', 'dan', 'meliukliuk', 'bagaikan', 'arus', 'sungai', 'yang', 'deras', 'maju', 'terus', 'terbangkan', 'setinggitingginya', 'garuda', 'kita', 'all', 'for', 'one', 'one', 'for', 'all']",Positif
"['abang', 'verdonk', 'kualitas', 'grade', 'a', 'mantap']",Positif
"['di', 'rikcy', 'kambuaya', 'mutiara', 'dari', 'ufuk', 'timur', 'indonesia', 'mendapatkan', 'apresiasi', 'dari', 'pelatih', 'atas', 'totalitas', 'dalam', 'bermain', 'melawan', 'china', 'maju', 'terus', 'terbangkan', 'setinggitingginya', 'garuda', 'kita', 'tidak', 'ada', 'yang', 'mustahil', 'pasti', 'bisa']",Positif
"['tetap', 'dukung']",Positif
"['dari', 'sabang', 'sampai', 'merauke', 'kita', 'semua', 'bersatu', 'dukung', 'garuda', 'saat', 'bermain', 'di', 'lapangan', 'rasa', 'cinta', 'tanah', 'air', 'makin', 'membara']",Positif
"['alhamdulillah', 'karena', 'beckham', 'yang', 'awalnya', 'timnas', 'persib', 'jadi', 'timnas', 'indonesia', 'bersatu', 'untuk', 'indonesia', 'good', 'luck', 'timnas', 'indonesia', 'amp', 'sepak', 'bola', 'indonesia']",Positif
"['selamat', 'indonesia', 'masuk', 'round', 'worldcup', 'qualifiers', 'terima', 'kasih', 'semua', 'pemain', 'staff', 'pelatih', 'dan', 'manajerial', 'keep', 'going', 'mudahmudahan', 'dapat', 'bonus', 'prestasi', 'lagi', 'saat', 'lawan', 'jepang', 'amin', 'lolos', 'piala', 'dunia']",Positif
"['ya', 'memang', 'indonesia']",Positif
"['iya', 'dong', 'tidak', 'ada', 'yang', 'tidak', 'siap', 'lebih', 'baik', 'mati', 'hancur', 'lebur', 'di', 'medan', 'pertempuran', 'dari', 'pada', 'mampus', 'diatas', 'tempat', 'tidur', 'gas', 'yuk', 'bisa']",Positif
"['abang', 'simpan', 'pemain', 'inti', 'saat', 'melawan', 'jepang', 'untuk', 'round', 'biarkan', 'pemain', 'pemain', 'baru', 'bermain', 'untuk', 'mencari', 'pengalaman', 'king', 'indonesia']",Positif
"['calvin', 'verdonk', 'harusnya', 'mvp', 'sih']",Positif
"['timnas', 'harus', 'menemukan', 'pemain', 'yang', 'lebih', 'baik', 'di', 'lini', 'depan']",Positif
"['sisi', 'positif', 'yang', 'sudah', 'terlihat', 'dari', 'coach', 'patrick', 'kluivert', 'adalah', 'keberanian', 'dia', 'mencadangkan', 'pemain', 'pemain', 'yang', 'sebelumnya', 'langganan', 'starting', 'line', 'up', 'nama', 'nama', 'seperti', 'sayuri', 'kambuaya', 'beckham', 'mendapatkan', 'kesempatan', 'bermain', 'yang', 'lebih']",Positif
"['waduh', 'respon', 'presiden', 'kita', 'sangat', 'antusias', 'dengan', 'kemenangan', 'timnas', 'kita', 'sampai', 'diundang', 'segala']",Positif
"['terima', 'kasih', 'atas', 'kemenangan', 'kalian', 'kalian', 'sudah', 'membuat', 'kami', 'senang', 'malam', 'ini']",Positif
['siaptempur'],Positif
"['demen', 'banget', 'lihat', 'loopy', 'joey', 'motong', 'bola', 'build', 'up', 'dari', 'pemain', 'cina', 'spontan', 'dan', 'sangarr', 'euyy']",Positif
"['masih', 'amaze', 'banget', 'sama', 'papi', 'emil', 'gila', 'nih', 'orang', 'gacor', 'banget', 'cuy']",Positif
"['pertama', 'tama', 'mau', 'bilang', 'terimakasih', 'ke', 'sudah', 'berjuang', 'melawan', 'cina', 'dan', 'mendapatkan', 'point', 'dan', 'berterimakasih', 'juga', 'kepada', 'presiden', 'yang', 'sudah', 'memberikan', 'apresiasi', 'kepada', 'perjuangan', 'atlet', 'negaranya', 'tetapi', 'sangat', 'disayangkan', 'saja', 'sikap', 'dari', 'seoarang', 'atlet']",Positif
"['garuda', 'terus', 'terbang', 'tinggi', 'bangga', 'berhasil', 'melaju', 'ke', 'babak', 'kualifikasi', 'piala', 'dunia', 'zona', 'asia', 'berikan', 'yang', 'terbaik', 'dan', 'wujudkan', 'mimpi', 'karena', 'sekarang', 'saatnya', 'timnas', 'garuda', 'mendunia']",Positif
"['tidak', 'sia', 'sia', 'naturalisasi', 'pemain', 'yang', 'bernama', 'verdonk']",Positif
"['semoga', 'masih', 'ada', 'ruang', 'untuk', 'terus', 'berkembang', 'amp', 'step', 'up', 'di', 'laga', 'laga', 'besar', 'kedepan']",Positif
"['srigala', 'sananta', 'coook']",Positif
"['ayo', 'pak', 'erick', 'cari', 'lagi', 'buat', 'pengganti', 'ole', 'di', 'lini', 'depan']",Positif
"['kambuaya', 'ini', 'strength', 'ya', 'dribble', 'kuat', 'amp', 'lengket', 'tapi', 'kadang', 'kelebihan', 'ini', 'jadi', 'kurang', 'optimal', 'karena', 'momen', 'yang', 'harus', 'ya', 'passing', 'dia', 'memilih', 'masih', 'dribble', 'decision', 'sehingga', 'momen', 'ya', 'jadi', 'hilang', 'sekarang', 'wah', 'gila', 'fisik', 'passing', 'dribble', 'improve']",Positif
"['menang', 'point', 'di', 'rayakan', 'pengorbanan', 'sapi', 'dan', 'kambing']",Positif
"['beruntung', 'timnas', 'punya', 'pemain', 'eropa', 'yang', 'berkelas']",Positif
"['mantaf', 'bermain', 'luwes', 'dan', 'menguasai', 'taktical', 'menyala', 'ricky']",Positif
"['tetap', 'rendah', 'hati', 'ya', 'para', 'pemain']",Positif
"['alhamdulillah', 'debut', 'yang', 'sangat', 'apik', 'dari', 'seorang', 'emil']",Positif
"['mulyadi', 'debut']",Positif
"['terima', 'kasih', 'sih', 'ini', 'osaka']",Positif
"['setiap', 'kali', 'menonton bareng', 'selalu', 'ada', 'best', 'part', 'ya', 'tersendiri']",Positif
"['aaakkk', 'semangat', 'kalian', 'yuk', 'bisa', 'yuk']",Positif
['terbaik'],Positif
"['gacor', 'kamu', 'pada']",Positif
"['tak', 'banyak', 'bicara', 'berliakliuk', 'di', 'atas', 'lapangan']",Positif
"['diakui', 'bukan', 'mengakui']",Positif
"['wm', 'ya', 'masih', 'enak', 'dilihat', 'tidak', 'kayak', 'dulu']",Positif
"['kambuaya', 'lebih', 'beruntung', 'daripada', 'boaz', 'dia', 'lahir', 'di', 'generasi', 'yang', 'tepat', 'saat', 'erick', 'thohir', 'menjabat', 'levelnya', 'memang', 'sama', 'dengan', 'pemain', 'diaspora']",Positif
"['kenapa', 'tidak', 'dari', 'dulu', 'dulu', 'tuh', 'joy', 'masuk', 'radarnya', 'tim', 'naturalisasi']",Positif
"['bintang', 'kita', 'malam', 'ini', 'dong', 'pastinya', 'kakak', 'kambuaya', 'kang', 'emil', 'ole', 'romeny', 'egy', 'mv']",Positif
"['emilll', 'min', 'baru', 'debut', 'sudah', 'ok', 'banget']",Positif
"['kasih', 'dia', 'waktu', 'di', 'championship', 'dia', 'akan', 'berkontribusi', 'besar']",Positif
"['etam', 'beckham', 'min', 'gacor', 'maennya']",Positif
"['luar', 'biasa', 'kakak', 'ricky', 'kambuaya', 'respect']",Positif
"['selebrasi', 'ole', 'romeny', 'laaah']",Positif
"['setiap', 'pemain', 'ada', 'kualitasnhya', 'masing', 'masing', 'saatnya', 'bilang', 'kelas', 'timnasku']",Positif
"['oh', 'ini', 'toh', 'yang', 'bikin', 'semalam', 'tidak', 'ada', 'bocil', 'bersuara', 'tak', 'merdu', 'pas', 'takbiran']",Positif
"['banyak', 'yang', 'tidak', 'percaya', 'bahwa', 'timnas', 'indonesia', 'sampai', 'di', 'titik', 'ini']",Positif
"['semoga', 'timnas', 'menang', 'di', 'pertandingan', 'selanjutnya']",Positif
"['pastinya', 'nomor', 'punggung', 'beckham', 'putra', 'debut', 'gemilang', 'banyak', 'assist', 'kece', 'selamat', 'menang', 'dan', 'lolos', 'ke', 'tahap', 'selanjutnya']",Positif
"['beckham', 'putra', 'mempertunjukkan', 'kualitas', 'yang', 'dia', 'punya', 'respect']",Positif
"['kita', 'bersyukur', 'kita', 'berhasil', 'perjalanan', 'masih', 'ada', 'tantangan', 'kita', 'harus', 'menang', 'lawan', 'jepang', 'tapi', 'insya', 'allah', 'siapa', 'tahu', 'kali', 'ini', 'kita', 'beruntung', 'bisa', 'masuk', 'piala', 'dunia', 'siapa', 'tahu', 'kata', 'prabowo']",Positif
"['keseruan', 'menonton', 'semalem', 'thanks', 'kado', 'lebarannya', 'bangga', 'banget', 'bisa', 'menonton', 'langsung', 'di', 'gbk', 'setelah', 'berbagai', 'drama', 'yang', 'terjadi', 'terbanglah', 'tinggi', 'garudaku', 'we', 'love', 'you', 'timnas', 'indonesia']",Positif
"['tidak', 'terbayang', 'sih', 'nanti', 'pas', 'di', 'pildun', 'ole', 'ngejebol', 'gawang', 'portugal', 'rizky', 'ridho', 'ngetekel', 'mbappe', 'verdonk', 'adu', 'sprint', 'sama', 'trent', 'alexander', 'arnold', 'aaahhh', 'sudah', 'tidak', 'sabar', 'wkwkwk']",Positif
"['beckham', 'putra', 'performannya', 'sangat', 'baik', 'sebagai', 'debutan', 'dia', 'sangat', 'percaya', 'diri', 'mampu', 'menyatu', 'dengan', 'tim', 'beberapa', 'kali', 'menyulitkan', 'lawan', 'andai', 'assistsnya', 'ke', 'kevin', 'diks', 'berbuah', 'gol', 'akan', 'jadi', 'debut', 'yang', 'fantastis']",Positif
"['pergerakan', 'kambuaya', 'kayak', 'belingham', 'coi', 'mobile', 'banget', 'dimana', 'mana', 'posisi', 'dia']",Positif
"['ricky', 'kambuaya', 'pergerakannya', 'sungguh', 'membuat', 'kocar', 'kacir', 'pemain', 'cina', 'sangat', 'powerfull', 'dan', 'sulit', 'dihentikan', 'bravo']",Positif
"['the', 'one', 'and', 'only', 'kakak', 'ricky', 'kambuaya', 'mainnya', 'sangat', 'taktis', 'pergerakan', 'tanpa', 'bolanya', 'juga', 'membahayakan', 'lawan', 'dimanapun', 'ditempatkan', 'selalu', 'amanah', 'dan', 'semalam', 'pergerakannya', 'membuahkan', 'pinalti']",Positif
"['peringkat', 'indonesia', 'naik', 'drastis', 'akibat', 'kemenangan', 'kali', 'berturut', 'turut', 'mantap']",Positif
"['alhamdulillah', 'kita', 'masih', 'round', 'kapan', 'lagi', 'coba']",Positif
"['gapapa', 'selagi', 'menang']",Positif
"['bahagianya', 'double', 'combo', 'banget', 'ini', 'timnas', 'indonesia', 'menang', 'dan', 'hari', 'ini', 'merayakan', 'idul', 'adha', 'juga', 'bersama', 'keluarga', 'long', 'weekend', 'lagi', 'lalu', 'bisa', 'menyaksikan', 'momen', 'shanna', 'shannon', 'membawakan', 'tanah', 'airku', 'langsung', 'dari', 'stadion', 'gbk']",Positif
"['pintar', 'yeu', 'coach', 'patrick', 'ngasupken', 'sih', 'etamm', 'nu', 'gincer', 'pertengahan', 'babak', 'kadua', 'dimana', 'kondisi', 'fisik', 'lawan', 'ges', 'capek']",Positif
"['ricky', 'kambuaya', 'semangat', 'membara']",Positif
"['baleni', 'mas', 'ketumu', 'penceng']",Positif
"['suka', 'tidak', 'suka', 'cara', 'main', 'yang', 'sekarang', 'lebih', 'bervariasi', 'dan', 'lebih', 'berani', 'akurasi', 'passing', 'juga', 'tinggi', 'pemainnya', 'lebih', 'beragam', 'dibandingkan', 'pelatih', 'yang', 'sebelumnya', 'itu', 'fakta', 'yang', 'ada', 'saat', 'ini', 'yang', 'kemarin', 'hujat', 'tim', 'kepelatihan', 'berani', 'meminta', 'maaf', 'tidak']",Positif
"['yang', 'semalem', 'menonton', 'dan', 'terkagum', 'lihat', 'skill', 'ricky', 'kambuaya', 'amp', 'yakob', 'sayuri', 'nih', 'lihat', 'pulau', 'mereka', 'mau', 'diancurin', 'pemerintah', 'lo', 'dari', 'food', 'estate', 'sampai', 'tambang', 'nikel', 'emas', 'sementara', 'sodara', 'mereka', 'dituduh', 'opm', 'dan', 'dibunuhin', 'tni']",Positif
"['sudah', 'tidak', 'membaca', 'hujatan', 'dan', 'pengusiran', 'ke', 'atau', 'naiknya', 'tagar', 'dari', 'sejak', 'lawan', 'australia', 'permainan', 'timnas', 'itu', 'berubah', 'dari', 'segi', 'akurasi', 'passingnya', 'yang', 'di', 'lebih', 'agresif', 'baru', 'kemarin', 'yang', 'belum', 'pernah', 'masuk', 'pildun', 'bisa', 'menekan']",Positif
"['menonton bareng', 'keliling', 'sambil', 'takbiran', 'definisi', 'balance', 'dunia', 'akhirat', 'sumber', 'akmal']",Positif
"['one', 'and', 'only', 'kakak', 'kambuaya']",Positif
"['beckham', 'putra', 'pemain', 'muda', 'yang', 'baru', 'masuk', 'skuad', 'timnas', 'senior', 'tapi', 'langsung', 'bisa', 'nunjukin', 'kemampuannya', 'replica', 'jersey', 'away']",Positif
"['menjaga', 'asa', 'menuju', 'piala', 'dunia', 'hal', 'yang', 'tidak', 'pernah', 'terpikirkan', 'sebelumnya', 'selamat', 'timnas', 'selamat', 'untuk', 'seluruh', 'pegiat', 'sepakbola', 'yang', 'tidak', 'lelahnya', 'membangun', 'sepakbola', 'dari', 'akar', 'rumput', 'sok', 'proud']",Positif
"['matahari', 'hari', 'ini', 'tidak usah', 'terbit', 'biarkan', 'king', 'indonesia', 'yang', 'menyinari', 'dunia']",Positif
"['selamat', 'lolos', 'ke', 'babak', 'kualifikasi', 'semoga', 'lanjut', 'sukses', 'amp', 'kita', 'bisa', 'lolos', 'ke', 'piala', 'dunia']",Positif
"['naik', 'kelas', 'patut', 'kita', 'banggakan', 'dan', 'rayakan', 'sambil', 'tetap', 'fokus', 'mengembangkan', 'hal', 'penting', 'seperti', 'liga', 'dan', 'kompetisi', 'di', 'bawah', 'umur', 'timnas', 'menang', 'kerjasekolah', 'pun', 'full', 'senyum']",Positif
"['gol', 'pertama', 'dan', 'satusatunya', 'di', 'pertandingan', 'ini', 'dihasilkan', 'berkat', 'usaha', 'ricky', 'kambuaya', 'yang', 'mencoba', 'menyisir', 'di', 'kotak', 'penalty', 'china', 'kakinya', 'digaet', 'pemain', 'china', 'dan', 'berbuah', 'penalty', 'untuk', 'ricky', 'dan', 'ole', 'pencetak', 'gola', 'sedang', 'onfire', 'di', 'laga', 'ini']",Positif
"['positive', 'vibes', 'banget', 'sih', 'etam', 'semoga', 'tetap', 'fokus', 'dan', 'tetap', 'kerja', 'keras', 'ya', 'tam']",Positif
"['seluruh', 'indonesia', 'di', 'prank', 'oleh', 'abang', 'jay', 'kira', 'mau', 'tendang', 'penalti', 'ternyata', 'tetiba', 'sih', 'ole', 'keren', 'candaannya']",Positif
"['ini', 'lah', 'yang', 'dibutuhkan', 'indonesia', 'kapten', 'yang', 'cerdik']",Positif
"['sehat', 'terus', 'bro', 'perjuangan', 'masih', 'panjang']",Positif
"['tengs', 'ya', 'garudakauu', 'hari', 'ini', 'daging', 'kambing', 'ku', 'rasa', 'wagyu', 'a']",Positif
"['coba', 'dari', 'tahun', 'lalu', 'kita', 'punya', 'dia', 'but', 'next', 'kita', 'punya', 'ivar', 'mudahan', 'ivar', 'mau', 'belajar', 'dari', 'beliau', 'buat', 'jadi', 'next', 'jangkar']",Positif
"['mulyadi', 'keren', 'banget', 'penyelamatan', 'gawang', 'ya']",Positif
"['sejarah', 'baru', 'tercipta', 'lolos', 'ke', 'putaran', 'keempat', 'kualifikasi', 'tidak', 'cuma', 'mimpi', 'ini', 'bukti', 'garuda', 'terbang', 'lebih', 'tinggi']",Positif
"['asa', 'lolos', 'piala', 'dunia', 'kanada', 'tetap', 'terjaga', 'kemenangan', 'atas', 'cina', 'memastikan', 'timnas', 'indonesia', 'lolos', 'kualifikasi', 'ronde', 'di', 'qatar', 'amp', 'arab', 'saudi', 'kita', 'nikmati', 'euforia', 'ini', 'naik', 'peringkat', 'fifa', 'sebelum', 'ke', 'jepang', 'serta', 'hadapi', 'tim', 'jazirah', 'arab']",Positif
"['masih', 'terkesima', 'sama', 'penampilan', 'kambuaya']",Positif
"['semalem', 'pas', 'eksekusi', 'pinalty', 'olenya', 'tenang', 'banget', 'dibalik', 'tenangnya', 'ole', 'dia', 'tidak tau', 'hati', 'gua', 'yang', 'gejedug', 'gejeder']",Positif
"['striker', 'yang', 'kita', 'butuhkan', 'selama', 'ini', 'ole', 'romeny', 'sang', 'pecetak', 'gol']",Positif
"['amin', 'yuk', 'bisa', 'yuk']",Positif
"['tapi', 'emil', 'audero', 'juga', 'patut', 'well', 'deserved', 'menurut', 'gue']",Positif
"['harusnya', 'bisa', 'menang', 'dengan', 'skor', 'yang', 'lebih', 'meyakinkan', 'sih', 'tapi', 'yaudah', 'gapapa', 'yang', 'terpenting', 'poin', 'di', 'laga', 'kandang', 'terakhir']",Positif
"['oke', 'abang', 'emil', 'gue', 'salut', 'respect', 'sama', 'ente', 'but', 'kagak', 'sama', 'bokap', 'ente', 'siap', 'digeruduk']",Positif
"['selamat', 'menikmati', 'point', 'dan', 'menikmati', 'daging', 'qurban']",Positif
"['merayakan', 'kemenangan']",Positif
"['mantap', 'kita', 'lolos', 'rounde', 'ke']",Positif
"['peran', 'penting', 'dalam', 'ya', 'dipegang', 'dia', 'tidak', 'ke', 'highlight', 'karena', 'tidak', 'lama', 'pegang', 'bola', 'tidak', 'banyak', 'atraksi', 'tapi', 'sejak', 'dia', 'datang', 'lini', 'tengah', 'jadi', 'pertahanan', 'awal', 'saat', 'lawan', 'menyerang', 'juga', 'jadi', 'awal', 'build', 'up', 'saat', 'menyerang', 'joey', 'pelupessy', 'real', 'mvp']",Positif
"['selamat', 'idul', 'adha', 'temanteman', 'online', 'selamat', 'juga', 'merayakan', 'kemenangan', 'semalam']",Positif
"['mau', 'lewat', 'mana', 'mau', 'siapa', 'lawan', 'ya', 'mau', 'bagaimana', 'tugas', 'kalian', 'hanya', 'lah', 'bermain', 'amp', 'menang', 'sisanya', 'biar', 'kami', 'yang', 'urus', 'ya', 'sisanya', 'kami', 'yang', 'urus', 'be', 'kind', 'be', 'humble', 'keep', 'pushing', 'lads', 'vamos', 'siempre']",Positif
"['tidak', 'berandaiandai', 'selamat']",Positif
"['ole', 'striker', 'yang', 'sangat', 'haus', 'gol']",Positif
"['kelas', 'bro', 'berani', 'maju', 'buat', 'memetik', 'bola', 'di', 'udara']",Positif
"['alhmudulilah', 'lolos', 'lakah', 'lagi', 'ke', 'piala', 'dunia']",Positif
"['sejarah', 'indonesia', 'pertama', 'kali', 'menginjak', 'ke', 'round']",Positif
"['setelah', 'menonton', 'timnas', 'menang', 'besok', 'idul', 'adha', 'full', 'senyum']",Positif
"['tidak', 'masalahin', 'biasa', 'saja', 'atau', 'dean', 'james', 'tapi', 'bawa', 'profesi', 'begini', 'cuma', 'orang', 'yang', 'lebih', 'rendah', 'dari', 'sampah', 'tidak', 'pernah', 'dididik', 'dengan', 'baik', 'oleh', 'orangtuanya']",Positif
"['match', 'goal', 'dengan', 'permainan', 'secakep', 'itu', 'keren', 'banget', 'kamu', 'ole']",Positif
"['gue', 'tidak', 'pernah', 'mengikuti', 'dia', 'sebelumnya', 'jadi', 'tidak', 'paham', 'kenapa', 'orangorang', 'pada', 'underestimate', 'tapi', 'dia', 'cukup', 'bagus', 'kok', 'di', 'debutnya', 'ini', 'cuma', 'yang', 'menarik', 'perhatian', 'gue', 'banget', 'adalah', 'dia', 'jadi', 'kelihatan', 'banget', 'kalau', 'dibanding', 'dengan', 'pemain', 'kita', 'lainnya', 'jadi', 'kelihatan', 'kayak', 'rapuh']",Positif
"['selamat', 'terima kasih', 'om', 'ole', 'juni', 'nanti', 'kita', 'pasti', 'menang']",Positif
"['ayo', 'timnas', 'indonesia', 'bisa', 'kalahkan', 'cina', 'buka', 'peluang', 'lolos', 'piala', 'dunia', 'sekaligus', 'hapus', 'kutukan', 'tahun', 'tidak', 'pernah', 'atas', 'cina']",Positif
"['tinggal', 'mencari', 'pelapis', 'nih', 'buat', 'ole', 'dia', 'sudah', 'sangat', 'bagus']",Positif
"['pakai', 'membuktikan', 'kalau', 'dia', 'punya', 'kualitas']",Positif
"['menikmati', 'sudah', 'laga', 'lawan', 'jepang']",Positif
"['muka', 'coach', 'pakai', 'sekarang', 'sudah', 'lebih', 'glowing', 'daripada', 'pas', 'baru', 'dikontrak', 'ya', 'terus', 'juga', 'yang', 'gue', 'perhatikan', 'adalah', 'akhirnya', 'dia', 'menurunkan', 'egonya', 'dan', 'melepas', 'formal', 'attirenya', 'dan', 'ganti', 'ke', 'kaos', 'berkerah', 'ini', 'lagian', 'kata', 'gue', 'mah', 'pakai', 'jersey', 'saja', 'sih', 'kalau', 'di', 'lapangan']",Positif
"['indonesia', 'tidur', 'nyenyak', 'dan', 'bahagia', 'hahaha', 'terimakasih', 'timnas', 'indonesia']",Positif
"['kakak', 'ricky', 'emas', 'dari', 'timur']",Positif
"['setenang', 'itu', 'anjir', 'oleee']",Positif
"['abang', 'etam', 'memperbaiki', 'clearence', 'defendingnya', 'ya']",Positif
"['sang', 'gladiator', 'verdonk']",Positif
"['muslimin', 'dan', 'muslimah', 'yang', 'berbahagia', 'benar', 'benar', 'tidak', 'berenti', 'senyum', 'wakakakak', 'thx', 'ya', 'guys']",Positif
"['alhamdulillah', 'vamooos']",Positif
"['ini', 'juga', 'kasih', 'kesempatan', 'emil', 'line', 'up', 'lagi', 'vs', 'jepang', 'mungkin', 'tadi', 'baru', 'pertama', 'debut', 'agak', 'gregetan']",Positif
"['lawan', 'jepang', 'mees', 'kudu', 'main', 'sih', 'biar', 'dapat', 'chemistry', 'juga', 'sama', 'bek', 'lainya']",Positif
"['itu', 'wajib', 'mengapresiasi', 'penunjuk', 'petrik', 'tapi', 'yang', 'lebih', 'penting', 'kita', 'harus', 'sangat', 'mengapresiasi', 'langkah', 'untuk', 'memecat', 'sintaeyong', 'bravo']",Positif
"['haye', 'palupesy', 'kambuaya', 'cosplay', 'jadi', 'pirlo', 'rui', 'costa', 'kakak', 'suog', 'keren', 'trio', 'midfielder', 'ini']",Positif
"['save', 'bagus', 'di', 'awal', 'babak', 'mainnya', 'lebih', 'tenang', 'di', 'babak', 'ke', 'dibanding', 'babak', 'bikin', 'degan']",Positif
"['mengamankan', 'peluang', 'lolos']",Positif
"['selamat', 'untuk', 'garuda', 'yang', 'telah', 'memperoleh', 'point', 'malam', 'ini']",Positif
"['congratulation', 'indonesia', 'ku']",Positif
"['mantap', 'lanjutkan', 'indonesiaku']",Positif
"['bheckam', 'sangat', 'layak']",Positif
"['kasih', 'paham', 'abang', 'ole']",Positif
"['mantap', 'timnas']",Positif
['kelass'],Positif
"['alhamdulillah', 'lolos', 'ke', 'round', 'takbir', 'allahuakbarrr', 'terima', 'kasih', 'timnas']",Positif
"['menang', 'ya', 'allahu', 'akbar', 'alhamdulillah', 'congratulations', 'garuda', 'team', 'proud', 'of', 'you']",Positif
"['terimakasih', 'bismillah', 'kita', 'bisa', 'melaju', 'ke', 'piala', 'dunia']",Positif
"['perjuangan', 'masih', 'berlanjut', 'semangat', 'tim', 'garuda']",Positif
"['abang', 'abangan', 'timnas', 'ngeri', 'ui', 'permainannya']",Positif
"['round', 'kami', 'datang', 'yuhu']",Positif
"['alhamdulillah', 'semoga', 'di', 'round', 'bisa', 'lolos']",Positif
"['pemain', 'yang', 'tersorot', 'dan', 'kontruksinya', 'baik', 'banget', 'olle', 'egy', 'kambuaya', 'verdonk', 'haye', 'babak', 'beckham', 'amp', 'diks']",Positif
"['gila', 'gila', 'menyala', 'indonesia']",Positif
"['memang', 'emil', 'debutnya', 'cantik', 'banget', 'selamat', 'ya', 'deserve', 'bantal', 'empuk', 'setiap', 'hari', 'bobo', 'tapi', 'kayanya', 'kalau', 'bantal', 'empuk', 'saja', 'dia', 'juga', 'tiap', 'hari', 'pasti', 'sudah', 'merasai', 'pokoknya', 'lope', 'lope', 'dakhhh']",Positif
"['alhamdulillah', 'walaupun', 'mainnya', 'biasa', 'saja', 'tapi', 'sungguh', 'bikin', 'bangga', 'karena', 'komposisi', 'pemain', 'dari', 'liga', 'lokal', 'lebih', 'banyak', 'dan', 'solid', 'terimakasih', 'seluruh', 'pemain', 'terimakasih', 'coach', 'patrick']",Positif
"['hadirin', 'sidang', 'jumat', 'dan', 'iedul', 'adha', 'yang', 'berbahagia', 'round', 'world', 'cup', 'thank']",Positif
"['saran', 'saja', 'untuk', 'pakai', 'fisik', 'pemain', 'harus', 'di', 'up', 'lagi', 'biar', 'tidak', 'kalah', 'body', 'sama', 'pemain', 'lawan']",Positif
"['catatan', 'untuk', 'coach', 'patrick', 'kluivert', 'patrickkluivert', 'anda', 'patut', 'mendapatkan', 'apresiasi', 'tersendiri', 'berani', 'kolaborasikan', 'lebih', 'antara', 'lokal', 'dan', 'diaspora', 'juga', 'berani', 'cadangkan', 'mees', 'hilgers', 'dan', 'kevin', 'diks', 'coach', 'patrick', 'tahu', 'kebutuhan', 'tim', 'selamat']",Positif
"['sangat', 'menyala', 'garudaku']",Positif
"['selamat', 'untuk', 'garuda', 'semoga', 'konsisten', 'dan', 'melaju', 'ke', 'piala', 'dunia']",Positif
"['alhamdulillah', 'good', 'job']",Positif
"['semoga', 'tahun', 'depan', 'timnas', 'kami', 'indonesia', 'ada', 'di', 'kompetisi', 'world', 'cup']",Positif
"['setujuu', 'sih', 'bnayak', 'banget', 'peluang', 'dia', 'pliss']",Positif
"['kita', 'tidak', 'butuh', 'ujung', 'tombak', 'murni', 'atau', 'striker', 'handal', 'kita', 'butuh', 'kesatuan', 'dan', 'persatuan', 'tim', 'dimana', 'ada', 'kesempatan', 'terjadinya', 'gol', 'maka', 'siapapun', 'bisa', 'mencetaknya', 'layaknya', 'permainan', 'total', 'football', 'belanda']",Positif
"['keren', 'brooo', 'asli']",Positif
"['jujur', 'saja', 'gue', 'sempat', 'underestimate', 'sama', 'nih', 'orang', 'and', 'i', 'was', 'wrong', 'mental', 'kamu', 'keren', 'good', 'job', 'bro']",Positif
"['terima kasih', 'kuch', 'el', 'bintang', 'laut']",Positif
"['permainan', 'begini', 'yang', 'sangat', 'diharapkan']",Positif
"['sepakbola', 'seperti', 'ini', 'yang', 'kita', 'harapkan', 'tidak', 'hanya', 'modal', 'petarung', 'dilapangan', 'melainkan', 'berani', 'mengkreasikan', 'bola', 'layaknya', 'pemenang', 'disetiap', 'pertandingan', 'win', 'for', 'us']",Positif
"['semoga', 'terus', 'berkembang', 'hanya', 'yang', 'bisa', 'mempersatukan', 'bola']",Positif
"['mantablah', 'selamat']",Positif
"['sebelumnya', 'gua', 'meragukan', 'ini', 'orang', 'tapi', 'setelah', 'menit', 'tadi', 'dia', 'layak', 'masuk', 'ke', 'skuad', 'timnas', 'sekarang', 'out', 'game', 'dia', 'juga', 'bagus', 'gampang', 'berbaur']",Positif
"['indonesia', 'sudah', 'dipastikan', 'untuk', 'lanjut', 'ke', 'round', 'terima', 'kasih', 'garuda']",Positif
"['alhamdulillah', 'timnas', 'kita', 'melaju', 'ke', 'round']",Positif
"['sedang', 'latihan', 'merayakan', 'juara', 'pildun', 'dun', 'dun', 'dun']",Positif
"['sah', 'assalamualaikum', 'round']",Positif
"['waduh', 'sebenarnya', 'banyak', 'banget', 'peluang', 'tapi', 'gapapa', 'tetap', 'point', 'malam', 'ini']",Positif
"['menyenangkan', 'banget', 'lihatnya']",Positif
"['tidak', 'sia', 'sia', 'emil', 'gabung', 'ke', 'timnas', 'indonesia']",Positif
"['selamat', 'atas', 'kemenangan', 'vs', 'china', 'tetap', 'semangat', 'menuju', 'kemenangan', 'atas', 'china', 'ini', 'kita', 'harapkan', 'dapat', 'sebagai', 'modal', 'kepercayaan', 'diri', 'untuk', 'melawan', 'jepang', 'juni', 'bravo']",Positif
"['bagus', 'banget', 'finishing', 'dari', 'seorang', 'ole', 'romeny']",Positif
"['alhamdullilah', 'terimakasih', 'ya', 'allah']",Positif
"['memang', 'ole', 'gacor', 'sekali', 'malam', 'ini', 'timnas', 'garuda', 'amankan', 'tiga', 'poin', 'dan', 'lolos', 'round', 'ke']",Positif
"['setelah', 'thom', 'haye', 'potong', 'rambut', 'dia', 'seperti', 'prime', 'ya', 'dulu']",Positif
"['selamat', 'datang', 'di', 'round', 'king']",Positif
"['keren', 'kang', 'emil', 'btw', 'alisnya', 'bagus', 'pisan']",Positif
"['pemain', 'yang', 'tidak', 'pernah', 'masuk', 'timnas', 'dan', 'sudah', 'lama', 'tidak', 'masuk', 'timnas', 'akhirnya', 'dipanggil', 'dan', 'lumayan', 'perform', 'macam', 'egy', 'kambuaya', 'bekam', 'sayuri', 'lilipaly', 'sananta', 'keren', 'kluivert', 'match', 'win', 'round', 'semoga', 'lawan', 'uaeampoman']",Positif
"['orang', 'ini', 'yang', 'diharapkan', 'dari', 'dulu', 'dari', 'dia', 'muda', 'akhirnya', 'debut', 'juga']",Positif
"['menyala', 'ole', 'romeny', 'goal']",Positif
"['lanjutkan', 'perjuangan', 'kalian', 'tetap', 'semangat']",Positif
"['alhamdulillah', 'lolos', 'ke', 'ronde']",Positif
"['aaa', 'sampai', 'habis', 'suara', 'gue', 'tadi', 'menonton', 'langsung', 'di', 'gbk']",Positif
"['malam', 'ini', 'seru', 'sekali', 'terima kasih', 'terima kasih']",Positif
"['anjay', 'keren']",Positif
"['mau', 'diomongin', 'dicuekin', 'pun', 'bakal', 'budeg', 'tidak tau', 'soalnya', 'fokus', 'ke', 'assalamualaikum']",Positif
"['cukup', 'drachin', 'yang', 'meracuni', 'indonesia', 'soal', 'bola', 'timnas', 'lebih', 'unggul']",Positif
"['oleeoleoleoleole', 'gol', 'gpppenting', 'menang', 'padahal', 'harusnya', 'lebih']",Positif
"['selamat', 'atas', 'debut', 'mu', 'abang', 'emil', 'sumringah', 'sekali', 'after', 'match']",Positif
"['tenang', 'banget', 'besok']",Positif
"['alhamdulilah', 'semangat', 'terus']",Positif
"['akhirnya', 'coach', 'patrick', 'memenuhi', 'janjinya', 'untuk', 'kasih', 'poin', 'di', 'laga', 'kandang', 'terakhir', 'ronde', 'ke', 'kualifikasi', 'piala', 'dunia', 'kali', 'ini']",Positif
"['nyelamatin', 'indonesia', 'dan', 'nama', 'bapa', 'mulyadi']",Positif
"['prof', 'toha', 'rambut', 'klimis', 'kayak', 'bukan', 'orang', 'bule', 'anjir']",Positif
"['kita', 'diakui', 'pernah', 'masuk', 'pildun', 'monanges']",Positif
"['tadi', 'pas', 'menonton bareng', 'merinding', 'banget', 'pada', 'neriakin', 'kamu', 'tam', 'bangga']",Positif
"['terima', 'kasih', 'coach', 'patrick', 'mari', 'tuntaskan', 'away', 'ke', 'jepang', 'raih', 'poin', 'terakhir']",Positif
"['penyelamatan', 'berkelas', 'dunia', 'dari', 'kang', 'emil']",Positif
"['keren', 'banget', 'ole']",Positif
"['terima', 'kasih', 'ole']",Positif
"['terima kasih', 'banyak', 'ya', 'ole', 'sudah', 'kasih', 'kebahagiaan', 'buat', 'masyarakat', 'di', 'negara', 'bobrok', 'ini']",Positif
"['alhamdulillah', 'menang', 'cokkk', 'bangga', 'banget', 'sama', 'timnas', 'yang', 'sekarang']",Positif
"['ada', 'momen', 'pas', 'cina', 'shoot', 'dari', 'luar', 'kotak', 'pinalti', 'dan', 'emil', 'audero', 'bisa', 'nepis', 'itu', 'keren', 'banget', 'sih', 'kalau', 'sekelas', 'kiper', 'indonesia', 'pasti', 'sudah', 'gol']",Positif
"['gila', 'gila', 'bangga', 'banget']",Positif
"['makasihhh', 'emill']",Positif
"['idul', 'adha', 'full', 'senyum', 'makan', 'rendang', 'sama', 'menikmati', 'kemenangan', 'timnas', 'indonesia']",Positif
"['indonesia', 'menang', 'mantap']",Positif
"['sang', 'profesor', 'thom', 'haye', 'yang', 'sangat', 'apik', 'di', 'lini', 'tengah']",Positif
"['kelas', 'abang', 'emil']",Positif
"['berasa', 'lihat', 'ole', 'dikukusan', 'dimsum', 'btw', 'proud', 'of', 'you', 'garuda']",Positif
"['terima kasih', 'garuda', 'lebaran', 'full', 'senyum']",Positif
"['selamat', 'indonesia', 'selamat', 'garuda']",Positif
"['sampai', 'babak', 'pertama', 'selesai', 'kedudukan', 'masih', 'tetap', 'yang', 'artinya', 'masuk', 'keputusan', 'ke']",Positif
"['enaknya', 'punya', 'pemain', 'jago', 'jago', 'semua', 'paes', 'absen', 'ada', 'emil']",Positif
"['gas', 'terus', 'memang', 'etamm']",Positif
"['congrats', 'jamaah', 'full', 'senyum', 'inimah']",Positif
"['kelas', 'dan', 'selamat']",Positif
"['terima', 'kasih', 'sudah', 'menjaga', 'gawang', 'indonesia', 'meski', 'awalnya', 'bikin', 'mules', 'saja', 'lo', 'mil']",Positif
"['allhamdulilah', 'point', 'for', 'indonesia']",Positif
"['mantap', 'point', 'lagi']",Positif
"['memang', 'sudah', 'beda', 'kualitas', 'sama', 'china', 'yang', 'cuman', 'ngandalin', 'serangan', 'balik']",Positif
"['daging', 'gue', 'rasa', 'surga', 'banget', 'yaallah', 'besok']",Positif
"['benteng', 'pertahanan', 'indonesia', 'sangat', 'solid']",Positif
"['match', 'selanjutnya', 'harus', 'lebih', 'baik', 'tetap', 'semangat']",Positif
"['alhamdulillah', 'menang', 'deg', 'deg', 'an', 'selama', 'menonton', 'pertandingan']",Positif
"['rasa', 'daging', 'otw', 'gurihh']",Positif
"['pemain', 'liga', 'meledak', 'ridho', 'etam', 'sayuri', 'ricky', 'egi', 'lilipaly', 'sayang', 'menitnya', 'lebih', 'sedikit']",Positif
"['china', 'bawa', 'tembok', 'kita', 'bawa', 'gatot', 'kaca', 'bagaimana', 'tidak', 'roboh', 'coba']",Positif
"['mamang', 'etam', 'sejenak', 'mengobok', 'obok', 'cina']",Positif
"['keren', 'kamu', 'mulyadi']",Positif
"['gacor', 'main', 'pula', 'gol', 'ya']",Positif
"['terima', 'kasih', 'bheckam', 'kamu', 'telah', 'menunjukkan', 'peforma', 'terbaik', 'malam', 'ini']",Positif
"['etam', 'tidak', 'takut', 'sama', 'pesaing', 'diaspora', 'kelas']",Positif
"['waktunya', 'recall', 'recall', 'keren', 'king', 'indoo']",Positif
"['yeaaahhh', 'ini', 'kandang', 'garuda']",Positif
"['terimakasih', 'telah', 'berjuang', 'untuk', 'negara', 'kita', 'ter', 'salam', 'hormat', 'kami', 'untuk', 'kalian', 'yang', 'berjuang', 'di', 'lapangan', 'membawa', 'harum', 'nama', 'pahlawan', 'sejati']",Positif
"['selamat', 'lebaran', 'tapi', 'all', 'garuda', 'fan']",Positif
"['garuda', 'perkasa', 'selamat', 'untuk', 'timnas', 'indonesia', 'yang', 'berhasil', 'menaklukkan', 'china', 'dengan', 'skor', 'tipis', 'tapi', 'penuh', 'makna', 'semangat', 'juang', 'tanpa', 'henti', 'kerja', 'keras', 'tanpa', 'lelah', 'terus', 'terbang', 'tinggi', 'garuda', 'kemenangan', 'ini', 'milik', 'kita', 'semua']",Positif
"['calvin', 'verdonk', 'masih', 'terkulai', 'karena', 'kram', 'tapi', 'happy', 'berat', 'terima', 'kasih', 'skuad', 'garuda', 'king', 'indonesia', 'kelas']",Positif
['gila'],Positif
"['kegembiraan', 'untuk', 'kita', 'semua']",Positif
"['semua', 'yang', 'terlibat', 'dan', 'berkerja', 'keras', 'untuk', 'timnas', 'luar', 'biasa']",Positif
"['tidak apa-apa', 'ya', 'mas', 'belum', 'bisa', 'debut', 'di', 'gbk', 'mudahmudahan', 'bisa', 'starter', 'lawan', 'raja', 'terakhir']",Positif
"['paling', 'bisa', 'membangkitkan', 'rasa', 'nasionalisme', 'tanah', 'air', 'menuju', 'round', 'tahu']",Positif
"['asa', 'terus', 'bertambah', 'goooalll', 'terimakasih']",Positif
"['rasa', 'daging', 'kambing', 'bakalan', 'empuk', 'banget', 'ini', 'mah']",Positif
"['good', 'job', 'kebanggaan', 'kita']",Positif
"['ya', 'tuhan', 'terimakasih']",Positif
"['indonesia', 'mendapatkan', 'point', 'melawan', 'bahrain', 'menyala', 'abangku']",Positif
"['eliano', 'jangan', 'kasih', 'kendor', 'tetap', 'optimis', 'menang', 'untuk', 'timnas', 'indonesia']",Positif
"['berjuanglah', 'dan', 'terus', 'semangat', 'eli', 'kami', 'bersama', 'mu']",Positif
"['opini', 'boleh', 'berbeda', 'kan', 'yang', 'jelas', 'lihat', 'main', 'sekeren', 'itu', 'walaupun', 'kalah', 'semoga', 'next', 'bisa', 'menang', 'ya']",Positif
"['besok', 'bahagia', 'ini', 'mah', 'malam', 'timnas', 'menang', 'besoknya', 'makan', 'daging']",Positif
"['saatnya', 'mengeluarkan', 'meme', 'kemenangan']",Positif
"['semoga', 'next', 'bisa', 'menang', 'ya', 'saya', 'cuma', 'senang', 'saja', 'lihat', 'permainan', 'kemarin', 'sore', 'sekeren', 'itu', 'sih']",Positif
"['next', 'game', 'harus', 'menang', 'lagi', 'biar', 'bisa', 'memastikan', 'ke', 'piala', 'dunia']",Positif
"['ya', 'sudah', 'jelas', 'kok', 'saya', 'bilang', 'senang', 'lihat', 'permainan', 'kemarin', 'sore', 'walaupun', 'kalah', 'semoga', 'next', 'bisa', 'menang', 'ya']",Positif
"['terharu', 'banget', 'coi', 'mewekk', 'dikit', 'selebihnya', 'full', 'senyum', 'daging', 'kurban', 'besok', 'akan', 'lebih', 'lezat', 'rasanya']",Positif
"['walaupun', 'tidak', 'dapat', 'point', 'tapi', 'memang', 'keren', 'banget', 'main', 'ya', 'semoga', 'next', 'bisa', 'dapatkan', 'point', 'maksimal', 'ya', 'buat']",Positif
"['iya', 'setuju', 'sekelas', 'australia', 'saja', 'bertahan', 'loh', 'mangkanya', 'senang', 'banget', 'lihat', 'permainan', 'walaupun', 'kalah', 'semoga', 'next', 'bisa', 'menang']",Positif
"['jangan', 'pada', 'sarkas', 'woi', 'kita', 'harus', 'dukung', 'timnas']",Positif
"['ya', 'senang', 'saja', 'lihat', 'main', 'seperti', 'itu', 'kemarin', 'sore', 'meskipun', 'kalah', 'semoga', 'next', 'bisa', 'menang', 'dan', 'lebih', 'keren', 'lagi']",Positif
"['dulu', 'tidak', 'lihat', 'yang', 'kita', 'kalah', 'skor', 'baru', 'lihat', 'yang', 'skor', 'saja', 'di', 'gbk', 'dan', 'tidak', 'tahu', 'senang', 'saja', 'lihat', 'permainan', 'kemarin', 'sore', 'dan', 'tampil', 'semoga', 'tampil', 'lebih', 'baik', 'saat', 'lawan', 'bahrain']",Positif
"['coach', 'baru', 'lebih', 'kenal', 'pemain']",Positif
"['dari', 'gol', 'ini', 'satunya', 'gol', 'yang', 'indah']",Positif
"['semangat', 'elii']",Positif
"['nasi', 'sudah', 'jadi', 'bubur', 'kluivert', 'sudah', 'dipilih', 'dukung', 'apapun', 'yang', 'terjadi', 'berharap', 'membaik', 'dan', 'kesempatan', 'lolos', 'piala', 'dunia', 'masih', 'luas', 'yuk', 'bisa', 'aamiinkan', 'yang', 'terbaik']",Positif
"['kita', 'balas', 'di', 'gbk']",Positif
"['indonesia', 'masih', 'berpeluang', 'lolos', 'piala', 'dunia', 'ayo', 'kita', 'terus', 'dukung', 'timnas', 'indonesia']",Positif
"['ayo', 'tetap', 'dukung', 'timnas', 'indonesia', 'indonesia', 'masih', 'berpeluang', 'lolos', 'piala', 'dunia']",Positif
"['siap', 'full', 'support', 'timnas', 'indonesia', 'di', 'gbk']",Positif
"['semoga', 'tambah', 'baik', 'timnasku']",Positif
"['tetap', 'dukung', 'timnas', 'indonesia', 'indonesia', 'masih', 'berpeluang', 'lolos', 'piala', 'dunia']",Positif
"['berkembanglah', 'dan', 'terus', 'berkembang']",Positif
"['kita', 'jadikan', 'pertandingan', 'australia', 'sebagai', 'bahan', 'evaluasi', 'untuk', 'pemain', 'dan', 'seluruh', 'staff', 'timnas', 'sekarang', 'kita', 'fokus', 'untuk', 'mendukung', 'timnas', 'melawan', 'bahrain']",Positif
"['sepak', 'bola', 'adalah', 'kerja', 'tim', 'dan', 'strategi', 'jadi', 'tanggung', 'jawab', 'pelatih', 'belajar', 'dari', 'kekalahan', 'timnas', 'indonesia', 'siap', 'bangkit', 'untuk', 'laga', 'selanjutnya']",Positif
"['ayo', 'timnas', 'indonesia', 'lupakan', 'kekalahan', 'dari', 'australia', 'we', 'will', 'always', 'support', 'timnas', 'indonesia', 'itu', 'hurts', 'but', 'heads', 'up', 'semangat', 'untuk', 'pertandingan', 'selanjutnya', 'comeback', 'stronger', 'jadikan', 'match', 'selanjutnya', 'lebih', 'baik', 'lagi', 'meraih', 'poin', 'bisa']",Positif
"['sudah', 'benar', 'kok', 'langkah', 'memberhentikan', 'dan', 'mengganti', 'pelatih', 'baru', 'untuk', 'masalahnya', 'adalah', 'kenapa', 'yang', 'ditunjuk', 'bukannya', 'pelatih', 'lain', 'yang', 'lebih', 'bagus', 'cvnya', 'itu', 'poinnya', 'dab']",Positif
"['tetap', 'semangat', 'timnas', 'terima', 'kasih', 'sudah', 'berjuang', 'dengan', 'gigih', 'hasil', 'di', 'sidney', 'bukan', 'kesalahan', 'kalian']",Positif
"['ayo', 'para', 'pemain', 'jangan', 'putus', 'asa', 'pertandingan', 'selanjutnya', 'optimis', 'menang', 'kita', 'garuda']",Positif
"['laga', 'melawan', 'bahrain', 'hanya', 'menyisakan', 'hari', 'lagi', 'tidak', 'ada', 'waktu', 'untuk', 'bersantai', 'tidak', 'ada', 'ruang', 'untuk', 'saling', 'menyalahkan', 'semua', 'pemain', 'timnas', 'indonesia', 'harus', 'bersatu', 'dan', 'bangkit', 'untuk', 'tunjukkan', 'yang', 'terbaik', 'demi', 'misi', 'meraih', 'poin', 'di', 'gbk']",Positif
"['mainnya', 'sudah', 'bagus', 'sudah', 'mengasih', 'keypass', 'ke', 'kevin', 'diks', 'ditunggu', 'kontribusi', 'assist', 'atau', 'golnya', 'di', 'pertandingan', 'melawan', 'bahrain']",Positif
"['lekas', 'membaik', 'garuda', 'ku']",Positif
"['semangat', 'mas']",Positif
"['kami', 'tak', 'memuja', 'nama', 'di', 'punggung', 'yang', 'ku', 'tau', 'hanya', 'lambang', 'di', 'dadamu', 'persetan', 'dengan', 'nama', 'bintangmu', 'yang', 'ku', 'mau', 'hatimu', 'untuk', 'garudaku', 'bebangkan', 'oi', 'squad', 'selamanya']",Positif
"['satu', 'kata', 'buat', 'timnas', 'kelasss']",Positif
"['peluang', 'indonesia', 'lolos', 'piala', 'dunia', 'masih', 'membutuhkan', 'perjuangan', 'yang', 'panjang', 'usia', 'timnas', 'kalah', 'dari', 'australia', 'md']",Positif
"['please', 'masuk', 'pildun', 'aing', 'mau', 'menonton', 'kalian', 'disini']",Positif
"['semangat', 'terus', 'pastinya']",Positif
"['menang', 'kalah', 'timnas', 'indonesia', 'tetapdi', 'hati', 'yang', 'pulang', 'dalam']",Positif
"['debut', 'pertama', 'anda', 'sangat', 'baik', 'olleterima', 'kasih', 'pertahankan']",Positif
"['tidak', 'apaapa', 'coach', 'patrick', 'kluivert', 'kita', 'balas', 'nanti', 'di', 'lawan', 'bahrain', 'ya', 'janji', 'ya', 'kita', 'lagi', 'tatap', 'pildun', 'loh', 'iki']",Positif
"['masih', 'ada', 'peluang', 'ke', 'pildun', 'tetap', 'full', 'support', 'garuda']",Positif
"['rilll', 'kak', 'malah', 'klop', 'banget', 'dia', 'bikin', 'bola', 'mengalir', 'sampai', 'ole', 'bisa', 'golin', 'kan', 'bahkan', 'dapat', 'shoot', 'on', 'target', 'loh']",Positif
"['beri', 'mereka', 'waktu', 'tetap', 'support']",Positif
"['semangat', 'abang']",Positif
"['wajib', 'evalua', 'tidak', 'mau', 'tau', 'lawan', 'bahrain', 'haram', 'kalah']",Positif
"['yuk', 'fokus', 'lawan', 'bahrain']",Positif
"['did', 'great', 'eli', 'semangat', 'papa', 'dino']",Positif
"['masih', 'ada', 'peluang', 'timnas', 'indonesia', 'harus', 'menang', 'di', 'laga', 'kandang', 'melawan', 'bahrain', 'amp', 'china', 'untuk', 'menjaga', 'asa', 'ke', 'piala', 'dunia', 'bisa', 'tidak', 'nih', 'sobat', 'pr', 'yuk', 'dukung', 'timnas', 'garuda']",Positif
"['semangat', 'eliii']",Positif
"['dengan', 'squad', 'terbaru', 'ditambah', 'pelatih', 'yang', 'sudah', 'kenal', 'luaar', 'dalam', 'tim', 'insyaallah', 'hasilnya', 'beda', 'sudah', 'terjawab', 'mengganti', 'pelatih', 'di', 'tengah', 'situasi', 'ini', 'adalah', 'keputusan', 'salah']",Positif
"['saya', 'berharap', 'hokky', 'caraka', 'sih', 'rambut', 'pirang', 'dan', 'ferrari', 'jadi', 'starting', 'melawan', 'bahrain', 'supaya', 'pertahanan', 'lebih', 'kokoh', 'dan', 'lini', 'serang', 'makin', 'klinis']",Positif
"['yuk', 'semangat', 'walsh', 'perjuanganmu', 'tak', 'akan', 'sia', 'sia']",Positif
"['abang', 'kumis', 'bisa', 'yuk', 'menambah', 'point']",Positif
"['marselino', 'teruslah', 'berkembang', 'permainanmu', 'sangat', 'apik']",Positif
"['solid', 'banget', 'pertahanan', 'kita', 'cok']",Positif
"['pergantian', 'kepelatihan', 'memang', 'sangat', 'beresiko', 'apa', 'lagi', 'ditengah', 'kualifikasi', 'teteapi', 'pilihan', 'pelatih', 'sekarang', 'lebih', 'baik']",Positif
"['meyala', 'abang', 'ku']",Positif
"['abang', 'kumis', 'keren', 'banget', 'mainnya']",Positif
"['suka', 'banget', 'kalau', 'dia', 'sudah', 'main']",Positif
"['pelatih', 'terbaik']",Positif
"['mau', 'tidur', 'malah', 'teringat', 'trivela', 'kambuaya']",Positif
"['giliran', 'tidak', 'menonton', 'malah', 'turun', 'ke', 'lapangan', 'but', 'you', 'did', 'well']",Positif
"['bagus', 'banget', 'mainny', 'bangga', 'sama', 'timnas', 'yang', 'sekarang']",Positif
"['sampai', 'bertemu', 'di', 'bulan', 'juni', 'semoga', 'tidak', 'ada', 'yang', 'cedera']",Positif
"['mutiara', 'dari', 'timur']",Positif
"['koreo', 'lagi', 'tidak', 'pernah', 'mengecewakan', 'terimakasih', 'usaha', 'dan', 'kerja', 'kerasnya']",Positif
"['kita', 'akan', 'terus', 'ada', 'untuk', 'mendukung', 'kalian', 'timnas', 'indonesia']",Positif
"['yuk', 'bisa', 'lebih', 'tunjukkan', 'ketenangan', 'dan', 'buass', 'di', 'depan', 'gawang', 'untuk', 'next', 'match']",Positif
"['tidak', 'sabar', 'juni', 'siap', 'membantai', 'china']",Positif
"['tunjukkan', 'lagi', 'pas', 'lawan', 'china', 'dan', 'jepang', 'nanti', 'ya', 'san']",Positif
"['apa', 'sih', 'yang', 'penting', 'menang']",Positif
"['congratulations', 'once', 'again', 'timnas', 'indonesia', 'terima', 'kasih', 'sudah', 'berjuang', 'dan', 'mengharumkan', 'indonesia', 'kami', 'bangga', 'btw', 'siapa', 'nih', 'yang', 'masih', 'belum', 'move', 'on', 'dari', 'keseruan', 'di', 'gbk', 'kemarin']",Positif
"['bakat', 'sepakbola', 'itu', 'memang', 'banyak', 'dari', 'papua', 'stamina', 'mereka', 'lebih', 'baik']",Positif
"['terima', 'kasih', 'atas', 'kerja', 'kerasnya']",Positif
"['salah', 'satu', 'hal', 'yang', 'selalu', 'disyukuri', 'adalah', 'wr', 'win', 'rate', 'menonton', 'di', 'gbk', 'saya', 'masih']",Positif
"['lek', 'jadi', 'juara', 'piala', 'dunia', 'ya', 'boleh', 'begitu', 'jangan', 'terlalu', 'euforia', 'lah', 'perjuangan', 'masih', 'panjang']",Positif
"['poin', 'penting', 'gbk', 'dipenuhi', 'energi', 'dan', 'semangat', 'yang', 'tak', 'terbendung', 'selamat', 'untuk', 'timnas', 'indonesia', 'atas', 'kemenangan', 'melawan', 'bahrain']",Positif
"['lolos', 'pildun', 'dan', 'buat', 'sejarah']",Positif
"['belum', 'bisa', 'move', 'on', 'sama', 'aksi', 'trio', 'bek', 'timnas', 'indonesia', 'kemarin', 'cuy', 'miripmirip', 'sama', 'trio', 'bbcnya', 'juventus', 'dulu', 'setuju', 'tidak']",Positif
"['indonesia', 'mendapatkan', 'point', 'melawan', 'bahrain', 'menyala', 'abangku']",Positif
"['selamat', 'lebaran', 'garuda', 'fan']",Positif
"['menang', 'lagi']",Positif
"['jantung', 'hampir', 'copot', 'lihat', 'pertandingan', 'tadi', 'tapi', 'gapapa', 'tetap', 'bangga']",Positif
"['full', 'senyum', 'besok', 'lebaran', 'king', 'indonesia', 'nih', 'bos', 'senggol', 'dong']",Positif
"['appreciation', 'post', 'for', 'this', 'guy', 'called', 'his', 'name', 'rickyyy', 'kambuayaaa', 'gila', 'sih', 'main', 'ngotot', 'kayak', 'tidak', 'punya', 'paru', 'saking', 'lari', 'mulu', 'keliling', 'lapangan', 'napasnya', 'kagak', 'habis', 'anjir']",Positif
"['emil', 'beckham', 'egy', 'idzes', 'ole', 'ricky', 'ah', 'semua', 'deh', 'gacor']",Positif
"['senang', 'rasanya', 'punya', 'pemain', 'yang', 'berani', 'shooting', 'walaupun', 'arahnya', 'ngawur']",Positif
"['alhamdulillah', 'kado', 'terbaik', 'tahun', 'ini', 'harapan', 'di', 'umur', 'yang', 'ke', 'timnas', 'lolos', 'pildun', 'tahun', 'amin']",Positif
"['gol', 'tunggal', 'ole', 'romeny', 'membuka', 'peluang', 'timnas', 'indonesia', 'lolos', 'ke', 'ronde', 'kualifikasi', 'piala', 'dunia']",Positif
"['gbk', 'senayan', 'jakarta', 'round', 'kualifikasi', 'piala', 'dunia', 'play', 'win', 'draw', 'loss', 'sih', 'you', 'again']",Positif
"['love', 'sekebon']",Positif
"['takbiran', 'ya', 'menang']",Positif
"['apresiasi', 'buat', 'emil', 'malam', 'ini', 'indonesia', 'keren', 'punya', 'kiper', 'tangguh', 'tenang', 'kita']",Positif
"['asli', 'menyala']",Positif
"['hampir', 'dikit', 'lagi', 'coy']",Positif
"['tanggal', 'dzulhijah', 'yang', 'memasuki', 'no', 'score']",Positif
"['indonesia', 'berhasil', 'membungkam', 'china', 'dengan', 'skor', 'pada', 'laga', 'kualifikasi', 'piala', 'dunia', 'gol', 'semata', 'wayang', 'yang', 'dicetak', 'oleh', 'ole', 'romeny', 'memastikan', 'kemenangan', 'sekaligus', 'mengamankan', 'tiga', 'poin', 'penting', 'bagi', 'tim', 'garuda']",Positif
"['enak', 'ya', 'kalau', 'punya', 'timnas', 'jago', 'begini', 'masalah', 'hidup', 'terlupakan', 'sejenak', 'mau', 'mengapai', 'saja', 'happy', 'mau', 'scroll', 'sosmed', 'isinya', 'full', 'timnas', 'indonesia', 'ih', 'senengnyaaa', 'mood', 'besok', 'makan', 'daging', 'qurban']",Positif
"['sehat', 'sehat', 'ya', 'ole']",Positif
"['alhamdulillah', 'kita', 'gas', 'piala', 'dunia']",Positif
"['alhamdulillah', 'ya', 'cleansheet', 'papah', 'emil']",Positif
"['alhamdulillah', 'mood', 'lebaran', 'baik']",Positif
"['beckham', 'berjaya', 'di', 'gbk']",Positif
"['bangga', 'banget', 'sama', 'kalian', 'indonesia', 'we', 'did', 'itu']",Positif
"['rating', 'pemain', 'timnas', 'indonesia', 'vs', 'china', 'ole', 'romeny', 'tuai', 'pujian', 'tapi', 'justin', 'hubner', 'yang', 'terbaik', 'lewat']",Positif
"['alhamdulillah', 'yaallaah', 'terima', 'kasih']",Positif
"['ah', 'ditengah', 'carut', 'marut', 'kehidupan', 'masih', 'ada', 'yang', 'dibanggakan']",Positif
['semangat'],Positif
"['walaupun', 'cuma', 'goal', 'pinalty', 'kami', 'tetap', 'bangga']",Positif
"['semua', 'di', 'dunia', 'boleh', 'made', 'ini', 'china', 'tapi', 'kemenangan', 'malam', 'ini', 'made', 'ini', 'indonesia', 'selamat', 'selimut']",Positif
"['debut', 'langsung', 'cleansheet', 'terima kasih', 'bapaknya', 'emil', 'sudah', 'kasih', 'anaknya', 'untuk', 'membela', 'tanah', 'air', 'bapak']",Positif
"['masyallah', 'asli', 'deh', 'terus', 'idul', 'adha', 'dzulhijjah']",Positif
"['full', 'senyum', 'garudaku']",Positif
"['gapapa', 'saya', 'tetap', 'dukung', 'indonesia']",Positif
"['ayo', 'garuda', 'terbang', 'lebih', 'tinggi', 'lagi']",Positif
['kelazzz'],Positif
"['alhamdulillah', 'besok', 'sholat', 'idul', 'adha', 'full', 'senyum']",Positif
"['moga', 'wasit', 'fair', 'laga', 'arab', 'saudi', 'vs', 'bahrain', 'moga', 'arab', 'saudi', 'menang', 'dari', 'bahrain', 'amin']",Positif
"['duh', 'tidak ada', 'obat', 'memang', 'memang', 'oleee']",Positif
"['mohon', 'dimaafin', 'ya', 'abang', 'emil', 'dulu', 'sempat', 'ngecengin', 'bokap', 'kamu', 'maafi', 'ya', 'hayo', 'pada', 'meminta', 'maaf', 'kamu', 'pada']",Positif
['keren'],Positif
"['alhamdulillah', 'menang', 'lagi', 'telpon', 'argentina', 'ajak', 'rematch']",Positif
"['yes', 'yes', 'yes', 'win', 'negara', 'banyak', 'masalah', 'ini', 'akhirnya', 'punya', 'timnas', 'jagoo']",Positif
"['mantap', 'timnasku', 'berikan', 'yang', 'lebih', 'baik', 'untuk', 'pertandingan', 'selanjutnya']",Positif
"['ayo', 'aff', 'kita', 'doa', 'dan', 'support', 'supaya', 'di', 'ronde', 'ke', 'bisa', 'melaju', 'ke', 'wc', 'di', 'amrik', 'kanada', 'mexico']",Positif
['alhamdulillaahh'],Positif
"['yang', 'terlihat', 'sangat', 'berbeda', 'dari', 'saat', 'ini', 'adalah', 'rasa', 'percaya', 'diri', 'peran', 'staff', 'kepelatihan', 'pasti', 'sangat', 'signifikan', 'tapi', 'bermain', 'reguler', 'di', 'liga', 'termasuk', 'liga', 'tidak', 'ada', 'obatnya', 'i', 'mean', 'look', 'at', 'kambuaya', 'beckham', 'egy', 'today']",Positif
"['keren', 'banget', 'anjir']",Positif
"['asikk', 'congrats', 'ya', 'buat', 'tim', 'garuda', 'malam', 'ini', 'kalian', 'semua', 'keren', 'selamat', 'beristirahat', 'dan', 'selamat', 'merayakan', 'lebaran', 'idul', 'adha', 'besok', 'ya']",Positif
"['akhirnya', 'menang', 'juga', 'setelah', 'kebantai', 'sama', 'australia']",Positif
"['terbang', 'lebih', 'tinggi', 'lagi', 'garuda', 'kami', 'mendukungmu']",Positif
"['kalau', 'jepang', 'mengalah', 'membiarkan', 'timnas', 'menang', 'dipertandingan', 'terakhir', 'dan', 'membuat', 'indonesia', 'lolos', 'piala', 'dunia', 'indonesia', 'layak', 'menghapus', 'sejarah', 'jepang', 'pernah', 'menjajah', 'indonesia']",Positif
"['kambuaya', 'top', 'egy', 'umpannya', 'tidak', 'ketebak', 'beckham', 'impressive']",Positif
"['tidur', 'senyum', 'bangun', 'pagi', 'badan', 'ringan', 'yang', 'jadi', 'panitia', 'qurban', 'potong', 'daging', 'satset']",Positif
"['alhamdulillah', 'menang', 'coeg']",Positif
"['jalur', 'langit', 'memang', 'tidak', 'pernah', 'salah']",Positif
"['tegakkan', 'kepala', 'menuju', 'pentas', 'piala', 'dunia']",Positif
"['poin', 'cleansheets', 'dengan', 'gameplay', 'lebih', 'fluid', 'daripada', 'pas', 'pertandingan', 'timnas', 'indonesia', 'sebelumnya', 'apalagi', 'onetwo', 'touch', 'ya', 'oleegy', 'atau', 'olekambuaya', 'tidak ada', 'obat', 'nice']",Positif
"['allhamdhulillah', 'selamat', 'hari', 'raya', 'idul', 'adha', 'indonesia', 'menang', 'lawan', 'china']",Positif
"['kualitas', 'pemain', 'liga', 'kita', 'tidak', 'kalah', 'sama', 'pemain', 'diaspora']",Positif
"['gol', 'penalti', 'ole', 'romeny', 'cukup', 'untuk', 'membawa', 'timnas', 'indonesia', 'menekuk', 'china', 'di', 'sugbk', 'asa', 'garuda', 'menuju', 'piala', 'dunia', 'masih', 'menyala', 'terang']",Positif
"['full', 'senyum', 'besok']",Positif
"['gol', 'ole', 'romeny', 'cantik']",Positif
"['menyala', 'merah', 'putih']",Positif
"['seperti', 'selogannya', 'untungnya', 'aku', 'tidak', 'pilih', 'menyerah']",Positif
"['suka', 'banget', 'foto', 'ini', 'best', 'duo', 'pemain', 'muda', 'yang', 'skill', 'amp', 'attitudenya', 'sama', 'sama', 'juaraakkk']",Positif
"['mantab', 'putra', 'bangsa', 'wkwowkw']",Positif
"['negara', 'gila', 'bola', 'pantang', 'mundur', 'maju', 'terus', 'indonesia']",Positif
"['abang', 'ole', 'ngegol', 'mulu', 'jir', 'curiga', 'bakal', 'hattrick']",Positif
"['yeayy', 'alhamdulillah', 'abang', 'ole', 'romeny']",Positif
"['good', 'save', 'debut', 'tanpa', 'kebobolan', 'walau', 'agak', 'bikin', 'jantungan', 'ya', 'abang']",Positif
"['dia', 'layak', 'jadi', 'main', 'tidak']",Positif
"['ole', 'egy', 'ole', 'kambuaya', 'ole', 'beckham', 'perpaduan', 'apa', 'ini']",Positif
"['point', 'yang', 'sangat', 'penting', 'untuk', 'malam', 'ini', 'tetap', 'apresiasi', 'kerja', 'keras', 'dari', 'para', 'pemain']",Positif
"['salut', 'sama', 'posisi', 'dan', 'ketahanan', 'bola', 'yang', 'dipegang', 'ole', 'sangat', 'bagus']",Positif
"['indonesia', 'lebih', 'baik', 'tanpa', 'mafia']",Positif
"['pemain', 'penuh', 'dengan', 'perjuangan', 'bangga']",Positif
"['gacor', 'banget']",Positif
"['menang', 'wey']",Positif
"['beckham', 'sumpah', 'bocil', 'keren', 'banget']",Positif
"['perbaiki', 'lagi', 'penyelesaian', 'akhir', 'next', 'match', 'bakal', 'makin', 'susah', 'lawan', 'ya', 'jadi', 'maksimal', 'ini', 'setiap', 'peluang', 'yang', 'ada', 'di', 'depan', 'mata']",Positif
"['gue', 'tadi', 'lihat', 'ricky', 'diserang', 'mulut', 'sudah', 'egyyy', 'greget', 'banget', 'kurang', 'dikit', 'banget']",Positif
"['mari', 'rayakan', 'kemenangan', 'timnas', 'dengan', 'memakan', 'daging', 'kurban']",Positif
"['win', 'alhamdulillah', 'lanjutkan']",Positif
"['tidak', 'terbayang', 'timnas', 'indonesia', 'punya', 'wakabayashi', 'maarten', 'paes', 'dan', 'wakashimazu', 'emil', 'audero', 'ini', 'their', 'prime']",Positif
"['selamat', 'atas', 'kemenangan', 'kalian', 'kami', 'bangga']",Positif
"['alhamdulillah', 'memang', 'ole', 'nyekor', 'lgii']",Positif
"['indonesia', 'berhasil', 'mendapatkan', 'kemenangan', 'atas', 'china', 'bawa', 'pulang', 'poin']",Positif
"['alhamdulillah', 'garuda', 'forza', 'indonesia']",Positif
"['kali', 'ini', 'puji', 'rotasi', 'pemain', 'ala', 'petrik', 'yyy', 'manggil', 'pemain', 'tidak', 'cuma', 'manggil', 'ril', 'diuji', 'coba', 'anjay', 'lilipally', 'comeback']",Positif
"['hadirin', 'sidang', 'sholat', 'idul', 'adha', 'dan', 'sholat', 'jum', 'at', 'yang', 'berbahagia']",Positif
"['poin', 'nih', 'brooo', 'masih', 'ada', 'jalan', 'ke', 'piala', 'dunia', 'lewat', 'round', 'percaya diri', 'lolos', 'tidak', 'bagaimana', 'menurut', 'lo', 'pertandingan', 'tadi', 'coba', 'komen', 'di', 'bawah']",Positif
"['ayo', 'ges', 'dukung', 'terus', 'untuk', 'timnas', 'kesayangan', 'kita']",Positif
"['stiker', 'yang', 'selama', 'ini', 'dicari', 'ole', 'romeny']",Positif
"['tidak', 'menonton', 'timnas', 'biar', 'menang', 'alhamdulillah', 'terbukti', 'manjur', 'soalnya', 'kalau', 'ku', 'tonton', 'kalah', 'mulu', 'njink']",Positif
"['keren', 'banget', 'mainnya']",Positif
"['tuntaskan', 'garuda']",Positif
"['full', 'senyum', 'sambil', 'menambah', 'kolesterol']",Positif
"['alhamdulillah', 'keren', 'banget', 'uii']",Positif
"['malam', 'yang', 'penuh', 'ketegangan', 'tetapi', 'hasilnhya', 'memuaskan']",Positif
"['mereka', 'mewakili', 'teriakan', 'kita', 'siapin', 'sajadah', 'besok', 'sholat', 'ied', 'di', 'shaf', 'paling', 'depaaannn']",Positif
"['untuk', 'pssi', 'kuhususnya', 'untuk', 'pak', 'erick', 'terima', 'kasih', 'sudah', 'memperbaiki', 'sepakbola', 'indonesia', 'khususnya', 'timnas']",Positif
"['kencang', 'banget', 'doa', 'supporter', 'timnas', 'di', 'hari', 'arafah', 'ini']",Positif
"['terharu', 'cok', 'kayak', 'baru', 'kemarin', 'nemenin', 'timnas', 'era', 'kegelapan', 'simon', 'sampai', 'begadang', 'hampir', 'subuh', 'lawan', 'korsel', 'sekarang', 'sudah', 'sejauh', 'ini', 'otw', 'round', 'world', 'cup', 'qualifications']",Positif
"['besok', 'lebaran', 'full', 'senyum', 'nih', 'timnas', 'indonesia', 'menang']",Positif
['gila'],Positif
"['timnas', 'menang', 'malam', 'ini']",Positif
"['mood', 'bagus', 'berkat', 'kamu']",Positif
"['buat', 'gue', 'selama', 'trio', 'center', 'bek', 'ini', 'fit', 'wajib', 'hukumnya', 'main', 'dari', 'menit', 'pertama']",Positif
"['bagaimana', 'ya', 'reaksi', 'penonton', 'seluruh', 'indonesia', 'ketika', 'merayakan', 'kemenangan']",Positif
"['full', 'time', 'indonesia', 'mendapatkan', 'point', 'lagi', 'bangga']",Positif
"['setiap', 'jejak', 'yang', 'kutinggalkan', 'menapaki', 'harum', 'kemenangan']",Positif
"['kemenangan', 'di', 'malam', 'takbiran']",Positif
"['kita', 'kita', 'sangat', 'ada', 'peningkatan', 'melampaui', 'ya']",Positif
"['alhamdulillah', 'raihan', 'poin', 'yang', 'sangat', 'berharga']",Positif
"['nah', 'benar', 'kan', 'kalau', 'tidak', 'menonton', 'menang', 'bangun', 'dah', 'saja', 'congrats', 'timnas', 'ku', 'menonton', 'babak', 'saja', 'aku', 'tadi', 'congrats', 'sekali', 'lagi', 'lebaran', 'tenang', 'besok', 'gaes']",Positif
"['etam', 'perlu', 'dikasih', 'menit', 'tambahan', 'menit', 'saja', 'sudah', 'cukup', 'bisa', 'memberikan', 'magis', 'ya']",Positif
"['alhamdulillahindonesia', 'raih', 'poin', 'penting']",Positif
['menanggg'],Positif
"['menanggg', 'indonesia', 'mendunia']",Positif
"['terbukti', 'pemain', 'lokal', 'kita', 'masih', 'bisa', 'bersaing']",Positif
"['harapan', 'itu', 'masih', 'ada']",Positif
"['anjay', 'bukan', 'maennn']",Positif
"['relatif', 'lebih', 'banyak', 'menyerang', 'lewat', 'kiri', 'sisi', 'kanan', 'mereka', 'dijaga', 'oleh', 'sisi', 'kiri', 'hubner', 'verdonk', 'keduanya', 'menang', 'duel', 'udara', 'amp', 'ground', 'duel', 'terbanyak', 'malam', 'ini', 'solid']",Positif
"['dna', 'piala', 'dunia', 'nih', 'senggol', 'dong']",Positif
"['saya', 'tidak', 'tau', 'ini', 'terlalu', 'cepat', 'atau', 'tidak', 'tapi', 'rasanya', 'kita', 'harus', 'mulai', 'bisa', 'mengapresiasi', 'keputusan', 'federasi', 'untuk', 'menunjuk', 'patrik', 'kulivert', 'sebagai', 'head', 'coach', 'banyak', 'sekali', 'warna', 'permainan', 'yang', 'sudah', 'ditawarkan', 'termasuk', 'percaya', 'pada', 'banyak', 'pemain', 'liga']",Positif
"['aduhai', 'senangnya', 'melihat', 'permainan', 'timnas', 'kita', 'walaupun', 'kebantai', 'tetapi', 'penguasaan', 'bola', 'tinggi']",Positif
"['australia', 'memang', 'sudah', 'jauh', 'diatas', 'indonesia', 'gapapa', 'kalah', 'yang', 'penting', 'tidak', 'kalah', 'dalam', 'struktur', 'permainan']",Positif
"['sumpah', 'nih', 'orang', 'jagoan', 'neon', 'pls']",Positif
"['apresiasi', 'untuk', 'timnas', 'yang', 'sudah', 'berjuang']",Positif
"['timnas', 'ku']",Positif
"['king', 'indonesia', 'nih', 'bousss', 'semangat', 'terus', 'garap', 'ya']",Positif
"['sholat', 'id', 'sholat', 'jumat', 'full', 'senyum']",Positif
"['alhamdulillah', 'congrats', 'guys']",Positif
"['indonesia', 'vs', 'china', 'kemenangan', 'penting', 'berikutnya', 'atas', 'china', 'guna', 'menjaga', 'asa', 'mengamankan', 'besar', 'untuk', 'lolos', 'ke', 'putaran', 'keempat', 'wcq', 'zona', 'asia', 'satu', 'gol', 'penalti', 'abang', 'ole', 'cukup', 'mengamankan', 'poin']",Positif
"['jamaah', 'sholat', 'idul', 'adha', 'yang', 'berbahagia']",Positif
"['garuda', 'di', 'dadaku']",Positif
"['berkat', 'kemenangan', 'atas', 'china', 'indonesia', 'berhasil', 'menduduki', 'peringkat', 'tiga', 'klasemen', 'sementara', 'grup', 'kualifikasi', 'piala', 'dunia', 'zona', 'asia', 'nice', 'try', 'garudaku', 'poin', 'di', 'kandang', 'benerbener', 'mimpi', 'indah', 'cuy', 'round', 'here', 'we', 'come']",Positif
"['sumpil', 'abi', 'loopy', 'setiao', 'menit', 'akhir', 'selalu', 'membara', 'tiba', 'tiba', 'ngicir', 'ke', 'depan', 'bawa', 'bolah', 'tinggal', 'menunggu', 'gledeknya', 'duaarrr', 'semoga', 'nanti', 'lawan', 'jepang', 'makin', 'gacorrr', 'semua', 'yuk', 'lagi', 'lawan', 'jepan']",Positif
"['alhamdulillah', 'garudakuuu']",Positif
"['akhirnyaaa', 'di', 'malam', 'yang', 'mulia', 'ini', 'gema', 'takbir', 'berkumandang', 'mengiringi', 'kemenangan', 'garuda']",Positif
"['terima', 'kasih', 'untuk', 'perjuangan', 'kalian', 'malam', 'ini']",Positif
['mantap'],Positif
"['alhamdulillah', 'patut', 'di', 'apresiasi', 'seluruh', 'jajaran', 'timnas']",Positif
"['penutup', 'laga', 'kandang', 'yang', 'sangat', 'mewah', 'dan', 'gagah', 'terimakasih', 'timnas', 'indonesia', 'terimakasih', 'lah', 'grande', 'indonesia', 'garudaku', 'mendunia']",Positif
"['kemenangan', 'tipis', 'semangat', 'tinggi', 'timnas', 'indonesia', 'kalahkan', 'china', 'di', 'gbk']",Positif
"['alhmdulillah', 'poin', 'malam', 'ini', 'dengan', 'hasil', 'ini', 'timnas', 'indonesia', 'mengunci', 'peringkat', 'ke', 'dan', 'lolos', 'ke', 'ronde', 'ke']",Positif
"['apresiasi', 'pemelihan', 'taktik', 'dan', 'pergantian', 'pemain', 'era', 'kluivert']",Positif
"['keren', 'uiii', 'lanjutkan', 'jangan', 'sampai', 'puas', 'duluan']",Positif
"['bahrain', 'tidak', 'berkutik', 'kalau', 'sudah', 'main', 'dikandang', 'indonesia', 'atmosfernya', 'gila']",Positif
"['okesiapp', 'besok', 'pagi', 'otw', 'sholat', 'ied', 'petentang', 'petenteng', 'bos', 'alhamdulillah']",Positif
['alhamdulillah'],Positif
"['alhamdulillah', 'malam', 'kemenangan', 'untuk', 'indonesia', 'malam', 'takbiran', 'membawa', 'berkah', 'untuk', 'timnas', 'indonesia']",Positif
"['conggrat', 'konsen', 'untuk', 'ke', 'jepang', 'ausie', 'bisa', 'mengalahkan', 'kita', 'juga', 'bisa', 'min', 'angka']",Positif
"['alhamdulillah', 'jadi', 'pildun', 'inimah', 'cokk']",Positif
"['jepang', 'mau', 'turun', 'sendiri', 'apa', 'diturunin', 'king', 'indonesia', 'nih']",Positif
"['suatu', 'kehormatan', 'buat', 'pssi', 'dan', 'jajarannya']",Positif
"['debut', 'tanpa', 'kebobolan']",Positif
"['om', 'sudah', 'kelar', 'nih', 'indonesia', 'menanggg']",Positif
"['indonesia', 'naik', 'posisi']",Positif
['alhamdulillah'],Positif
['anjayyy'],Positif
"['menyala', 'bolo']",Positif
"['nothing', 'bad', 'lah', 'pelatih', 'baru', 'dan', 'baru', 'beradaptasi', 'good']",Positif
"['besok', 'jumat', 'lebaran', 'iduladha', 'akan', 'terasa', 'lebih', 'indah', 'selamat', 'untuk', 'seluruh', 'pasukan', 'garuda']",Positif
"['congratulations', 'indonesia', 'thankyou', 'timnas', 'indonesia']",Positif
"['hasil', 'timnas', 'indonesia', 'vs', 'china', 'gol', 'tunggal', 'ole', 'romeny', 'bawa', 'garuda', 'gusur', 'arab', 'saudi', 'lewat']",Positif
"['sayuri', 'kambuaya', 'egy', 'ridho', 'etam', 'performanya', 'tidak', 'jauh', 'beda', 'sama', 'pemain', 'abroad', 'respect', 'sih', 'padahal', 'main', 'di', 'liga', 'tidak jelas']",Positif
"['euphoria', 'kemenangan', 'timnas', 'kita', 'dulu', 'boleh', 'tapi', 'habis', 'itu', 'tetap', 'lagi', 'ya']",Positif
"['emil', 'cleansheet', 'di', 'debutnya']",Positif
"['indonesia', 'win', 'juga', 'win', 'aduh', 'nikmatnya', 'hari', 'jumatku', 'esokkk']",Positif
"['selamat', 'atas', 'debut', 'dan', 'cleansheetnya', 'mas', 'emil']",Positif
"['congrats', 'boys', 'ayok', 'berjuang', 'lagi']",Positif
"['tidak', 'papa', 'banget', 'kok', 'menang', 'cuma', 'terus', 'tidak', 'papa', 'banget', 'kami', 'rakyat', 'imdomesia', 'sadar', 'diri', 'lawan', 'berikutnya', 'sangat', 'jauh', 'diatas', 'peringkat', 'kita']",Positif
"['assalamualaikum', 'pildun', 'telpon', 'sih', 'mesi', 'min', 'kita', 'tarung', 'besok', 'di', 'lapangan', 'banteng']",Positif
"['apalah', 'permainan', 'bahrain', 'tidak', 'ada', 'apa', 'apanya', 'saat', 'di', 'gbk']",Positif
"['finally', 'masyaallah', 'timnas', 'sangat', 'bagus', 'dalam', 'permainan', 'konsisten', 'dalam', 'penguasaan', 'bola']",Positif
"['apresiasi', 'buat', 'memang', 'ole', 'yang', 'konsisten', 'tiap', 'laga', 'selalu', 'cetak', 'gol', 'dari', 'awal', 'debut']",Positif
"['alhamdulillah', 'proud']",Positif
"['penyerang', 'timnas', 'indonesia', 'ole', 'romeny', 'sukses', 'mencatatkan', 'rekor', 'luar', 'biasa', 'kala', 'berduel', 'lawan', 'timnas', 'china', 'di', 'stadion', 'utama', 'gelora', 'bung', 'karno', 'kamis', 'malam', 'wib']",Positif
"['ayo', 'push', 'rank', 'ya', 'lebih', 'lagi', 'biar', 'masuk', 'besar']",Positif
"['match', 'yang', 'sangat', 'ditunggu', 'tunggu', 'indonesia', 'lawan', 'jepang']",Positif
"['jujur', 'match', 'kali', 'ini', 'tidak', 'ada', 'yang', 'flop', 'hormat']",Positif
"['alhamdulillah', 'poin']",Positif
"['keren', 'emil']",Positif
['selamat'],Positif
"['debut', 'emil', 'audero', 'membuat', 'saya', 'sangat', 'terkesan']",Positif
"['kang', 'emil', 'gila', 'cok', 'save', 'ya', 'untung', 'kita', 'punya', 'pemain', 'top', 'begini']",Positif
"['gapapa', 'tidak', 'dapat', 'daging', 'kurban', 'besok', 'yang', 'penting', 'timnas', 'menang']",Positif
"['keren', 'banget', 'woii']",Positif
"['harapan', 'itu', 'masih', 'ada']",Positif
"['alhamdulillah', 'menang']",Positif
"['selamat', 'ya', 'king', 'indonesia']",Positif
"['alhamdulillah', 'berkat', 'malam', 'takbiran', 'indonesia', 'jadi', 'menang']",Positif
"['lets', 'gooo', 'abangkuhh']",Positif
"['selamat', 'yhh', 'king', 'indonesia', 'bisa', 'tidur', 'nyenyak', 'malam', 'ini', 'terus', 'besoknya', 'bisa', 'makan', 'rendang', 'dan', 'opor', 'dengan', 'kenikmatan', 'yang', 'sesungguhnya']",Positif
"['alhamdulillah', 'berkah', 'hari', 'raya', 'timnas', 'day']",Positif
"['amboyyy', 'sedapnyooo']",Positif
"['timnas', 'aing', 'keren']",Positif
"['full', 'senyumm']",Positif
"['terima', 'kasih', 'banyak', 'untuk', 'pertandingan', 'hari', 'ini', 'para', 'pemain', 'timnas', 'selamat', 'beristirahat', 'dan', 'sampai', 'jumpa', 'di', 'tanggal', 'minggu', 'depan']",Positif
"['match', 'goal', 'thanks', 'ole', 'walaupun', 'tadinya', 'el', 'bimbang', 'and', 'ya', 'finally', 'kamu', 'benar', 'benar', 'berjuang', 'buat', 'garuda']",Positif
"['salut', 'dan', 'hormat', 'buat', 'emil', 'audero', 'dalam', 'debut', 'di', 'tampil', 'bagus', 'dan', 'penyelamatan', 'penting']",Positif
"['full', 'senyummm', 'daging', 'pun', 'nanti', 'rasa', 'wagyu']",Positif
"['tembok', 'china', 'akhirnya', 'jebol', 'gais']",Positif
"['malam', 'takbiran', 'dengan', 'kemenangan', 'itu', 'rasanya', 'enak', 'banget', 'ya']",Positif
['mantabbb'],Positif
"['satu', 'indonesia', 'menyambut', 'idul', 'adha', 'dengan', 'bahagia']",Positif
"['terima', 'kasih', 'ya', 'kalian', 'semua', 'keren']",Positif
"['alhamdulillah', 'besok', 'lebaran', 'full', 'senyum']",Positif
"['alhamdulillah', 'kemenangan', 'ditangan', 'kita', 'semangat']",Positif
"['king', 'indonesia', 'menang', 'garuda', 'mendunia']",Positif
['alhamdullah'],Positif
"['doa', 'seluruh', 'rakyat', 'indonesia', 'dikabulin', 'sama', 'yang', 'diatas']",Positif
"['tidak mau', 'berandai', 'andai', 'tetapi', 'berharap', 'untuk', 'timnas', 'melaju', 'ke', 'piala', 'dunia']",Positif
"['bagaimana', 'ya', 'antusias', 'masyarakat', 'jika', 'indonesia', 'menang', 'lawan', 'jepang']",Positif
"['lagi', 'musimnya', 'tim', 'burung', 'yuk', 'bisa', 'yuk']",Positif
"['alhamdulillah', 'bangga']",Positif
"['selamat', 'untuk', 'coba', 'kawan', 'asdp', 'sebutin', 'kata', 'yang', 'mewakili', 'permainan', 'indonesia', 'barusan']",Positif
"['begini', 'rasanya', 'ya', 'gendong', 'asean', 'sendirian', 'wkwkkw', 'canda']",Positif
"['timnas', 'day', 'lumayan']",Positif
"['etaaam', 'aku', 'terharu', 'akhirnyaaa']",Positif
"['indonesia', 'menang', 'fix', 'kambing', 'yang', 'alot', 'akan', 'terasa', 'selembut', 'wagyu', 'berkat', 'kemenangan', 'manis', 'ini']",Positif
"['sangat', 'puas', 'walaupun', 'masih', 'banyak', 'peluang', 'yang', 'disia', 'siakan']",Positif
"['timnas', 'menang', 'malam', 'takbiran', 'kali', 'ini', 'banyak', 'syukurannya', 'congratulations', 'timnas', 'indonesia']",Positif
"['full', 'senyum', 'ini', 'mah']",Positif
"['kemenangan', 'bersejarah', 'menjaga', 'mimpi', 'lolos', 'ke', 'piala', 'dunia']",Positif
"['alhamdulillah', 'tiga', 'poin', 'lagi', 'beri', 'aplouss', 'untuk', 'para', 'pemain', 'liga', 'egy', 'kambuaya', 'beckham', 'yakob', 'sepanjang', 'pertandingan', 'edann', 'semua', 'mainya', 'apalagi', 'duet', 'egy', 'amp', 'ole', 'kambuaya', 'juga', 'edann', 'banget', 'insyaallah', 'rd']",Positif
"['alhamdulillah', 'ya', 'allah', 'terimakasih', 'garudaku']",Positif
"['selalu', 'semangat', 'jika', 'ada', 'pertandingan', 'timnas', 'apa', 'lagi', 'lawannya', 'keras', 'keras', 'bukan', 'asean', 'lagi']",Positif
"['tanah', 'airku', 'tempat', 'semangat', 'jadi', 'nyawa', 'dan', 'mimpi', 'jadi', 'nyata']",Positif
"['hal', 'positif', 'yang', 'harus', 'diapresiasi', 'dari', 'tim', 'kepelatihan', 'patrick', 'kluivert', 'adalah', 'memainkan', 'pemain', 'dari', 'liga', 'sejauh', 'ini', 'pemain', 'yang', 'diberikan', 'kesempatan', 'juga', 'tidak', 'menyiakan', 'peluang', 'menit', 'bermain', 'meskipun', 'memulainya', 'dari', 'bench']",Positif
"['romeny', 'bawa', 'garuda', 'menang', 'gol', 'tunggal', 'ole', 'romeny', 'dari', 'titik', 'putih', 'berhasil', 'mengamankan', 'tiga', 'poin', 'untuk', 'garuda', 'di', 'kualifikasi', 'piala', 'dunia', 'timnas', 'indonesia', 'juga', 'memastikan', 'lolos', 'ke', 'putaran', 'empat', 'kualifikasi', 'piala', 'dunia']",Positif
['menatap'],Positif
"['alhamdulillah', 'poin', 'aman']",Positif
"['timnas', 'menang', 'marilah', 'kita', 'rayakan', 'guys']",Positif
"['full', 'capek', 'tapi', 'happy', 'terima kasih', 'ya']",Positif
"['points', 'ini', 'the', 'baggg', 'letsgoo', 'semoga', 'bisa', 'masuk', 'round']",Positif
"['deg', 'degannya', 'ada', 'banget']",Positif
"['patrick', 'kluivert', 'tersenyum']",Positif
"['jangan', 'membanding', 'bandingkan', 'lagi', 'guys', 'untuk', 'pelatihnya', 'yang', 'baru', 'juga', 'bagus']",Positif
"['let', 'go', 'masih', 'ada', 'kesempatan', 'di', 'round']",Positif
"['selamat', 'full', 'senyum']",Positif
"['alhamdulillah', 'dan', 'besok', 'full', 'senyum']",Positif
"['syukur', 'syukur', 'timnas', 'masih', 'dikasih', 'gol', 'pas', 'saat', 'lawan', 'australia']",Positif
"['gelooo', 'tam', 'maneh', 'pantas', 'di', 'timnas']",Positif
"['sekali', 'lagi', 'ucapkan', 'terima', 'kasih', 'untuk', 'jajaran', 'sepak', 'bola', 'indonesia']",Positif
"['menyalaaa', 'garudaaa']",Positif
"['dua', 'senjata', 'segar', 'masuk', 'saatnya', 'kunci', 'kemenangan', 'dengan', 'gaya']",Positif
"['menanggg', 'mantap', 'timnas', 'ku', 'menyala']",Positif
"['tidur', 'nyenyak', 'besok', 'tanggal', 'dzulhijah', 'selamat', 'hari', 'raya', 'qurban', 'semuachhh']",Positif
"['timnas', 'mainnya', 'jangan', 'kayak', 'kemarin', 'ya', 'bertahan', 'mulu', 'kagak', 'ada', 'strategi']",Positif
"['kelass', 'timnaskuu']",Positif
"['alhamdulillah', 'berkah', 'malam', 'takbir']",Positif
['mantap'],Positif
"['alhamdulillaahhh', 'proud', 'of', 'you']",Positif
"['di', 'era', 'patrick', 'ini', 'pemain', 'tengah', 'lebih', 'kreatif', 'mainnya']",Positif
"['gila', 'banget', 'ngotot', 'semua', 'mainnya']",Positif
"['bisa', 'kita', 'lihat', 'perbandingan', 'permainan', 'dari', 'pelatih', 'lama', 'dan', 'pelatih', 'baru', 'bagus', 'yang', 'mana', 'ya']",Positif
"['selamat', 'dan', 'semangat', 'untuk', 'match', 'selanjutnya']",Positif
"['terimakasih', 'garuda', 'atas', 'perjuangannya']",Positif
"['tanah', 'airku']",Positif
"['penalti', 'romeny', 'menangkan', 'garuda', 'timnas', 'indonesia', 'menang', 'atas', 'timnas', 'china', 'gol', 'kemenangan', 'skuad', 'garuda', 'dibuat', 'ole', 'romeny', 'lewat', 'titik', 'putih']",Positif
"['kita', 'bangga', 'sama', 'kalian', 'tetap', 'semangat', 'asa', 'masih', 'ada']",Positif
"['menyala', 'banget', 'ya', 'hari', 'ini', 'para', 'pemain', 'king', 'indonesia']",Positif
"['satusatunya', 'hal', 'yang', 'bikin', 'gue', 'bahagia', 'jadi', 'wni', 'terima', 'kasih', 'coachcoach', 'semua', 'dan', 'jajarannya', 'para', 'pemain', 'good', 'job', 'garuda']",Positif
"['anugerah', 'terindah', 'indonesia', 'punya', 'orang', 'ini']",Positif
"['alhamdulillah', 'assalamualaikum', 'round']",Positif
"['alhamdulillah', 'congratz', 'guys']",Positif
"['alhamdulillah', 'poin', 'momen', 'yang', 'indah', 'buat', 'malam', 'lebaran']",Positif
"['terimakasih', 'sayangsayang']",Positif
"['super', 'duper', 'legaaa', 'ya', 'allahhh']",Positif
"['garuda', 'menang', 'butuh', 'pemain', 'yang', 'bisa', 'crossing', 'dari', 'sayap', 'buat', 'variasi', 'serangan', 'verdonk', 'saja', 'ditambah', 'porsi', 'latihan', 'crossingnya', 'biar', 'tambah', 'gacor']",Positif
"['selamat', 'siap', 'laga', 'selanjutnya']",Positif
"['lo', 'kenapa', 'sekeren', 'itu', 'abang', 'keren', 'banget']",Positif
"['wooo', 'congrats', 'indonesia', 'menang']",Positif
"['yuhuu', 'point']",Positif
"['berkahhh', 'berkahhh']",Positif
"['gol', 'berkah', 'abang', 'ole']",Positif
"['jamaah', 'sholat', 'idhul', 'adha', 'yang', 'berbahagia']",Positif
"['tipistipis', 'saja', 'bro']",Positif
"['yeay', 'alhamdulillah', 'banget']",Positif
['kelaaazzz'],Positif
"['assalamualaikum', 'pildun']",Positif
"['yang', 'merasa', 'lawan', 'dilarang', 'menang', 'di', 'gbk', 'kecuali', 'jepang']",Positif
"['keren', 'banget']",Positif
"['kemenangan', 'milik', 'kita']",Positif
"['sayangku', 'cintaku', 'timnas', 'lofyu', 'ole', 'romeny', 'gantengnya']",Positif
"['doa', 'di', 'hari', 'arafah', 'diijabah', 'allah', 'selamat', 'timnas', 'indonesia', 'proud']",Positif
"['puji', 'tuhan', 'terima', 'kasih', 'garuda']",Positif
"['tidak', 'pernah', 'mengecewakan']",Positif
"['ini', 'dia', 'yang', 'ditunggu']",Positif
"['thank', 'pak', 'save', 'krusialnya']",Positif
"['soal', 'teknologi', 'kita', 'boleh', 'kalah', 'soal', 'main', 'bola', 'dikandang', 'kita', 'pemenangnya']",Positif
"['assalamu', 'alaikum', 'world', 'cup', 'pildun']",Positif
"['full', 'senyum']",Positif
"['alhamdulillah', 'menang']",Positif
"['tiga', 'poin', 'debut', 'etam', 'di', 'timnas', 'senior']",Positif
"['banyak', 'peluang', 'yang', 'harusnya', 'menjadi', 'gol', 'tapi', 'gapapa', 'gol', 'cukup', 'untuk', 'mengamankan', 'kemenangan']",Positif
"['alhamdulillah', 'keren']",Positif
"['tutor', 'menang', 'ada', 'di', 'king']",Positif
"['terima', 'kasih', 'atas', 'perjuangan', 'kalian', 'kami', 'bangga']",Positif
"['akhirnya', 'besok', 'sholat', 'idul', 'adha', 'dengan', 'perasaan', 'tenang']",Positif
"['idul', 'adha', 'full', 'senyum']",Positif
"['assalamualaikum', 'round']",Positif
"['point', 'mantap', 'bheckam', 'mengacak', 'ngacak', 'china']",Positif
"['congrats', 'timnas', 'kuuu']",Positif
"['gila', 'king', 'indonesia']",Positif
"['yeyey', 'selamat']",Positif
"['alhamdulillah', 'king', 'indonesia', 'menanggg']",Positif
"['duet', 'ole', 'dan', 'egy', 'memang', 'the', 'best']",Positif
"['komposisi', 'pelatih', 'yang', 'digadanggadang', 'bakal', 'condong', 'ke', 'pemain', 'keturunan', 'justru', 'bisa', 'lebih', 'fair', 'buat', 'mengasih', 'kesempatan', 'ke', 'para', 'pemain', 'lokal', 'pergantian', 'pemain', 'benar', 'sesuai', 'kebutuhan', 'respect']",Positif
"['takbirannya', 'jadi', 'pull', 'semangat', 'sapinya', 'dipotong', 'jadi', 'pull', 'senyum', 'selamat', 'hari', 'raya', 'qurban', 'timnas', 'garuda']",Positif
"['asu', 'itu', 'masih', 'ada']",Positif
"['alhamdulillah', 'lebaran', 'full', 'senyum', 'vamosss']",Positif
"['benar', 'benar', 'hari', 'yang', 'menyenangkan']",Positif
"['selamat', 'guys', 'semangat', 'masih', 'ada', 'lawan', 'jepang', 'jangan', 'kendor', 'semuanyaaa', 'kalian', 'luar', 'biasa', 'wah']",Positif
"['pasti', 'abangmu', 'bangga', 'eli']",Positif
"['save', 'emil', 'tadi', 'motm']",Positif
"['woshhh', 'alhamdulillah']",Positif
"['ole', 'audero', 'pelupessy', 'kambuaya', 'verdonk', 'haye', 'dan', 'beckham', 'gila', 'sih', 'hari', 'ini', 'assalamualaikum', 'round']",Positif
"['lanjut', 'ronde', 'alhamdulillahh']",Positif
"['mending', 'mainnya', 'begini', 'pada', 'yang', 'kemarin', 'terlalu', 'terbuka']",Positif
"['thanks', 'romeny', 'atas', 'golnya', 'debut', 'perdana', 'patrick', 'kluivert', 'ajib']",Positif
"['yes', 'indonesia', 'menang']",Positif
"['menyaaalaa', 'king']",Positif
"['pokoknya', 'semua', 'pemain', 'yang', 'tampil', 'hari', 'ini', 'keren', 'semua']",Positif
"['pengaruh', 'beckham', 'yang', 'ngotot', 'harusnya', 'tadi', 'di', 'shoot', 'tapi', 'malah', 'di', 'umpan', 'ke', 'diks']",Positif
"['debut', 'yang', 'menyala', 'bung', 'ole', 'romeny', 'langsung', 'cetak', 'gol', 'kelas']",Positif
"['terimakasih', 'tuhan', 'yesus', 'kereeennn']",Positif
"['alhamdulillah', 'ya', 'allah', 'terima', 'kasih', 'timnas', 'tetap', 'keren', 'selalu']",Positif
"['makasiii', 'garudaa']",Positif
"['ikut', 'serta', 'bangga', 'kepada', 'timnas', 'garuda']",Positif
"['alhamdulillah', 'terimakasih']",Positif
"['mungkin', 'bakal', 'tetap', 'yang', 'lihat', 'kita', 'hoki', 'menang', 'penalti', 'doang', 'gagal', 'kill', 'the', 'game', 'dan', 'itu', 'wajar', 'cinta', 'jadi', 'demanding', 'wajar', 'buat', 'gua', 'hari', 'ini', 'solid', 'walau', 'beberapa', 'underperform', 'pola', 'jelas', 'peluang', 'juga', 'terus', 'diusahakan', 'proud']",Positif
"['menang', 'di', 'kandag', 'sendiri', 'yang', 'berarti', 'kemenangan', 'berharga', 'guna', 'menjaga', 'asa', 'lolos', 'ke', 'fase', 'selanjutnya']",Positif
"['timnas', 'indonesia', 'mengalahkan', 'china', 'dengan', 'skor', 'pada', 'ronde', 'ketiga', 'kualifikasi', 'piala', 'dunia', 'zona', 'asia', 'satusatunya', 'gol', 'garuda', 'tercipta', 'dari', 'tendangan', 'penalti', 'ole', 'romeny', 'pada', 'menit', 'ke']",Positif
"['terima', 'kasih', 'proud']",Positif
"['alhamdulillah', 'otw', 'ronde']",Positif
"['sandi', 'wals', 'sangat', 'antusias', 'melawan', 'china', 'guys']",Positif
"['apresiasi', 'timnas', 'kita', 'main', 'ya', 'perfom', 'banget', 'gila', 'terutama', 'beckham', 'bermain', 'dengan', 'timnas', 'senior', 'tapi', 'tetap', 'percaya', 'diri', 'gokss']",Positif
"['puji', 'tuhan', 'menang', 'juga']",Positif
['widihhh'],Positif
"['terima', 'kasih', 'atas', 'pointnya', 'garuda']",Positif
['alhamdulillah'],Positif
"['alhamdulillah', 'point', 'walaupun', 'tidak', 'bisa', 'runnerup', 'karena', 'aussie', 'menang', 'lawan', 'jepang', 'tapi', 'tidak apa-apa', 'masih', 'ada', 'round', 'tetap', 'semangat', 'garuda']",Positif
"['indonesia', 'menang', 'daging', 'qurban', 'di', 'makan', 'mentah', 'juga', 'enak', 'akkakakw', 'ole', 'romeny']",Positif
['mantaaappp'],Positif
"['alhamdulilahmimpi', 'indah', 'gue', 'malam', 'ini', 'lebaran', 'besok', 'mood', 'gue', 'bagusthanks', 'god', 'thank', 'guys', 'buat', 'kerja', 'keras', 'dan', 'perjuangannya', 'malam', 'ini']",Positif
"['tidak', 'ada', 'kata', 'selain', 'berterima', 'kasih', 'kepada', 'seluruh', 'pemain', 'respect']",Positif
"['gacorrr', 'garudaku']",Positif
"['alhamdulillah', 'point', 'lagi', 'king']",Positif
['keren'],Positif
"['jantung', 'mau', 'copot', 'menonton', 'timnas', 'coi']",Positif
"['bagus', 'mainnya', 'pertahankan', 'ya']",Positif
"['alhamdulillah', 'menang', 'lagi', 'menang', 'lagi', 'ole', 'lagi', 'ole', 'lagi', 'kelasss']",Positif
"['superr', 'banggaaa']",Positif
"['poin', 'yang', 'sangat', 'penting', 'untuk', 'mengamankan', 'posisi', 'ke']",Positif
"['mantap', 'poin', 'yang', 'beraktivitas', 'besok', 'full', 'senyum']",Positif
"['menang', 'coi', 'alhamdulillah', 'kemenangan', 'membuat', 'saya', 'senyum', 'senyum', 'sendiri']",Positif
"['huuuft', 'alhamdulilah', 'tidak', 'berani', 'menonton', 'langsung', 'mantau', 'tl', 'saja', 'dari', 'tadi', 'selamat', 'lebaran', 'selamat', 'menikmati', 'point', 'rekan', 'rekan', 'setanah', 'air']",Positif
"['keren', 'euy']",Positif
"['resmi', 'indonesia', 'jadi', 'timnas', 'asean', 'pertama', 'di', 'wcq', 'round', 'dengan', 'kali', 'win', 'pts', 'most', 'pts', 'ever', 'resmi', 'minimal', 'masuk', 'round', 'lolos', 'ke', 'world', 'cup', 'kitagaruda']",Positif
"['debut', 'indah', 'abang', 'keren']",Positif
"['indonesia', 'vs', 'china', 'ft', 'alhamdulillah', 'selamat', 'timnas', 'meraih', 'point', 'malam', 'ini', 'tinggal', 'game', 'lagi', 'selanjutnya', 'vs', 'jepang', 'jangan', 'sampai', 'kalah', 'seri', 'saja', 'minimal', 'menang', 'juga', 'tetap', 'ada', 'peluang', 'prediksi', 'menang', 'vs', 'jepang', 'bismillah']",Positif
"['yeayyy', 'alhamdulillah', 'besok', 'lebaran', 'goodmood']",Positif
"['horeee', 'sengaja', 'tidak', 'post', 'apa', 'karena', 'takut', 'nge', 'jinx', 'congrats', 'poinnyaa']",Positif
"['mari', 'menangis', 'terharu', 'bersama', 'mim']",Positif
"['alhamdulillah', 'bisa', 'tidur', 'nyenyak', 'dan', 'besoknya', 'makan', 'daging', 'kwkwk']",Positif
"['congratulations', 'garuda']",Positif
"['garuda', 'mendunia', 'takbiran', 'di', 'gbk']",Positif
['keren'],Positif
"['allhamdulilah', 'menang', 'sholat', 'ied', 'full', 'senyum']",Positif
"['alhamdulillah', 'mood', 'aman', 'ye', 'waaakkk', 'buat', 'besok', 'sholat', 'sampai', 'nyateee', 'besok', 'pas', 'khotbah', 'para', 'jamaah', 'sekalian', 'yang', 'berbahagia', 'mantap', 'selamat']",Positif
"['alhamdulillah', 'sayang', 'alhamdulillah']",Positif
"['alhamdulillah', 'menang', 'nice', 'debut', 'buat', 'emil', 'sama', 'beckham', 'mohon', 'tetap', 'evaluasi', 'lawan', 'china', 'di', 'kandang', 'cuma', 'menang', 'tipis', 'nanti', 'di', 'lawannya', 'bukan', 'lagi', 'bahrainchina', 'tapi', 'uzbekuae', 'sama', 'yordaniairak', 'belum', 'lagi', 'ada', 'qatar', 'yang', 'begitu', 'mood', 'idul', 'adha', 'ku', 'bagus']",Positif
"['ole', 'romeny', 'striker', 'yang', 'ditunggu', 'tunggu', 'selama', 'ini']",Positif
"['masih', 'sangat', 'ada', 'peluang', 'melaju', 'ke', 'piala', 'dunia']",Positif
"['terima', 'kasih', 'banyak', 'timnas', 'indonesia', 'perjuangan', 'kalian', 'tidak', 'akan', 'kami', 'lupakan']",Positif
"['wlpn', 'finishing', 'masih', 'lemah', 'harus', 'diperbaiki', 'buat', 'next', 'match', 'nanti', 'tapi', 'syukurlah', 'kekalahan', 'lwn', 'china', 'kemarin', 'jadi', 'pembelajaran', 'sudah', 'khawatir', 'karena', 'waktu', 'itu', 'indonesia', 'bisa', 'menguasai', 'tapi', 'china', 'lebih', 'efektif', 'indonesia', 'lebih', 'siap', 'di', 'match', 'kali', 'ini', 'tinggal', 'perbaiki', 'yang', 'jadi', 'kekurangan']",Positif
"['mantap', 'king', 'indonesia']",Positif
['alhamdulillahsoliddd'],Positif
"['king', 'indonesia', 'nih', 'bos', 'menang', 'terus', 'hahaha']",Positif
"['alhamdulillah', 'poin', 'ditangan']",Positif
"['alhamdulillah', 'terima', 'kasih', 'insya', 'allah', 'piala', 'dunia', 'yakin', 'bisa']",Positif
['gilaaakkk'],Positif
"['alhamdulillah', 'min']",Positif
"['kelaaaz', 'king', 'indonesia']",Positif
"['asa', 'itu', 'masih', 'ada']",Positif
"['king', 'indonesia', 'nih', 'bosss', 'tidak', 'ada', 'yang', 'berani', 'senggol']",Positif
"['gereget', 'banget', 'menonton', 'untung', 'menang']",Positif
['terharu'],Positif
"['allahuakbar', 'min']",Positif
"['mantab', 'bung', 'oleee']",Positif
['kelazzz'],Positif
"['campur', 'campur', 'banget', 'aku', 'nontonnya', 'padahal', 'cuman', 'di', 'tv', 'apalagi', 'yang', 'menonton', 'di', 'gbk', 'bangga', 'banget', 'ole', 'bangga', 'sama', 'semua', 'pemain']",Positif
"['assalamualaikum', 'world', 'cup']",Positif
"['alhamdulillah', 'ya', 'allah', 'allahuakbar', 'allahuakbar', 'allahuakbar']",Positif
"['gacorrr', 'kanggg']",Positif
"['nikmatnya', 'kemenangan', 'ini']",Positif
"['selamat', 'buat', 'timnas', 'indonesia']",Positif
"['tamu', 'haram', 'hukumnya', 'menang']",Positif
"['ole', 'ricky', 'kambuaya', 'dan', 'ega', 'vikri', 'serta', 'all', 'team', 'keren']",Positif
"['tidak', 'ada', 'yang', 'terima kasih', 'ke', 'kluivert', 'nih']",Positif
"['alhamdulillah', 'poin', 'indonesia']",Positif
"['tegakkan', 'kepala', 'kalian', 'berbahagia', 'lah', 'kalian', 'sedang', 'menikmati', 'kemenangan']",Positif
"['tidak', 'king', 'indonesia', 'bisa', 'sholat', 'ied', 'sambil', 'senyum', 'senyum', 'kita']",Positif
"['alhamdulillah', 'ya', 'allah', 'hadirin', 'solat', 'eid', 'amp', 'solat', 'jumat', 'yang', 'berbahagia', 'menanggg']",Positif
"['selamat', 'timnas', 'garuda']",Positif
"['assalamualaikum', 'round', 'kami', 'rame', 'rame', 'datang']",Positif
"['poin', 'untuk', 'king', 'indonesia']",Positif
"['alhamdulillah', 'lancar']",Positif
"['terima', 'kasih', 'china', 'terima', 'kasih', 'tiongkok', 'kita', 'lolos', 'round', 'iv']",Positif
"['sukses', 'lo', 'ya']",Positif
"['pesan', 'harus', 'joey', 'pelupessy', 'untuk', 'fan', 'usai', 'kekalahan', 'dari', 'jepang', 'kami', 'akan', 'bangkit']",Positif
"['wah', 'makin', 'banyak', 'ya', 'pemain', 'keturunan', 'yang', 'ikutan', 'termasuk', 'kiper', 'juga']",Positif
"['bek', 'sekeren', 'ini', 'bisa', 'bisanya', 'dihujat']",Positif
"['mau', 'pas', 'di', 'timnas', 'nih', 'debut', 'ya', 'dia', 'lawan', 'bahrain', 'tapi', 'yang', 'diinget', 'sama', 'pembencinya', 'cuman', 'lawan', 'china', 'doang']",Positif
"['coach', 'shin', 'mau', 'dulu', 'atau', 'sekarang', 'tetap', 'saja', 'yakin', 'sama', 'mantan', 'anakanak', 'asuhnya', 'artinya', 'kita', 'sebagai', 'pendukung', 'juga', 'harus', 'yakin', 'tentang', 'masa', 'depan', 'skuad', 'garuda', 'nih', 'sport', 'lovers']",Positif
"['menang', 'kalah', 'tetap', 'dukung', 'timnas', 'kita']",Positif
"['timnas', 'indonesia', 'tetap', 'lanjut', 'ke', 'babak', 'berikutnya', 'walau', 'kalah', 'dari', 'jepang', 'garuda', 'tetap', 'melaju', 'laga', 'kualifikasi', 'menang', 'seri', 'kalah', 'cetak', 'kebobolan', 'selisih', 'gol', 'cek', 'info', 'lengkap', 'amp', 'jadwal', 'di', 'bio']",Positif
"['translate', 'ke', 'indonesia', 'buat', 'pemain', 'kita', 'belajar']",Positif
"['dari', 'underdog', 'menjadi', 'penantang', 'mimpi', 'piala', 'dunia', 'indonesia', 'masih', 'menyala', 'dengan', 'babak', 'keempat', 'di', 'depan', 'mata', 'skuad', 'garuda', 'siap', 'terbang', 'lebih', 'tinggi', 'mari', 'kita', 'bersatu', 'dan', 'dukung', 'mereka', 'untuk', 'mencetak', 'sejarah']",Positif
"['setelah', 'kekalahan', 'dari', 'jepang', 'joey', 'palupessy', 'menegaskan', 'kita', 'akan', 'bangkit', 'di', 'bulan', 'september', 'mari', 'kita', 'dukung', 'timnas', 'indonesia', 'untuk', 'bangkit', 'dan', 'berjuang', 'di', 'babak', 'selanjutnya']",Positif
"['skuad', 'timnas', 'indonesia', 'mendapatkan', 'hadiah', 'jam', 'tangan', 'rolex', 'setelah', 'mengalahkan', 'china', 'mensesneg', 'memastikan', 'anggaran', 'untuk', 'hadiah', 'rolex', 'tersebut', 'berasal', 'dari', 'dana', 'pribadi', 'presiden', 'prabowo', 'subianto', 'tiktok', 'metrotv']",Positif
"['skema', 'terbaik', 'untuk', 'memperlancar', 'jalan', 'timnas', 'indonesia', 'di', 'putaran', 'kualifiasi', 'piala', 'dunia']",Positif
"['nama', 'dan', 'prestasi', 'shin', 'taeyong', 'dan', 'patrick', 'kluivert', 'tak', 'perlu', 'diperdebatkan', 'lagi', 'keduanya', 'telah', 'berjasa', 'mengantar', 'timnas', 'indonesia', 'lolos', 'ke', 'putaran', 'keempat', 'kualifikasi', 'piala', 'dunia']",Positif
"['penyerang', 'timnas', 'indonesia', 'ole', 'romeny', 'akhirnya', 'menghadapi', 'hambatan', 'yang', 'cukup', 'terasa', 'saat', 'menghadapi', 'timnas', 'jepang', 'pada', 'laga', 'terakhir', 'putaran', 'ketiga', 'kualifikasi', 'piala', 'dunia', 'zona', 'asia']",Positif
"['pelatih', 'timnas', 'indonesia', 'patrick', 'kluivert', 'menegaskan', 'akan', 'melakukan', 'evaluasi', 'dan', 'pembenahan', 'menyeluruh', 'sebelum', 'menghadapi', 'ronde', 'keempat', 'kualifikasi', 'piala', 'dunia', 'zona', 'asia', 'll']",Positif
"['suporter', 'indonesia', 'di', 'jepang', 'tidak', 'cuma', 'dukung', 'timnas', 'tapi', 'juga', 'jaga', 'kebersihan', 'bareng', 'garuda', 'jepang', 'kirakira', 'bisa', 'tidak', 'ya', 'kebiasaan', 'ini', 'nular', 'ke', 'stadion', 'kita']",Positif
"['tenang', 'ini', 'tidak', 'akan', 'bahas', 'bola', 'kemarin', 'yang', 'itu', 'ya', 'iya', 'juga', 'sih', 'tapi', 'kita', 'mundur', 'jauh', 'ke', 'belakang', 'aku', 'kagum', 'banget', 'sama', 'jepang', 'disiplin', 'dedicated', 'sopan', 'mengesalkan', 'pokoknya', 'pernah', 'ke', 'jepang', 'merasai', 'tidak', 'budaya', 'mereka']",Positif
"['jangan', 'takabur', 'kalimat', 'tidak', 'beratberat', 'amat', 'di', 'cuitan', 'lo', 'menandakan', 'di', 'grup', 'ini', 'indonesia', 'akan', 'mudah', 'padahal', 'kalau', 'gue', 'justru', 'mikir', 'sebaliknya', 'supaya', 'kalau', 'gagal', 'tidak', 'kecewa', 'amat']",Positif
"['garuda', 'kalah', 'telak', 'patrick', 'kluivert', 'sebut', 'jepang', 'masih', 'terlalu', 'besar', 'untuk', 'indonesia']",Positif
"['memang', 'timnas', 'indonesia', 'masih', 'termasuk', 'tim', 'berkembang', 'di', 'dunia', 'dan', 'perlu', 'banyak', 'evaluasi', 'maupun', 'perbaikan', 'total', 'dari', 'semua', 'aspek', 'namun', 'untuk', 'luar', 'biasanya', 'fanatisme', 'dan', 'loyalitas', 'suporter', 'suporter', 'timnas', 'indonesia', 'itu', 'nomor', 'di', 'dunia', 'semangat', 'garuda', 'ayo', 'bangkit']",Positif
"['reality', 'check', 'buat', 'menghadapi', 'round']",Positif
"['bapaknya', 'kiper', 'timnas', 'indonesia', 'emil', 'audero', 'asli', 'orang', 'lombok', 'mantap', 'pak', 'edy', 'mulyadi', 'tiktok', 'hemastirta']",Positif
"['timnas', 'sudah', 'tunjukkan', 'performa', 'puncak', 'di', 'laga', 'penting', 'lawan', 'china', 'jadi', 'wajar', 'jika', 'sulit', 'mengimbangi', 'jepang', 'setelahnya']",Positif
"['wajar', 'jika', 'timnas', 'indonesia', 'kesulitan', 'karena', 'jepang', 'main', 'dengan', 'skuad', 'inti', 'bertabur', 'bintang']",Positif
"['penampilan', 'terbaik', 'timnas', 'sudah', 'dikeluarkan', 'saat', 'lawan', 'china', 'maka', 'saat', 'melawan', 'jepang', 'yang', 'kelasnya', 'berbeda']",Positif
"['dengan', 'banyak', 'pemain', 'top', 'seperti', 'kubo', 'dan', 'endo', 'jepang', 'tampil', 'dominan', 'sehingga', 'timnas', 'indonesia', 'kesulitan', 'melawan', 'skuad', 'sekuat', 'itu']",Positif
"['jepang', 'turunkan', 'kekuatan', 'penuh', 'termasuk', 'kubo', 'dan', 'endo', 'jadi', 'kekalahan', 'timnas', 'indonesia', 'bukan', 'hal', 'yang', 'mengejutkan']",Positif
"['wajar', 'timnas', 'indonesia', 'kalah', 'dari', 'jepang', 'karena', 'jepang', 'turunkan', 'banyak', 'pemain', 'inti', 'seperti', 'kubo', 'endo', 'dll']",Positif
"['indonesia', 'kalah', 'dari', 'jepang', 'coach', 'justin', 'memang', 'kita', 'kalah', 'kualitas']",Positif
"['soroti', 'timnas', 'indonesia', 'kalah', 'dari', 'jepang', 'coach', 'justin', 'memang', 'kita', 'kalah', 'kualitas']",Positif
"['timnas', 'indonesia', 'sudah', 'menghadapi', 'jepang', 'saja', 'sudah', 'oke', 'banget', 'memang', 'kita', 'perlu', 'realistis', 'saja', 'ya', 'ges', 'kalau', 'pemain', 'inti', 'jepang', 'yang', 'pada', 'turun', 'kita', 'bisa', 'apa']",Positif
"['timnas', 'indonesia', 'lawan', 'jepang', 'gratis', 'tapi', 'tidak', 'murahan', 'uji', 'tanding', 'super', 'berkualitas', 'lawan', 'pemain', 'sekelas', 'kubo']",Positif
"['tidak', 'masalah', 'kalah', 'dari', 'jepang', 'toh', 'timnas', 'indonesia', 'sudah', 'tampil', 'gilagilaan', 'pas', 'lawan', 'china', 'kemarin']",Positif
"['uji', 'coba', 'lawan', 'jepang', 'tidak', 'semua', 'negara', 'asia', 'bisa', 'dapat', 'kesempatan', 'itu', 'timnas', 'indonesia', 'makin', 'dilirik']",Positif
"['bola', 'update', 'pelajaran', 'yang', 'bisa', 'dipetik', 'dari', 'kekalahan', 'timnas', 'indonesia']",Positif
"['tweet', 'apresiasi', 'yance', 'sayuri', 'jay', 'idzes']",Positif
"['kekalahan', 'dari', 'jepang', 'timnas', 'indonesia', 'dapat', 'pelajaran', 'yang', 'berharga']",Positif
"['jadi', 'pelajaran', 'yang', 'berharga', 'jepang', 'turunkan', 'banyak', 'pemain', 'inti', 'saat', 'melawan', 'timnas', 'indonesia', 'luar', 'biasa', 'timnas', 'indonesia', 'tetap', 'berjuang']",Positif
"['jepang', 'turunkan', 'banyak', 'pemain', 'inti', 'saat', 'melawan', 'timnas', 'indonesia', 'jadi', 'pelajaran', 'berharga']",Positif
"['wow', 'lawan', 'tim', 'sekelas', 'jepang', 'menjadi', 'pelajaran', 'berharga', 'yang', 'sangat', 'berkualitas', 'bagi', 'timnas', 'indonesia']",Positif
"['takefusa', 'kubo', 'tetap', 'respek', 'dan', 'rendah', 'hati', 'kepada', 'timnas', 'indonesia']",Positif
"['yaiyalah', 'jangan', 'raguin', 'kekuatan', 'garda', 'terdepannya', 'garuda', 'dong', 'tapi', 'memang', 'atmosfer', 'supporter', 'indonesia', 'di', 'suita', 'city', 'stadium', 'kemarin', 'luarrr', 'biasa', 'admin', 'sampai', 'bingung', 'ini', 'osaka', 'atau', 'gbk', 'sih', 'kok', 'full', 'merah', 'putih']",Positif
"['king', 'indonesia', 'habis', 'kena', 'pelajaran', 'berharga', 'dari', 'jepang', 'teggakkan', 'kepala', 'kalian']",Positif
"['ayo', 'semangat', 'lagi', 'persiapkan', 'tantangan', 'selanjutnya', 'kita', 'masih', 'punya', 'waktu', 'untuk', 'memperbaiki', 'kekalahan', 'kemarin']",Positif
"['review', 'hasil', 'jepang', 'vs', 'indonesia', 'kemarin', 'malam', 'terima', 'kasih', 'semua', 'pemain', 'dari', 'babak', 'sd', 'kemarin', 'malam', 'terima', 'kasih', 'semua', 'pendukung', 'timnas', 'rakyat', 'biasa', 'ultras', 'garuda', 'dan', 'lah', 'grande', 'yang', 'selalu', 'kece', 'badai', 'bangga', 'bersama', 'kalian']",Positif
"['warga', 'jepang', 'pun', 'heran', 'kalah', 'tapi', 'masih', 'bisa', 'sehappy', 'ini']",Positif
"['begini', 'reaksi', 'kepala', 'pengembangan', 'bakat', 'skuad', 'garuda', 'pas', 'tau', 'timnas', 'senior', 'digempur', 'samurai', 'biru', 'percayalah', 'om', 'sama', 'kita', 'semua', 'juga', 'ikut', 'menangis', 'tapi', 'gapapa', 'harus', 'yakin', 'merah', 'putih', 'akan', 'bangkit']",Positif
"['gapapa', 'kalah', 'yang', 'penting', 'sudah', 'lolos', 'kan', 'ke', 'round', 'selanjutnya', 'tetap', 'semangat', 'ya']",Positif
"['menurut', 'analisis', 'sport', 'lovers', 'racikan', 'coach', 'kluivert', 'yang', 'bongkar', 'pasang', 'pemain', 'itu', 'bagaimana', 'ini', 'sih', 'jadi', 'pr', 'banget', 'buat', 'timnas', 'indonesia', 'jelang', 'ronde', 'nanti', 'jadi', 'harus', 'evaluasi', 'besarbesaran', 'biar', 'dapat', 'pemain', 'yang', 'layak', 'dengan', 'posisi', 'kedepannya', 'semangat']",Positif
"['dalihnya', 'pak', 'exco', 'pssi', 'sih', 'ya', 'karena', 'memang', 'jepang', 'tuh', 'ibarat', 'karakter', 'sudah', 'over', 'power', 'jadi', 'kata', 'pak', 'arya', 'ya', 'gapapa', 'wajar', 'kalah', 'dari', 'tim', 'sekuat', 'ini', 'kalau', 'sport', 'lovers', 'sendiri', 'setuju', 'tidak', 'nih']",Positif
"['timnas', 'indonesia', 'masih', 'belum', 'bisa', 'menyaingi', 'kekuatan', 'tim', 'kuat', 'asia', 'seperti', 'jepang', 'tapi', 'bagaimanapun', 'juga', 'harus', 'tetap', 'kita', 'apresiasi', 'permainan', 'timnas', 'kita', 'malam', 'ini', 'menurut', 'kalian', 'siapa', 'motm', 'di', 'laga', 'malam', 'ini']",Positif
"['sampai', 'ketemu', 'lagi', 'timnas']",Positif
"['tetap', 'semangat', 'tidak', 'usah', 'bersedih', 'apalagi', 'patah', 'arang', 'walaupun', 'kita', 'kalah', 'lawan', 'jepang', 'gelorakan', 'terus', 'semangat', 'untuk', 'menuju', 'ke', 'kita', 'harus', 'menatap', 'round', 'pada', 'bulan', 'oktober', 'dengan', 'kepala', 'tegak', 'kita', 'kalahkan', 'semua', 'lawan', 'kita']",Positif
"['patrick', 'kluivert', 'petik', 'pelajaran', 'berharga', 'usai', 'timnas', 'indonesia', 'dibantai', 'jepang']",Positif
"['sano', 'melakukan', 'kekerasan', 'seksual', 'tapi', 'tetap', 'dipilih', 'ke', 'timnas', 'jepang', 'kekalahan', 'kalian', 'bukan', 'aib', 'negara', 'kami', 'memilih', 'pria', 'seperti', 'itu', 'sebagai', 'orang', 'jepang', 'saya', 'malu', 'dan', 'meminta', 'maaf']",Positif
"['jepang', 'nurunin', 'starter', 'terbaiknya', 'timnas', 'indonesia', 'dapat', 'pelajaran', 'penting', 'banget', 'ini', 'soal', 'proses', 'bukan', 'cuma', 'skor']",Positif
"['lawan', 'jepang', 'bukan', 'cuma', 'uji', 'nyali', 'tapi', 'juga', 'uji', 'mental', 'buat', 'timnas', 'indonesia', 'apalagi', 'banyak', 'pemain', 'inti', 'jepang', 'diturunkan']",Positif
"['alhamdulillah', 'lanjut']",Positif
"['saya', 'berharap', 'dalam', 'waktu', 'dekat', 'indonesia', 'dapat', 'berdiri', 'sejajar', 'dengan', 'jepang', 'dan', 'korea', 'di', 'asia', 'saya', 'terkesan', 'dengan', 'kecintaan', 'orang', 'indonesia', 'terhadap', 'sepak', 'bola', 'dan', 'saya', 'pikir', 'orang', 'jepang', 'harus', 'mencontoh', 'dan', 'belajar', 'dari', 'mereka']",Positif
"['dia', 'dan', 'timnya', 'yang', 'latihan', 'dia', 'dan', 'timnya', 'yang', 'main', 'dia', 'dan', 'timnya', 'yang', 'berjuang', 'dia', 'dan', 'timnya', 'yang', 'capek', 'dia', 'dan', 'timnya', 'yang', 'kalah', 'dia', 'yang', 'sedih', 'dia', 'juga', 'yang', 'meminta', 'maaf', 'what', 'a', 'great', 'captain', 'ive', 'ever', 'known', 'comeback', 'stronger', 'ig', 'jayidzes']",Positif
"['be', 'smart', 'and', 'realistic', 'bro', 'kita', 'kalahin', 'arab', 'saudi', 'tapi', 'arab', 'saudi', 'kalahin', 'jepang', 'sepak', 'bola', 'bukan', 'hal', 'yang', 'bisa', 'di', 'prediksi', 'pemain', 'sudah', 'melakukan', 'yang', 'terbaik', 'tapi', 'memang', 'ini', 'hasil', 'ya', 'jepang', 'memang', 'bukan', 'level', 'kita', 'ranking', 'lawan', 'ranking', 'lo', 'berharap', 'seri', 'bangun', 'bro']",Positif
"['dan', 'yakin', 'juga', 'banyak', 'rakyat', 'kita', 'sendiri', 'tidak', 'pernah', 'berekspektasi', 'timnas', 'kita', 'bisa', 'ada', 'di', 'posisi', 'sekarang']",Positif
"['untung', 'kipernya', 'emil', 'kalau', 'bukan', 'emil', 'tadi', 'sudah', 'selusin']",Positif
"['cuman', 'mees', 'yang', 'bisa', 'menahan', 'serangan', 'cepat', 'dari', 'jepang']",Positif
"['tetap', 'semangat', 'besar', 'pagii', 'mess']",Positif
"['indonesia', 'dapat', 'pelajaran', 'di', 'osaka', 'indonesia', 'benarbenar', 'mendapat', 'pelajaran', 'berharga', 'pelajaran', 'berharga', 'dipetik', 'oleh', 'timnas', 'indonesia', 'kala', 'bertamu', 'ke', 'markas', 'jepang', 'di', 'osaka', 'timnas', 'indonesia', 'takluk', 'dari', 'jepang']",Positif
"['berbanggalah', 'sekarang', 'kita', 'selevel', 'dengan', 'tim', 'nasional', 'timur', 'tengah']",Positif
"['kekalahan', 'bukan', 'akhir', 'dari', 'segalanya', 'we', 'proud', 'of', 'you']",Positif
"['kena', 'rogol', 'pun', 'still', 'letak', 'hashtag']",Positif
"['teman', 'kamu', 'berarti', 'fomo', 'bola', 'fix', 'hal', 'simpel', 'begitu', 'saja', 'didebatin']",Positif
"['sudah', 'bukan', 'waktunya', 'untuk', 'membandingbanding', 'antara', 'sty', 'amp', 'patrick', 'selesai', 'pertandingan', 'kemarin', 'sih', 'patrick', 'punya', 'pr', 'besar', 'untuk', 'untuk', 'mempersiapkan', 'pertandingan', 'round', 'yang', 'lebih', 'penting', 'indonesia', 'harus', 'merebut', 'satu', 'tiket', 'fwc']",Positif
"['match', 'lagi', 'untuk', 'piala', 'dunia']",Positif
"['anggap', 'semua', 'match', 'adalah', 'final', 'siapapun', 'lawannya', 'ini', 'satu', 'ya', 'cara', 'buat', 'bisa', 'lolos', 'pildun', 'yang', 'tidak', 'berat', 'amat', 'dibandingkan', 'harus', 'lawan', 'antar', 'konfederasi', 'persiapan', 'sudah', 'makan', 'waktu', 'dan', 'biaya', 'jangan', 'sampai', 'nanti', 'mainnya', 'ngasal', 'dan', 'kebantai', 'tim', 'arab']",Positif
"['mengapai', 'harus', 'target', 'menang', 'lawan', 'jepang', 'berkacalah', 'kalau', 'timnas', 'kita', 'masih', 'tim', 'gurem', 'main', 'draw', 'menahan', 'seri', 'sudah', 'bagus']",Positif
"['erick', 'tohir', 'janji', 'timnas', 'indonesia', 'tampil', 'lebih', 'baik', 'usai', 'dikalahkan', 'jepang', 'baca', 'selengkapnya', 'hanya', 'di']",Positif
"['tetap', 'optimis', 'indonesia']",Positif
"['indonesia', 'bakalan', 'dapat', 'lawan', 'yang', 'cukup', 'berat', 'di', 'round', 'kualifikasi', 'piala', 'dunia']",Positif
['keren'],Positif
"['kekalahan', 'telak', 'timnas', 'indonesia', 'dari', 'jepang', 'menjadi', 'tamparan', 'keras', 'bagi', 'skuad', 'garuda', 'patrick', 'kluivert', 'mengakui', 'ada', 'banyak', 'pelajaran', 'berharga', 'yang', 'bisa', 'dipetik', 'menurutnya', 'jepang', 'adalah', 'tim', 'yang', 'sudah', 'berada', 'di', 'level', 'piala', 'dunia']",Positif
"['coba', 'lagi', 'pak']",Positif
"['itu', 'juga', 'yang', 'bikin', 'menambah', 'kesedihan']",Positif
"['yang', 'penting', 'bersenangsenang', 'tak', 'perlu', 'ada', 'rasa', 'malu', 'walau', 'jagonya', 'keok']",Positif
"['sssantai', 'saja', 'nanti', 'kita', 'balas', 'di', 'laga', 'final', 'piala', 'dunia']",Positif
"['tidak apa-apa', 'siapa', 'tau', 'king', 'indonesia', 'bakal', 'ketemu', 'lagi', 'di', 'piala', 'dunia', 'sama', 'jepang']",Positif
"['kekalahan', 'oleh', 'jepang', 'menjadi', 'pukulan', 'telak', 'untuk', 'garuda', 'pelatih', 'timnas', 'indonesia', 'patrick', 'kluivert', 'pun', 'mengakui', 'bahwa', 'jepang', 'masih', 'terlalu', 'besar', 'untuk', 'indonesia', 'kualitas', 'pemain', 'yang', 'dimiliki', 'jepang', 'ratarata', 'berada', 'di', 'level', 'tinggi']",Positif
"['kalah', 'terbantai', 'dari', 'jepang', 'indonesia', 'masih', 'ada', 'kesempatan', 'untuk', 'berbenah', 'lebih', 'baik', 'ke', 'round', 'selanjutnya', 'semangat', 'garuda']",Positif
"['target', 'sudah', 'tercapai', 'jadi', 'tidak', 'gagal']",Positif
"['bangsa', 'yang', 'besar', 'tidak', 'akan', 'tunduk', 'dari', 'bangsa', 'mafia']",Positif
"['endo', 'kubo', 'mitoma', 'yang', 'kita', 'lihat', 'masa', 'ini', 'adalah', 'sepakbola', 'jepang', 'yang', 'telah', 'membentuk', 'dirinya', 'selama', 'puluhan', 'tahun', 'dan', 'pada', 'akhirnya', 'yang', 'dibutuhkan', 'untuk', 'jangka', 'panjang', 'adalah', 'blue', 'print', 'amp', 'piramida', 'kompetisi', 'yang', 'jelas', 'bukan', 'eksistensi', 'apalagi', 'rolex']",Positif
"['keep', 'head', 'up', 'jepang', 'memang', 'bukan', 'level', 'kita', 'tapi', 'semoga', 'banyak', 'pelajaran', 'yang', 'diambil', 'asa', 'untuk', 'main', 'di', 'piala', 'dunia', 'itu', 'ada', 'tapi', 'kecil', 'perbaiki', 'kualitas', 'grassroot', 'liga', 'ya', 'klub', 'ya', 'dan', 'lainlain', 'dengarkan', 'para', 'supporter', 'karena', 'mereka', 'tahu', 'semuanya']",Positif
"['opini', 'gue', 'perubahan', 'strategi', 'terutama', 'dm', 'yang', 'lambat', 'sih', 'bisa', 'saja', 'diganti', 'duet', 'ivar', 'amp', 'linokambuaya', 'yang', 'lumayan', 'gesit', 'buat', 'ngimbangin', 'kecepatan', 'lawan', 'kayak', 'lagi', 'lawan', 'arab', 'amp', 'vietnam', 'di', 'gbk', 'era', 'sty', 'sih', 'haye', 'lumayan', 'kebantu', 'tuh', 'dengan', 'gesitnya', 'pressing', 'ivar', 'amp', 'lino', 'di', 'tengah']",Positif
"['kalau', 'begitu', 'ubah', 'taktik', 'memang', 'kluivert', 'pernah', 'mengomong', 'dia', 'sudah', 'tidak', 'butuh', 'pemain', 'baru', 'lagi', 'sudah', 'cukup', 'tapi', 'melihat', 'dibantai', 'kemarin', 'ada', 'opsi', 'buat', 'menambah', 'pemain', 'baru', 'ditambah', 'statement', 'dari', 'et']",Positif
"['tetap', 'semangat', 'ole', 'keep', 'the', 'spirit', 'our', 'garuda']",Positif
"['di', 'match', 'terakhir', 'ini', 'kontrol', 'emosinya', 'justin', 'benaran', 'lebih', 'baik', 'dari', 'sebelumsebelumnya', 'rispeekk', 'bersih', 'kartu', 'loh', 'dia', 'haha']",Positif
"['mess', 'main', 'bagus', 'indonesia', 'lagi', 'apes', 'saja', 'kevin', 'diks', 'terlalu', 'cepat', 'cedera', 'sayuri', 'bekham', 'kurang', 'bagus', 'dan', 'verdonk', 'tidak', 'main']",Positif
"['meskipun', 'kalah', 'tetap', 'lolos', 'ke', 'round', 'masih', 'sesuai', 'target', 'jaman', 'sty', 'penggantian', 'sty', 'dengan', 'seabreg', 'pelatih', 'ternyata', 'tidak', 'meningkatkan', 'pencapaian', 'apalagi', 'kalau', 'lihat', 'cara', 'bermain', 'statistik', 'permainan', 'menunjukkan', 'nol', 'tembakan', 'ancaman', 'ke', 'lawan', 'kok', 'pesimis', 'di', 'ya']",Positif
"['tidak', 'kak', 'lagian', 'setiap', 'negara', 'tidak', 'ada', 'nama', 'ya', 'pemain', 'timnas', 'dibayar', 'federasi', 'kalau', 'dapat', 'bonus', 'mah', 'ada', 'itu', 'saja', 'kayak', 'cumah', 'uang', 'saku']",Positif
"['patrick', 'kluivert', 'kecewa', 'timnas', 'indonesia', 'kalah', 'telak', 'dari', 'jepang', 'harus', 'banyak', 'belajar']",Positif
"['saya', 'bangga', 'dengan', 'timnas', 'meski', 'mayoritas', 'pemain', 'naturalisasi', 'poin', 'ptg', 'masah', 'sih', 'dengan', 'penduduk', 'juta', 'penduduk', 'indonesia', 'menemukan', 'orang', 'terbaik', 'untuk', 'satu', 'timnas', 'indonesia', 'susahnya', 'meminta', 'ampun', 'kalau', 'pengelola', 'sepak', 'bola', 'yang', 'ada', 'materi', 'oriented', 'ya', 'inilah', 'hasilnya']",Positif
"['senang', 'sekali', 'saya', 'dan', 'istri', 'dapat', 'datang', 'dan', 'mendukung', 'langsung', 'perjuangan', 'bersama', 'ribuan', 'suporter', 'di', 'suita', 'city', 'football', 'stadium', 'osaka', 'jepang', 'menghadapi', 'jepang', 'yang', 'saat', 'ini', 'berada', 'di', 'peringkat', 'ke', 'ranking', 'fifa', 'dunia', 'dan', 'pertama', 'di', 'asia', 'itu', 'memang', 'tidak']",Positif
"['pr', 'besar', 'transisi', 'positif', 'pressing', 'amp', 'marking', 'nanggung', 'dm', 'lambat', 'gampang', 'hilang', 'bola', 'amp', 'salah', 'pasing', 'jelek', 'baca', 'off', 'movement', 'lawan', 'telat', 'naik', 'garis', 'offside', 'mngkn', 'tambah', 'pemain', 'keturunan', 'lagi', 'jonathans', 'gooijer', 'jairo', 'ulrich', 'ziljstra', 'van', 'oevelen', 'good', 'problem']",Positif
"['ayo', 'garuda', 'tunjukkan', 'kualitas', 'dan', 'kebesaran', 'negara', 'ini']",Positif
"['aman', 'masih', 'ada', 'ronde', 'ke']",Positif
"['tegakkan', 'kepala', 'garuda', 'pelajaran', 'berharga', 'tidak', 'menyangka', 'banget', 'lawan', 'kita', 'sekarang', 'raja', 'asia']",Positif
"['jadikan', 'pelajaran', 'amp', 'tetap', 'smgt', 'garudaku']",Positif
"['its', 'oke', 'guys', 'kalian', 'sudah', 'kerja', 'keras', 'kalian', 'luar', 'biasa', 'semangat', 'terus', 'garuda', 'thanks', 'you', 'buat', 'kerja', 'keras', 'kalian']",Positif
"['tetepa', 'semangat', 'garuda']",Positif
"['coach', 'patrick', 'ketolong', 'skuad', 'saja', 'enakan', 'main', 'saat', 'sama', 'sty', 'di', 'laga', 'kandang', 'kemarin', 'maaf', 'bukan', 'mau', 'bandingkan', 'tapi', 'kalau', 'coach', 'patrick', 'tidak', 'berbenah', 'sulit', 'untuk', 'tembus', 'round', 'skuad', 'bagus', 'indonesia', 'butuh', 'pelatih', 'yang', 'bagus', 'minimal', 'punya', 'pengalaman', 'latih', 'di', 'pildun']",Positif
"['tolong', 'bos', 'agak', 'clop', 'dikit', 'main', 'buka', 'ruang', 'pergerakan', 'tanpa', 'bola', 'berani', 'pasing', 'berani', 'cut', 'berani', 'pres', 'percuma', 'menang', 'kalau', 'dari', 'segi', 'permainan', 'tidak', 'berkembang', 'yuk', 'bisa', 'di', 'seriusin', 'lagi']",Positif
"['apapun', 'hasilnya', 'khususnya', 'pemain', 'saya', 'tetap', 'bangga', 'mereka', 'berproses', 'amp', 'mencintai', 'pakai', 'wajib', 'dikoreksi', 'haters', 'yang', 'mayoritas', 'tidak', 'menonton', 'dari', 'awal', 'babak', 'hanya', 'ribut', 'rolex', 'tidak', 'paham', 'masuk', 'round', 'itu', 'juga', 'prestasi', 'menonton', 'video', 'dibawah', 'biar', 'paham']",Positif
"['mereka', 'berniat', 'juara', 'dunia', 'kita', 'berniat', 'masuk', 'kualifikasi', 'beda', 'kelas']",Positif
"['pertandingan', 'malam', 'ini', 'antara', 'vs', 'itu', 'pelajaran', 'buat', 'timnas', 'biar', 'makin', 'kuat', 'masa', 'ngotot', 'main', 'di', 'pildun', 'tapi', 'nol', 'tembakan', 'tidak', 'mungkin', 'kan', 'viral']",Positif
"['kekalahan', 'bukan', 'musibah', 'tapi', 'madrasah', 'hari', 'ini', 'kita', 'belajar', 'tentang', 'kesabaran', 'keikhlasan', 'dan', 'pentingnya', 'proses', 'garuda', 'tetap', 'terbang', 'insyaallah', 'makin', 'tinggi']",Positif
"['jangan', 'tundukkan', 'kepalamu', 'garuda', 'ini', 'bukanlah', 'akhir']",Positif
"['pelajaran', 'berharga', 'buat', 'di', 'round', 'nanti']",Positif
"['akui', 'saja', 'beda', 'kelas', 'dan', 'beda', 'kualitas']",Positif
"['menang', 'lo', 'puji', 'kalah', 'lo', 'maki', 'aduh', 'jepang', 'main', 'di', 'kandang', 'sendiri', 'buat', 'percaya', 'diri', 'makin', 'tinggi', 'jepang', 'peringkat', 'indonesia', 'peringkat', 'kita', 'jadi', 'netizen', 'mah', 'enak', 'cuma', 'komentar', 'lewat', 'jempo', 'sok', 'paling', 'paham', 'bola']",Positif
"['wajar', 'atuh', 'abang', 'lawan', 'peringkat', 'dunia', 'selisih', 'peringkat', 'jadi', 'mestinya', 'biasa', 'weh']",Positif
"['wajar', 'kalah', 'sama', 'jepang', 'anjg', 'paling', 'benci', 'gue', 'katakata', 'itu', 'kalau', 'sudah', 'kalah', 'ya', 'belajar', 'dari', 'kesalahan', 'bukannya', 'pas', 'kalah', 'lagi', 'terus', 'balik', 'pakai', 'kalimat', 'yang', 'sama', 'kamu', 'mau', 'memakai', 'pelatih', 'amape', 'jose', 'mourinho', 'atau', 'pep', 'guardiola', 'pun', 'kalau', 'mental', 'pemain', 'cupu', 'sama', 'saja']",Positif
"['pakai', 'baju', 'putih', 'berharap', 'mode', 'ucl', 'padahal']",Positif
"['jay', 'idzes', 'optimistis', 'bangkit', 'di', 'ronde', 'keempat', 'sang', 'kapten', 'merefleksikan', 'kekalahan', 'telak', 'indonesia', 'dari', 'jepang']",Positif
"['jangan', 'berkecil', 'hati', 'german', 'saja', 'kebantai', 'kok']",Positif
"['tegakkan', 'kepala', 'kalian', 'gapapa', 'itu', 'jepang', 'rajanya', 'asia', 'tetap', 'semangat', 'dan', 'lebih', 'baik', 'untuk', 'kedepannya']",Positif
"['naturalisasi', 'bisa', 'bantu', 'timnas', 'indonesia', 'menang', 'di', 'babak', 'keempat', 'kualifikasi', 'piala', 'dunia', 'karena', 'pemain', 'diaspora', 'bawa', 'skill', 'dan', 'pengalaman', 'dari', 'liga', 'kompetitif', 'kemenangan', 'atas', 'arab', 'saudi', 'dan', 'china', 'tunjukkan', 'dampaknya', 'tapi', 'ada']",Positif
"['rank', 'vs', 'beda', 'level', 'squad', 'spain', 'yang', 'levelnya', 'diatas', 'mereka', 'saja', 'kalah', 'indonesia', 'ngarepin', 'apa', 'jangan', 'yang', 'beda', 'level', 'dulu', 'deh', 'jerman', 'brazil', 'saja', 'selevel', 'mu', 'liverpool', 'saja', 'selevel', 'sekali', 'lagi', 'ngarepin', 'apa', 'sih']",Positif
"['timnas', 'garuda', 'butuh', 'pemain', 'depan', 'yang', 'kuat', 'tahan', 'bola', 'dan', 'finisher', 'macam', 'gonzales', 'dan', 'butuh', 'gelandang', 'serang', 'kreatif', 'macam', 'firman', 'utina', 'agar', 'tidak', 'kalah', 'di', 'tengah', 'pildun', 'di', 'depan', 'mata', 'segera', 'berbenah', 'indonesia', 'pertandingan', 'lagi', 'menang', 'dan', 'lolos', 'pildun']",Positif
"['ucapkan', 'terima', 'kasih', 'kepada', 'bapak', 'erick', 'tohir', 'telah', 'memperbaiki', 'federasi', 'sepak', 'bola', 'kita']",Positif
"['semoga', 'dapat', 'mengambil', 'pelajaran', 'berharga', 'di', 'laga', 'ini', 'untuk', 'persiapan', 'di', 'round']",Positif
"['tim', 'yang', 'mengandalkan', 'sistem', 'permainan', 'yang', 'konsisten', 'seperti', 'ini', 'akan', 'cenderung', 'mendapatkan', 'hasil', 'yang', 'optimal', 'dan', 'efektif', 'dibandingkan', 'timtim', 'yang', 'menyesuaikan', 'strategi', 'line', 'up', 'dan', 'formasi', 'setiap', 'pertandingan', 'konsisten', 'menang', 'atau', 'kalah', 'ada', 'pelajaran', 'yang', 'bisa', 'diambil']",Positif
"['belum', 'selevel', 'sudah', 'begitu', 'saja', 'prnya', 'pssi', 'masih', 'buanyak', 'nyak']",Positif
"['kayak', 'habis', 'kejatuhan', 'durian', 'runtuh', 'jangan', 'takabur', 'makanya', 'realistis']",Positif
"['timnas', 'indonesia', 'kalah', 'dari', 'jepang', 'bukan', 'benci', 'tapi', 'peduli', 'kekalahan', 'dari', 'jepang', 'bukan', 'sekadar', 'skor', 'tapi', 'tamparan', 'keras', 'bagi', 'kita', 'semua']",Positif
"['kalau', 'gue', 'tidak', 'salah', 'timnas', 'kebobolan', 'gol', 'pertama', 'itu', 'saat', 'pemain', 'karena', 'kevin', 'diks', 'cidera', 'dan', 'penggantinya', 'belum', 'masuk']",Positif
"['kalah', 'dengan', 'australia', 'kalah', 'amp', 'dengan', 'jepang', 'seharusnya', 'sudah', 'cukup', 'untuk', 'mengajarkan', 'ke', 'timnas', 'indonesia', 'dan', 'supporter', 'bahwa', 'ini', 'loh', 'level', 'world', 'cup', 'keep', 'your', 'head', 'up', 'and', 'give', 'your', 'best', 'support']",Positif
"['kenapa', 'ya', 'pada', 'kaget', 'kalah', 'kenapa', 'ada', 'komen', 'kalah', 'ya', 'kalah', 'tapi', 'tidak', 'juga', 'jadi', 'takut', 'nanti', 'kalau', 'di', 'piala', 'dunia', 'dibantai', 'kolombia', 'denmark', 'atau', 'pantai', 'gading', 'komennya', 'pada', 'bagaimana']",Positif
"['ada', 'beberapa', 'poin', 'yang', 'ingin', 'saya', 'bagikan', 'terkait', 'pertandingan', 'ini', 'langsung', 'saja', 'pertandingan', 'yang', 'sangat', 'mengecewakan', 'dari', 'sesuai', 'perkiraan', 'saya', 'hanya', 'kumpulan', 'pemainpemain', 'bagus', 'tanpa', 'sistem', 'permainan', 'yang', 'baik', 'sangat', 'rawan', 'stats']",Positif
"['tetap', 'bangga', 'karena', 'menang', 'bukan', 'kalah']",Positif
"['coba', 'ikut', 'membantu', 'tim', 'pelatih', 'agar', 'jangan', 'ada', 'isu', 'yang', 'bisa', 'mengganggu', 'kekompakan', 'antar', 'pemain', 'kalah', 'berarti', 'waktunya', 'umemperbaiki', 'diri', 'bukan', 'saling', 'menyalahkan', 'amp', 'mencurigai', 'antar', 'pemain', 'misbuat', 'trik', 'agar', 'tidak', 'dimainkan', 'atau', 'takut', 'melanjutkan', 'pertandingan', 'ini', 'bukan', 'akhir']",Positif
"['evaluasi', 'total', 'please', 'bismillah', 'next', 'round', 'lancar', 'jaya']",Positif
"['semangat', 'terus', 'timnas', 'garuda', 'indonesia', 'ku']",Positif
"['gas', 'lagi', 'okt', 'ya', 'round']",Positif
"['poin', 'di', 'round', 'kualifikasi', 'piala', 'dunia', 'itu', 'didapat', 'dengan', 'susah', 'payah', 'oleh', 'hanya', 'karena', 'kalah', 'lawan', 'jepang', 'masih', 'banyak', 'yang', 'menghujat', 'apresiasi', 'setingginya', 'untuk', 'seluruh', 'pemain', 'timnas', 'yang', 'telah', 'berjuang', 'masih', 'ada', 'round', 'yang', 'berat', 'tapi', 'tetap', 'optimis']",Positif
"['ole', 'dari', 'rambut', 'bule', 'sampai', 'jadi', 'hitam']",Positif
"['karena', 'manusia', 'tempat', 'salah', 'dan', 'dosa', 'wajarlah', 'bukan', 'nabi', 'boy']",Positif
"['seharusnya', 'permainan', 'meningkat', 'amp', 'tidak', 'kalah', 'dengan', 'permainan', 'parking', 'bus', 'justru', 'saat', 'lawan', 'tim', 'bagus', 'kita', 'memainkan', 'permainan', 'uji', 'coma']",Positif
"['kekalahan', 'timnas', 'indonesia', 'atas', 'jepang', 'ini', 'bisa', 'di', 'jdikan', 'sebuah', 'tamparan', 'supaya', 'sadar', 'piala', 'dunia', 'itu', 'tidak', 'segampang', 'itu', 'masih', 'banyak', 'yang', 'harus', 'kita', 'perbaiki', 'dari', 'segi', 'manapun', 'semua', 'ya', 'tidak', 'ada', 'yang', 'instan', 'guys']",Positif
"['negara', 'gila', 'menonton', 'bola']",Positif
"['wajar', 'saja', 'agak', 'ada', 'shoot', 'sama', 'sekali', 'orangnya', 'kita', 'full', 'bertahan']",Positif
"['tujuan', 'yang', 'indah', 'tidak', 'diraih', 'dengan', 'jalan', 'yang', 'mudah', 'terima', 'kasih', 'untuk', 'perjuangannya', 'garudaku', 'tetap', 'optimis', 'dan', 'selalu', 'semangat', 'lanjut', 'bulan', 'oktober', 'mendatang']",Positif
"['yang', 'mencak', 'mencak', 'soal', 'shots', 'kalian', 'kayak', 'pendukungnya', 'san', 'marino', 'saja', 'sudah', 'yang', 'shots', 'even', 'bukan', 'on', 'target', 'saja', 'sudah', 'kayak', 'sesuatu', 'yang', 'prestisius', 'banget']",Positif
"['sebuah', 'tamparan', 'nyata', 'memang', 'benar', 'lawannya', 'jepang', 'tapi', 'nih', 'ya', 'tolong', 'pssi', 'pembinaan', 'usia', 'dini', 'dibenahi', 'sambil', 'mencari', 'pemain', 'naturalisasipemain', 'naturalisasi', 'itu', 'menurut', 'gua', 'gunanya', 'sebagai', 'acuan', 'motivasi', 'kepada', 'anak', 'indonesia', 'kedepan', 'dan', 'juga', 'pemain', 'naturalisasi', 'bisa', 'saja', 'melatih', 'mereka']",Positif
"['menyerang', 'pemerintah', 'mungkin', 'kalian', 'akan', 'banyak', 'yang', 'membela', 'tapi', 'kalau', 'sudah', 'menyerang', 'hatihati']",Positif
"['tapi', 'gue', 'kasihan', 'sama', 'beckham', 'gara', 'kalah', 'malah', 'dihujat', 'sama', 'ormas', 'panci', 'jakarta', 'padahal', 'jaman', 'sty', 'kalah', 'juga', 'lawan', 'jepang']",Positif
"['tetap', 'tegakkan', 'kepala']",Positif
"['cukup', 'diluar', 'kemampuan']",Positif
"['walaupun', 'kalah', 'saya', 'tetap', 'akan', 'dukung', 'tapi', 'netizen', 'ayolah', 'jangan', 'kayak', 'begitu', 'jangan', 'karena', 'kalah', 'tiba', 'menyalahkan', 'pelatih']",Positif
"['tegakkan', 'kepalamu', 'garuda']",Positif
"['mental', 'dan', 'kepercayaan', 'diri', 'benerbener', 'menjadi', 'pr', 'besar', 'buat', 'timnas']",Positif
"['sebenarnya', 'timnas', 'sudah', 'main', 'low', 'block', 'yang', 'compact', 'cuma', 'pemain', 'jepang', 'gila', 'sih', 'main', 'umpan', 'one', 'two', 'cair', 'movement', 'off', 'the', 'ball', 'asoy', 'finishing', 'klinis', 'mau', 'ngandelin', 'eror', 'dari', 'pemain', 'jepang', 'ya', 'susah', 'mereka', 'op']",Positif
"['gapapa', 'semangat', 'ya']",Positif
"['sebelum', 'pertandingan', 'banyak', 'yang', 'berharap', 'ke', 'pakai', 'untuk', 'rotasi', 'skuad', 'karena', 'sudah', 'tidak', 'ada', 'target', 'apa', 'apa', 'lagi', 'giliran', 'dikabulkan', 'kok', 'malah', 'banyak', 'yang', 'nyalah', 'menyalahkan', 'pemain', 'yang', 'kena', 'rotasinya', 'ya']",Positif
"['round', 'telah', 'usai', 'terimakasih', 'sudah', 'menjadi', 'obat', 'ditengah', 'sakitnya', 'negara', 'tercinta', 'ini', 'apapun', 'itu', 'kita', 'harus', 'tetap', 'mendukung', 'timnas', 'indonesia']",Positif
"['tetap', 'salut', 'sama', 'pendukung', 'timnas', 'indonesiameski', 'kalah', 'telak', 'hypenya', 'tidak', 'berkurang']",Positif
"['soalnya', 'jepang', 'mainnya', 'highpress', 'jadi', 'keteteran', 'tadi', 'pemain', 'indonesia', 'belum', 'umpan', 'saja', 'sudah', 'ke', 'ambil', 'duluan', 'bagaimana', 'tidak', 'ketar', 'ketir', 'coba']",Positif
"['pak', 'tolong', 'dijadikan', 'masukan', 'bermanfaat', 'ini', 'tetap', 'semangat', 'garuda', 'sampai', 'jumpa', 'bulan', 'oktober']",Positif
"['kalah', 'menang', 'tetap', 'dukung']",Positif
"['setuju', 'momentum', 'ini', 'tidak', 'datang']",Positif
"['terimakasih', 'sudah', 'berjuang', 'kalian', 'beruntung', 'dikuliahi', 'tim', 'peringkat', 'dunia']",Positif
"['dari', 'penjelasan', 'mu', 'bisa', 'terlihat', 'panjangnya', 'proses', 'yang', 'dibutuhkan', 'selama', 'sepakbola', 'itu', 'dekat', 'dengan', 'pemerintahan', 'dimanfaatkan', 'dalam', 'panggung', 'politik', 'regional', 'maupun', 'nasional', 'maka', 'timnas', 'akan', 'begini', 'saja', 'karena', 'politik', 'itu', 'pngennya', 'lihat', 'hasil', 'instan', 'yang', 'bisa', 'dijadikan', 'jualan']",Positif
"['melawan', 'tim', 'kuat', 'tidak', 'perlu', 'melakukan', 'pertahanan', 'frontal', 'berlapis', 'dengan', 'formasi', 'karena', 'toh', 'tetap', 'kalah', 'cukup', 'lakukan', 'penyerangan', 'dengan', 'formasi', 'untuk', 'matikan', 'lini', 'tengah', 'cc']",Positif
"['jangan', 'malu', 'kita', 'negara', 'besar']",Positif
"['ya', 'main', 'bola', 'tidak', 'semuda', 'cocotmu', 'jepang', 'sudah', 'kompak', 'karena', 'mereka', 'sudah', 'bersama', 'beberpa', 'tahun', 'dan', 'pelatih', 'juga', 'sama']",Positif
"['japan', 'is', 'still', 'japan', 'tetap', 'semangat', 'pemain', 'amp', 'coaching', 'staff', 'masih', 'banyak', 'pr', 'yang', 'perlu', 'dibenahi', 'tetap', 'berjuang', 'di', 'r']",Positif
"['tetap', 'support']",Positif
"['jangan', 'dikit', 'dikit', 'menghujat', 'pemain', 'dan', 'pelatih', 'toh', 'kita', 'juga', 'sudah', 'dibawa', 'sejauh', 'ini', 'sama', 'mereka']",Positif
"['jadi', 'sporter', 'yang', 'baik', 'itu', 'siapapun', 'coach', 'ya', 'kita', 'dukung', 'bro', 'gue', 'dulu', 'pendukung', 'sty', 'berat', 'lalu', 'diganti', 'kluivert', 'ya', 'wajib', 'kluivert', 'didukung', 'bro', 'sudah', 'akhiri', 'banding', 'kan', 'sty', 'amp', 'kluivert', 'dua', 'ya', 'punya', 'jasa', 'besar', 'di', 'timnas', 'kita', 'bro']",Positif
"['jepang', 'masih', 'di', 'level', 'yang', 'berbeda', 'dengan', 'indonesia', 'semoga', 'di', 'round', 'ke', 'bisa', 'bangkit', 'dan', 'lolos', 'grup', 'siapapun', 'lawannya', 'nanti']",Positif
"['nanti', 'guys', 'memang', 'kalah', 'kelas', 'jepang', 'adalah', 'bukti', 'proses', 'dan', 'pembinaan', 'yang', 'baik']",Positif
"['bangsa', 'yang', 'besar', 'dikasih', 'paham', 'sama', 'cahaya', 'asia']",Positif
"['gapapaaa', 'memang', 'jaraknya', 'cepek', 'peringkat', 'sama']",Positif
"['kalah', 'dari', 'jepang', 'adalah', 'wajar', 'tapi', 'tidak', 'harus', 'hancur', 'hancuran', 'juga', 'minimal', 'bisa', 'memberi', 'perlawanan', 'sengit', 'amp', 'saling', 'serang', 'serta', 'menciptakan', 'peluang', 'jadi', 'enak', 'tonton', 'pecundang']",Positif
"['harusnya', 'sadar', 'diri', 'lawan', 'kita', 'itu', 'jepang', 'king', 'asia']",Positif
"['om', 'simon', 'suruh', 'gercep', 'mencari', 'halfblood', 'lagi', 'round', 'biar', 'makin', 'josss', 'laahhh']",Positif
"['inilah', 'pentingnya', 'berbenah', 'dari', 'waktu', 'yang', 'lama', 'banyak', 'banget', 'pelajaran', 'dari', 'jepang']",Positif
"['ditambah', 'lagi', 'level', 'kita', 'untuk', 'ke', 'piala', 'dunia', 'seakan', 'masih', 'jauh', 'jepang', 'sekarang', 'menampar', 'kita', 'untuk', 'bangun', 'dari', 'mimpi', 'tapi', 'meski', 'masih', 'jauh', 'dari', 'kata', 'sempurna', 'kita', 'raih', 'yang', 'ada', 'di', 'depan', 'mata', 'maju', 'terus']",Positif
"['harusnya', 'pada', 'sadar', 'diri', 'begitu', 'ini', 'lawannya', 'juga', 'beda', 'level', 'jauh', 'ditambah', 'lagi', 'pengalaman', 'dan', 'jam', 'terbang', 'mereka', 'juga', 'sudah', 'tinggi', 'dilain', 'itu', 'jepang', 'sudah', 'kebentuk', 'dari', 'lama', 'dibandingkan', 'timnas', 'kita', 'yang', 'baru', 'kebentuk', 'baru', 'ini', 'tetap', 'semangat', 'garuda']",Positif
"['yeay', 'maju', 'terus', 'timnas', 'kami', 'yang', 'lain', 'terserah', 'apalagi', 'lisa']",Positif
"['tetap', 'semangaaat', 'kalian', 'yelah', 'berjuang', 'maksimal', 'terimakasih', 'telah', 'berjuang']",Positif
"['semua', 'bisa', 'dikalahkan', 'kecuali', 'jepang']",Positif
"['permainan', 'indonesia', 'harus', 'lebih', 'rapi', 'dan', 'lebih', 'konsisten', 'lagi']",Positif
"['baru', 'lolos', 'round', 'sudah', 'di', 'treat', 'kayak', 'pahlawan', 'kalau', 'bisa', 'lolos', 'piala', 'dunia', 'baru', 'kita', 'apresiasi']",Positif
"['selama', 'patrick', 'jadi', 'pelatih', 'timnas', 'match', 'kebobolan', 'ya', 'semoga', 'segera', 'berbenah', 'saja', 'deh', 'buat', 'round']",Positif
"['walaupun', 'kalah', 'tetap', 'keren']",Positif
"['naturalisasi', 'seperti', 'ini', 'hanya', 'akan', 'menghasilkan', 'sukses', 'selevel', 'asean', 'mungkin', 'kita', 'tetap', 'lanjut', 'berbuat', 'progres', 'di', 'segi', 'qualifier', 'piala', 'dunia', 'tapi', 'itulah', 'batasnya', 'kalau', 'pemain', 'ini', 'punya', 'kesempatan', 'sedikit', 'saja', 'untuk', 'tanah', 'air', 'mereka', 'negara', 'kita', 'tidak', 'akan', 'dipilih']",Positif
['semangaat'],Positif
"['ole', 'kena', 'kepung', 'mulu', 'good', 'game', 'bro']",Positif
"['terima', 'kasih', 'sudah', 'berjuang', 'semangat', 'ronde', 'main', 'yang', 'lebih', 'konsisten', 'dan', 'ngeyel', 'jadikan', 'pembelajaran']",Positif
"['bagi', 'gue', 'ya', 'kecewa', 'sih', 'namanya', 'juga', 'kalah', 'tapi', 'lawannya', 'jepang', 'main', 'mode', 'serius', 'bah', 'ambil', 'hikmahnya', 'saja', 'sudah', 'masih', 'terlalu', 'cepat', 'tahun', 'bagi', 'kita', 'buat', 'stdknya', 'ngimbangin', 'jepang']",Positif
"['untuk', 'melaju', 'ke', 'round', 'selanjutnya', 'kita', 'butuh', 'keseimbangan', 'permainan', 'agar', 'kita', 'bisa', 'memperoleh', 'hasil', 'yang', 'bagus']",Positif
"['gapapa', 'semangat', 'terus', 'squad', 'garudaaa', 'indonesia', 'perjalanan', 'masih', 'panjang', 'yuk', 'kita', 'fokus', 'round', 'saja', 'optimistis', 'pasti', 'kita', 'bisa', 'samake', 'pildun', 'itu', 'ayokkk', 'squad', 'garudaaa']",Positif
"['bukan', 'masalah', 'ampas', 'memang', 'sudah', 'beda', 'level', 'jepang', 'sudah', 'sering', 'world', 'cup', 'sejak', 'lah', 'kita', 'samsek', 'tidak pernah']",Positif
"['bro', 'ini', 'benarbenar', 'diajari', 'caranya', 'main', 'bola', 'yang', 'proper', 'sampai', 'tidak', 'menyangka', 'bakalan', 'dibabat', 'habis', 'kayak', 'begini']",Positif
"['ayo', 'belajar', 'ke', 'jepang', 'bagaiman', 'membuat', 'sebuah', 'timnas', 'yang', 'mumpuni']",Positif
"['bangsa', 'besarrr']",Positif
"['ole', 'ku', 'lesuh', 'banget', 'kau', 'memang', 'its', 'okay', 'setiap', 'menonton', 'vs', 'jepang', 'tuh', 'senam', 'jantung', 'jadi', 'ya', 'tidak', 'kaget', 'amat', 'lah', 'harus', 'di', 'akuin', 'sih', 'jepang', 'mainnya', 'gila']",Positif
"['terima', 'kasih', 'garuda']",Positif
"['tetap', 'semangat', 'oleee']",Positif
"['tidak apa-apa', 'nanti', 'memang', 'sudah', 'calculated', 'loss', 'lawan', 'raja', 'terakhir', 'memang', 'belum', 'sampai', 'levelnya', 'sudah', 'aman', 'juga', 'dari', 'kemarin', 'buat', 'ke', 'round']",Positif
"['stay', 'strong', 'garuda', 'terima', 'kasih', 'telah', 'berjuang', 'youngbloom', 'boleh', 'follow']",Positif
"['semangat', 'buat', 'timnas', 'indonesia', 'kalian', 'sampai', 'sejauh', 'ini', 'itu', 'sudah', 'keren', 'banget', 'dengan', 'jepang', 'menurunkan', 'skuad', 'utama', 'ya', 'jadi', 'timnas', 'kita', 'benar', 'di', 'uji', 'semoga', 'timnas', 'bisa', 'berbenah', 'di', 'ronde']",Positif
"['berhasil', 'kita', 'rayakan', 'gagal', 'kita', 'perbaiki', 'ulang', 'tetap', 'semangat', 'timnasku', 'garuda', 'di', 'dadaku']",Positif
"['yntkts', 'itu', 'prnya', 'official', 'harusnya', 'btw', 'pemain', 'kita', 'main', 'di', 'eropa', 'mid', 'tier', 'jepang', 'main', 'di', 'eropa', 'top', 'level']",Positif
"['optimis', 'masuk', 'piala', 'dunia', 'ayo', 'semangat', 'lagi', 'garuda']",Positif
"['kalau', 'saat', 'seperti', 'ini', 'boleh', 'tidak', 'kita', 'ingatkan', 'bahwa', 'pentingnya', 'pembinaan', 'usia', 'dini', 'yang', 'memiliki', 'kompetisi', 'berjenjang', 'serta', 'berkualitas', 'itu', 'baru', 'satu', 'aspek', 'masih', 'banyak', 'lagi', 'persoalan', 'lain', 'untuk', 'dibenahi', 'secara', 'nasional', 'ambil', 'pemain', 'diaspora', 'sebanyak', 'mungkin', 'silakan']",Positif
"['semangat', 'terus', 'garudaku']",Positif
"['sepak', 'indonesia', 'yang', 'sesungguhnya']",Positif
"['bangga', 'banget', 'sama', 'timnasku', 'bisa', 'melangkah', 'sejauh', 'ini', 'bisa', 'bekerja', 'sama', 'satu', 'sama', 'lain', 'melewati', 'step', 'by', 'step', 'bersama', 'dalam', 'keadaan', 'menang', 'amp', 'kalah']",Positif
"['hasil', 'pahit', 'di', 'laga', 'terakhir', 'fase', 'grup', 'tapi', 'perjalanan', 'belum', 'selesai', 'garuda', 'tetap', 'melaju', 'ke', 'babak', 'kualifikasi', 'piala', 'dunia', 'masih', 'ada', 'peluang', 'untuk', 'raih', 'mimpi', 'ke', 'putaran', 'final']",Positif
"['nice', 'try', 'memang', 'belum', 'kelas', 'ya', 'terima', 'kasih', 'sudah', 'berjuang']",Positif
"['tetap', 'bangga', 'sama', 'timnas']",Positif
"['tetap', 'membumi', 'bukti', 'timnas', 'kita', 'masih', 'kelas', 'grade', 'asia']",Positif
"['alhamdulillah', 'menang', 'next', 'pertandingan', 'harusnya', 'bisa', 'menang', 'juga', 'kalau', 'dilihat', 'dari', 'permainannya', 'begini']",Positif
"['terimakasih', 'abang', 'jay', 'dkk', 'terimakasih', 'pelatih', 'terimakasih', 'sudah', 'berjuang', 'sampai', 'round', 'pasti', 'harus', 'evaluasi', 'jangankan', 'kita', 'jerman', 'amp', 'spanyol', 'pnh', 'ditekuk', 'jepang']",Positif
"['garuda', 'kalau', 'sudah', 'terbang', 'kadang', 'lupa', 'daratan', 'dan', 'pasti', 'akan', 'diingatkan', 'untuk', 'sekali', 'turun', 'ke', 'bumi', 'dengan', 'cara', 'yang', 'pahit', 'dan', 'sakit']",Positif
"['kegagalan', 'pinalty', 'kevin', 'diks', 'membuat', 'permainan', 'berubah', 'tapi', 'itulah', 'sepak', 'bola']",Positif
"['kalian', 'jangan', 'asal', 'bunyi', 'saja', 'menjelekkan', 'timnas', 'pemain', 'coach', 'staff', 'kita', 'tetap', 'support', 'ayo', 'berlatih', 'terus', 'ambil', 'pelajaran', 'berharga', 'ini', 'dulu', 'juga', 'japan', 'kalah', 'terus', 'tapi', 'tekun', 'berlatih', 'terus']",Positif
"['always', 'semangat', 'timnaskuuu']",Positif
"['gapapa', 'kalah', 'wajar', 'toh', 'australia', 'pemainnya', 'sudah', 'berpengalaman', 'semua', 'di', 'ajang', 'internasional']",Positif
"['terima kasih', 'atas', 'perjuangan', 'sampai', 'akhirnya', 'walau', 'ini', 'belum', 'berakhir']",Positif
"['kalian', 'hebat', 'terima', 'kasih', 'full', 'supportnya']",Positif
"['indonesia', 'ada', 'di', 'mana', 'mana', 'bangkit', 'fokus', 'round']",Positif
"['tetap', 'semangat', 'timnas', 'indonesiakuuu', 'pertandingan', 'berharga', 'untuk', 'pengalaman']",Positif
"['pelajaran', 'berharga', 'sebelum', 'bertanding', 'di', 'round', 'nanti', 'tetap', 'semangat', 'terimakasih', 'sudah', 'berjuang']",Positif
"['oke', 'semangat', 'garuda', 'ku']",Positif
"['gapapa', 'kalah', 'jepang', 'sangat', 'jauh', 'diatas', 'kita', 'berani', 'menyerang', 'saja', 'sudah', 'bagus']",Positif
"['serap', 'semua', 'ilmu', 'dari', 'jepang', 'biar', 'kita', 'terus', 'berkembang']",Positif
['banggaaa'],Positif
"['sudahlah', 'kita', 'apresiasi', 'buat', 'timnas']",Positif
"['tidak apa-apa', 'min', 'mantap']",Positif
"['wajar', 'kalah', 'lawan', 'tim', 'ranking', 'eiii', 'kalau', 'indonesia', 'lolos', 'wc', 'memangnya', 'kalian', 'pikir', 'lawannya', 'siapa', 'isinya', 'ya', 'selevel', 'jepang', 'bahkan', 'lebih', 'bagaimana', 'kalau', 'ketemu', 'tim', 'eropa', 'bisabisa', 'gol', 'dua', 'digit']",Positif
"['waktunya', 'syukuran', 'kecil', 'kecilan']",Positif
"['ayo', 'timnas', 'indonesia', 'terus', 'perbaiki', 'kesalahan', 'ditunggu', 'di', 'round', 'ke', 'ya']",Positif
"['fokus', 'lagi', 'ke', 'ronde', 'yuk', 'king', 'indonesia']",Positif
"['ditunggu', 'kehadirannya']",Positif
"['piala', 'dunia', 'didepan', 'mata', 'tetap', 'optimis', 'sama', 'timnas', 'kita']",Positif
"['untung', 'sudah', 'ngunci', 'tiket', 'round', 'jadi', 'hasil', 'akhir', 'tidak', 'ngaru', 'tegakkan', 'diri', 'garuda', 'kesalahan', 'fatal', 'buat', 'round', 'jangan', 'sampai', 'terjadi', 'semoga', 'oktober', 'bisa', 'raih', 'tiket', 'piala', 'dunia']",Positif
"['tetap', 'semangat', 'timnas', 'indonesia', 'masih', 'ada', 'kesempatan', 'di', 'round']",Positif
"['timnas', 'sepak', 'bola', 'kita', 'keren', 'kan', 'kapan', 'lagi', 'sekeren', 'ini']",Positif
"['semangat', 'bro']",Positif
"['keep', 'strong', 'buat', 'para', 'pemain', 'staff', 'jangan', 'sampai', 'ada', 'yang', 'cekcok', 'di', 'ruang', 'ganti', 'agar', 'selalu', 'harmonis']",Positif
"['kalian', 'sudah', 'sangat', 'istimewa', 'dimata', 'kami', 'terima', 'kasih', 'timnas']",Positif
"['federasi', 'harus', 'mempertimbangkan', 'untuk', 'kelanjutan', 'round', 'dan', 'pelatih', 'harus', 'memilih', 'kesebelasan', 'pemain', 'terbaik']",Positif
"['indonesia', 'bangsa', 'yang', 'besar']",Positif
"['mental', 'para', 'pemain', 'harus', 'di', 'asah', 'lagi', 'agar', 'kedepannya', 'tidak', 'goyah', 'sekalipun', 'dengan', 'suporrter', 'lawan']",Positif
"['kita', 'bangsa', 'yang', 'besar', 'kak']",Positif
"['terima', 'kasih', 'atas', 'perjuangan', 'luar', 'biasa', 'di', 'round', 'kalian', 'sudah', 'membawa', 'indonesia', 'melangkah', 'lebih', 'jauh', 'tetap', 'semangat', 'menatap', 'round', 'garuda', 'tak', 'pernah', 'menyerah']",Positif
"['memang', 'beda', 'level', 'saatnya', 'berbenah', 'garuda', 'tatap', 'round']",Positif
"['its', 'okay', 'lolos', 'round', 'juga', 'sudah', 'peningkatan', 'kok']",Positif
"['tetap', 'garuda', 'garuda', 'till', 'i', 'die']",Positif
"['permainannya', 'sudah', 'bagus', 'perbaiki', 'finishing', 'dan', 'pertajamkan', 'lagi', 'di', 'lini', 'depan']",Positif
"['tetap', 'semangat', 'garudaku']",Positif
"['kita', 'bangsa', 'besarr']",Positif
"['tetap', 'semangat', 'garuda', 'memang', 'level', 'kita', 'masih', 'jauh', 'dan', 'harus', 'banyak', 'belajar', 'lagi', 'sih', 'you', 'on', 'round']",Positif
"['tetap', 'tegakkan', 'pundak', 'dan', 'kepalamu', 'mari', 'berjuang', 'di', 'round', 'nanti']",Positif
"['terima', 'kasih', 'atas', 'perjuangan', 'luar', 'biasa', 'di', 'round', 'kalian', 'sudah', 'membawa', 'indonesia', 'melangkah', 'lebih', 'jauh', 'tetap', 'semangat', 'menatap', 'round', 'garuda', 'tak', 'pernah', 'menyerah', 'world', 'cup', 'here', 'we', 'come']",Positif
"['terima', 'kasih', 'sudah', 'melaju', 'ke', 'round', 'sudah', 'bagus']",Positif
"['walau', 'bagaimanapun', 'hasilnya', 'tetap', 'bangga', 'sama', 'timnas', 'yang', 'sekarang']",Positif
"['mendapat', 'pelajran', 'berharga', 'dari', 'abang', 'jepang', 'semangat']",Positif
['bangga'],Positif
"['istirahat', 'yang', 'nyenyak', 'ya', 'kalian', 'semua']",Positif
"['semangat', 'berbenah', 'timnas']",Positif
"['tetap', 'semangat', 'gantengku']",Positif
"['the', 'real', 'menyerang', 'adalah', 'bertahan']",Positif
"['its', 'okay', 'banyak', 'pelajaran', 'yang', 'dipetik', 'dari', 'match', 'kali', 'ini', 'keep', 'itu', 'up', 'garuda']",Positif
"['apapun', 'hasilnya', 'tetap', 'bangga', 'atas', 'kerja', 'keras', 'next', 'time', 'lebih', 'baik', 'lagi', 'boysss']",Positif
"['memang', 'lawannya', 'saja', 'yang', 'terlalu', 'superior', 'comeback', 'stronger']",Positif
"['terimakasih', 'atas', 'kerja', 'kerasnya', 'ayo', 'bangkit', 'dan', 'evaluasi', 'kekurangan', 'kita', 'dan', 'memecahkan', 'permainan', 'gaya', 'jpg', 'mengatasi', 'determinasi', 'yang', 'intens', 'seperti', 'itu', 'belajar', 'bagaimana', 'fisiknya', 'sekuat', 'mereka', 'kalau', 'dipepet', 'pemain', 'masih', 'bisa', 'meloloskan', 'diri']",Positif
"['tetap', 'semangat', 'ya']",Positif
['mantap'],Positif
"['please', 'jangan', 'ada', 'yang', 'hujan', 'pemain', 'mereka', 'sudah', 'berusaha', 'harusnya', 'kasih', 'apresiasi', 'tinggi', 'tinggi']",Positif
"['yuk', 'lebih', 'yuk']",Positif
"['dalam', 'pertandingan', 'kalah', 'menang', 'itu', 'sudah', 'wajar', 'apapun', 'dan', 'gimanapun', 'hasilnya', 'saya', 'tetap', 'dukung', 'indonesia', 'menang', 'saya', 'memuji', 'kalah', 'tidak', 'saya', 'caci', 'maki', 'semangat', 'timnas', 'ini', 'bukan', 'ahir', 'dari', 'segalanya']",Positif
"['tidak', 'mengharap', 'menang', 'lwn', 'jepang', 'moga', 'di', 'ronde', 'makin', 'solid', 'sudah', 'evaluasi', 'di', 'match', 'ini', 'dan', 'match', 'sebelumnya', 'untuk', 'persiapan', 'ronde']",Positif
"['oh', 'ini', 'terbaik']",Positif
"['tidak', 'paapaaa', 'banget', 'tetap', 'semangat']",Positif
"['tapi', 'ya', 'sepakbola', 'itu', 'sangat', 'dinamis', 'kemarin', 'dieluelukan', 'hari', 'ini', 'dihujat', 'tetap', 'semangat']",Positif
"['semangat', 'menatap', 'round']",Positif
"['terima', 'kasih', 'atas', 'perjuangannya', 'garuda']",Positif
['semangat'],Positif
"['ini', 'yang', 'harus', 'di', 'perhatikan', 'harus', 'ya']",Positif
"['terima', 'kasih', 'sudah', 'berjuang', 'garuda', 'muda']",Positif
"['intinya', 'memang', 'harus', 'banyak', 'bebenah', 'timnas', 'indonesia', 'tidak', 'ada', 'yang', 'siasia', 'terus', 'berproses', 'menjadi', 'satu', 'tim', 'dengan', 'pemain', 'terbaik', 'dan', 'tidak', 'ada', 'yang', 'instan', 'meskipun', 'sudah', 'banyak', 'pemain', 'naturalisasinya', 'sekali', 'lagi', 'terima', 'kasih']",Positif
['semangat'],Positif
"['walaupun', 'kita', 'kejebolan', 'banyak', 'tapi', 'kan', 'enggak', 'harus', 'dihujat', 'punya', 'hati', 'sama', 'jari', 'pada', 'busuk', 'banget', 'indonesia', 'bukanny', 'enggak', 'bisa', 'improve', 'justru', 'kita', 'sudah', 'improve', 'but', 'jepang', 'lebih', 'lebih', 'lagi', 'improve', 'ya', 'makanya', 'susah', 'buat', 'ngejar', 'apalagi', 'bisa', 'seimbang']",Positif
"['sepertinya', 'timnas', 'butuh', 'pemain', 'seperti', 'boaz', 'solossa', 'atau', 'yang', 'punya', 'kecepatan', 'dan', 'dribble', 'bola', 'khas', 'papua']",Positif
"['saya', 'percaya', 'babak', 'dua', 'akan', 'berjalan', 'sampai', 'selesai']",Positif
"['tidak apa-apa', 'aku', 'tetap', 'bangga', 'thank', 'you', 'guys']",Positif
"['iya', 'sulit', 'ngimbangin', 'permainan', 'jepang', 'yang', 'cepat', 'timnas', 'belum', 'bisa', 'melakukan', 'position', 'bola', 'pendek', 'yang', 'baik', 'kalau', 'dilihat', 'tadi', 'formasi', 'ya', 'kluivert', 'juga', 'lebar', 'jarak', 'ya', 'jauh', 'jauh', 'harus', 'ya', 'babak', 'kedua', 'tadi', 'formasi', 'lebih', 'padat', 'agar', 'aliran', 'bola', 'pendek', 'jadi', 'lebih', 'baik']",Positif
"['ambil', 'hikmahnya', 'dari', 'pertandingan', 'ini', 'untuk', 'round', 'gesss']",Positif
"['timnas', 'indonesia', 'dapat', 'pelajaran', 'berharga', 'dari', 'jepang', 'ternyata', 'masih', 'ada', 'banyak', 'hal', 'yang', 'harus', 'dibenahi', 'untuk', 'bisa', 'bersaing', 'di', 'level', 'dunia']",Positif
"['yang', 'hujat', 'ganti', 'pelatih', 'dan', 'menyalahkan', 'ini', 'itu', 'jangan', 'ditanggepin', 'guys', 'kalau', 'supporter', 'sejati', 'kelakuan', 'ya', 'tidak bakal', 'kayak', 'begitu', 'kagak', 'pada', 'mengaca', 'kali', 'yang', 'dilawan', 'itu', 'jepang', 'rank', 'dunia', 'lawan', 'rank', 'dunia', 'kamu', 'gila', 'apa', 'ya', 'pada', 'mengharap', 'menang', 'atau', 'bisa', 'menahan', 'imbang']",Positif
"['mau', 'berharap', 'apa', 'memang', 'secara', 'kelas', 'kita', 'masih', 'di', 'bawah', 'jepang']",Positif
"['terima', 'kasih', 'sudah', 'berjuang', 'timnas', 'ku']",Positif
"['yakob', 'dan', 'yance', 'sikembar', 'yang', 'tidak', 'kenal', 'lelah']",Positif
"['tapi', 'hal', 'ini', 'kan', 'yang', 'diminta', 'orang', 'orang', 'perubahan', 'lineup', 'untuk', 'mencegah', 'akumulasi', 'kartu', 'demi', 'match', 'di', 'ronde', 'ke', 'yang', 'diperlukan', 'adalah', 'rotasi', 'tapi', 'hasilnya', 'berat', 'oleh', 'karena', 'itu', 'dengarkanlah', 'lagu', 'terakhir', 'dari', 'kami', 'rotasi', 'berat']",Positif
"['sepakbola', 'kita', 'keren']",Positif
"['semangat', 'terus', 'ayo', 'bangkit', 'lagi']",Positif
"['after', 'all', 'terimakasih', 'sudah', 'berjuang', 'garuda']",Positif
"['alhamdulillah', 'permainan', 'indonesia', 'sangat', 'bersih', 'tanpa', 'kartu']",Positif
"['good', 'game', 'well', 'played', 'pelajaran', 'yang', 'sangat', 'berharga', 'untuk', 'pemain', 'dan', 'staff', 'kepelatihan', 'perlu', 'belajar', 'bermain', 'pragmatis', 'low', 'block', 'dan', 'cari', 'ataupun', 'didik', 'pelapis', 'pelupessy', 'lanjut', 'trading']",Positif
"['good', 'game', 'semoga', 'timnas', 'indonesia', 'belajar', 'dan', 'tidak', 'terlalu', 'rolex', 'bersiap', 'friendly', 'match', 'amp', 'round', 'semakin', 'baik', 'minimal', 'pemain', 'indonesia', 'bersih', 'tidak', 'ada', 'yang', 'kena', 'kartu', 'kuning', 'jadi', 'di', 'bisa', 'full', 'pemain', 'tanpa', 'ada', 'issue', 'akumulasi', 'kartu']",Positif
"['pelajaran', 'yang', 'sangat', 'berharga']",Positif
"['perjuangan', 'kalian', 'sangat', 'luar', 'biasa', 'malam', 'ini']",Positif
"['yang', 'sabar', 'ya', 'bos']",Positif
"['sudah', 'tau', 'lawannya', 'king', 'asia', 'dan', 'kebanyakan', 'postur', 'tubuh', 'tidak', 'terlalu', 'kalah', 'saya', 'rasa', 'mas', 'blora', 'work', 'itu', 'untuk', 'lemparan', 'mengingat', 'kita', 'punya', 'jay', 'mees', 'joey']",Positif
"['tetap', 'semangat', 'semangat', 'dan', 'semangat']",Positif
"['tetap', 'semangat', 'ya']",Positif
"['dann', 'ya', 'sudah', 'kalah', 'ya', 'sama', 'aus', 'marah', 'ya', 'ke', 'indonesia', 'curang', 'banget', 'lawan', 'aus', 'pakai', 'pemain', 'cadangan', 'lawan', 'indonesia', 'inti', 'tidak', 'garuda']",Positif
"['gapapa', 'match', 'ini', 'bukan', 'akhir', 'dari', 'segalanya', 'terimakasih', 'sudah', 'berjuang', 'bang']",Positif
"['nanti', 'guys', 'tidak apa-apa', 'memang', 'belum', 'level', 'ya', 'sekarang', 'fokus', 'round', 'yang', 'lawannya', 'mafia', 'semua', 'kecuali', 'iraq']",Positif
"['nanti', 'tetap', 'semangat']",Positif
"['pak', 'kita', 'butuh', 'tambaham', 'amunisi', 'baru', 'pemain', 'yang', 'ada', 'sekarang', 'bagus', 'tapi', 'lawan', 'kita', 'di', 'round', 'levelnya', 'jauh', 'lebih', 'bagus', 'ini', 'kesempatan', 'emas', 'buat', 'indonesia', 'untuk', 'mencetak', 'sejarah', 'lolos', 'piala', 'dunia', 'kita', 'hanya', 'butuh', 'laga', 'lagi', 'pak', 'amf', 'amp', 'cf']",Positif
['menduniaaa'],Positif
"['banyak', 'banget', 'yang', 'harus', 'diperbaiki']",Positif
"['tetap', 'bangga']",Positif
['bagus'],Positif
"['semangat', 'terus', 'sayang', 'sayangku']",Positif
"['nanti', 'masih', 'keliat', 'banget', 'perbedaan', 'kualitas', 'dari', 'taktik', 'dan', 'pemainnya', 'lebih', 'baik', 'lagi', 'kedepannya', 'keep', 'fighting']",Positif
"['sudah', 'jangan', 'diini', 'iniin', 'banget', 'lawannya', 'raja', 'terakhir', 'asia', 'itu']",Positif
"['gapapa', 'ingat', 'kalau', 'mau', 'main', 'dipiala', 'dunia', 'harus', 'lebih', 'baik', 'dari', 'ini', 'jangan', 'bahas', 'selalu', 'beda', 'kelas', 'kalian', 'bukan', 'kelas', 'rendahan', 'ingat', 'itu', 'come', 'on', 'garuda']",Positif
"['kira', 'kalau', 'kita', 'masuk', 'world', 'cup', 'bakal', 'seperti', 'ini', 'levelnya', 'timnas', 'masih', 'ketinggalan', 'level', 'kalau', 'bisa', 'dibilang', 'walau', 'pakai', 'diaspora', 'pokoknya', 'semangat', 'timnas']",Positif
"['hal', 'positif', 'hari', 'ini', 'tetap', 'posting', 'walaupun', 'kalah']",Positif
"['shottt', 'gila', 'passing', 'jepun', 'semangat', 'indonesia', 'round', 'kedepannya', 'makin', 'kompak', 'dan', 'upgrade', 'passing']",Positif
"['nanti', 'semangat', 'reset', 'lagi', 'untuk', 'round']",Positif
"['walaupun', 'gue', 'bingung', 'ini', 'mainnya', 'mau', 'bagaimana', 'tapi', 'tetap', 'wajar', 'lah', 'namanya', 'juga', 'di', 'kandang', 'jepang']",Positif
"['wes', 'wes', 'hari', 'esok', 'semoga', 'lebih', 'baik']",Positif
"['tetap', 'semangat', 'garuda', 'kalah', 'dari', 'timnas', 'jepang', 'jadi', 'pemicu', 'kebangkitan', 'untuk', 'menatap', 'ronde', 'ke', 'sekaligus', 'tanda', 'bahwa', 'lawanlawan', 'di', 'ajang', 'piala', 'dunia', 'levelnya', 'sangat', 'tinggi']",Positif
"['om', 'patrick', 'tolong', 'nanti', 'latihan', 'kayak', 'begini', 'ya']",Positif
"['memang', 'team', 'jepang', 'raja', 'ya', 'asia', 'team', 'indonesia', 'wajib', 'belajar', 'khusus', 'ya', 'lini', 'belakang', 'masalah', 'kordinasi']",Positif
"['terlepas', 'dari', 'itu', 'semua', 'what', 'a', 'journey', 'for', 'indonesia', 'selama', 'ronde', 'ketiga', 'ini', 'banyak', 'banget', 'dramanya', 'para', 'pemain', 'come', 'and', 'go', 'termasuk', 'uhuk', 'ganti', 'pelatih', 'dan', 'lainlain', 'still', 'respect', 'for', 'our', 'squad', 'sih', 'you', 'on', 'round']",Positif
"['semoga', 'tetap', 'semangat', 'dan', 'bisa', 'ambil', 'pelajaran', 'dari', 'kekalahan', 'lawan', 'timnasjepang']",Positif
"['memang', 'kalah', 'kelas', 'akurasi', 'kecepatan', 'passing', 'pergerakan', 'nah', 'belajar', 'lah', 'menghadapi', 'kualifikasi', 'lawan', 'lawannya', 'berat', 'juga']",Positif
"['gapapa', 'gapapa', 'memang', 'beda', 'kelas', 'abang', 'jepang', 'terlalu', 'op']",Positif
"['semangat', 'abangda']",Positif
"['tetap', 'semangat', 'timnas']",Positif
"['timnas', 'indonesia', 'dikalahkan', 'timnas', 'jepang', 'dengan', 'skor', 'di', 'stadion', 'suita', 'prefektur', 'osaka', 'tetap', 'semangat', 'timnas', 'indonesia']",Positif
"['kita', 'bangsa', 'yang', 'besar']",Positif
"['ya', 'beginilah', 'lawan', 'tim', 'kelas', 'dunia', 'wkwk', 'prnya', 'masih', 'sangaylt', 'banyak', 'next', 'round', 'lawane', 'tim', 'tim', 'arab', 'semoga', 'lebih', 'baik', 'sih', 'you', 'september', 'oktober', 'semangat', 'garudaku', 'menyala']",Positif
"['tolong', 'jangan', 'bandingkan', 'lagi', 'sekelas', 'jerman', 'saja', 'bisa', 'kalah', 'memang', 'belum', 'levelnya', 'ampun', 'abang']",Positif
"['sudah', 'berakhir', 'mari', 'berbenah', 'untuk', 'ronde', 'bung']",Positif
"['semangat', 'garuda', 'di', 'babak', 'selanjutnya']",Positif
"['terima', 'kasih', 'untuk', 'kerja', 'kerasnya', 'garuda', 'sehatsehat', 'ya', 'semuanya', 'dan', 'buat', 'yang', 'cedera', 'semoga', 'lekas', 'pulih', 'dan', 'buat', 'temanteman', 'semuanya', 'tolong', 'jangan', 'ada', 'yang', 'hujat', 'pemain']",Positif
"['realistis', 'guys', 'kita', 'club', 'baru', 'mau', 'ngelangkah', 'pildun', 'sedangkan', 'jepang', 'langganan', 'pildun', 'jelas', 'beda', 'kelasnya', 'juga', 'dari', 'rank', 'saja', 'sudah', 'selisih', 'tingkat', 'jangan', 'ada', 'yang', 'hujat', 'pemain', 'pls']",Positif
['semangaaat'],Positif
"['mari', 'bersiap', 'round', 'garuda']",Positif
"['dan', 'untuk', 'suporter', 'tetap', 'dukung', 'tetap', 'rendah', 'diri', 'tetap', 'semangat', 'kalah', 'amp', 'kena', 'bantai', 'mah', 'sudah', 'biasa', 'mental', 'kita', 'sudah', 'keasah', 'berkali', 'sekarang', 'yang', 'bisa', 'amp', 'harus', 'kita', 'melakukan', 'hanyalah', 'satu', 'bersikap', 'kritis', 'tapi', 'tetap', 'dukung', 'amp', 'stay', 'positive', 'kalau', 'mau', 'berkembang', 'amp', 'maju', 'ke', 'depannya']",Positif
"['kalian', 'tetap', 'yang', 'terbaik', 'tingkatin', 'level', 'lagi', 'karena', 'lawan', 'jepang', 'saja', 'dibantai', 'bagaimana', 'mau', 'lawan', 'argentina']",Positif
"['terimakasih', 'buat', 'timnas', 'semoga', 'laga', 'lawan', 'king', 'asia', 'ini', 'jadi', 'pengalaman', 'dan', 'ilmu', 'baru', 'untuk', 'oktober', 'nanti', 'lesgo', 'raih', 'juara', 'di', 'oktober', 'nanti', 'amin']",Positif
"['terima', 'kasih']",Positif
"['fifa', 'world', 'cup', 'asian', 'qualifiers', 'ft', 'jepang', 'indonesia', 'chin', 'up', 'garuda', 'masih', 'ada', 'putaran']",Positif
"['tidak apa-apa', 'tidak apa-apa']",Positif
"['cukup', 'disyukuri']",Positif
"['tidak usah', 'hujat', 'diwajarin', 'saja', 'kalah', 'lawan', 'jepang', 'yang', 'penting', 'kita', 'bisa', 'sadar', 'dimana', 'level', 'kita', 'sekarang', 'banyak', 'yang', 'bisa', 'ditingkatkan', 'semoga', 'jadi', 'pelajaran', 'buat', 'round']",Positif
"['terimakasih', 'kak', 'jepang', 'buat', 'pelajarannya', 'kali', 'di', 'bantai', 'biar', 'dik', 'indonesia', 'kuat', 'mental', 'nanti', 'pas', 'masuk', 'piala', 'dunia']",Positif
"['yang', 'hujat', 'otak', 'ya', 'setengah']",Positif
"['masih', 'banyak', 'waktu', 'buat', 'berbenah']",Positif
"['tolong', 'evaluasi', 'besar', 'untuk', 'melaju', 'ke', 'round', 'selanjutnya', 'agar', 'timnas', 'lebih', 'baik', 'lagi']",Positif
"['berkaca', 'dari', 'jepang', 'sudah', 'saatnya', 'pembenahan', 'akademi', 'untuk', 'jangka', 'panjang']",Positif
"['tetap', 'bangga']",Positif
"['its', 'not', 'okay', 'honestly', 'tapi', 'terima', 'kasih', 'sudah', 'berjuang', 'bounce', 'back']",Positif
"['setengah', 'lusin', 'sudah', 'cukup', 'membuktikan', 'bahwa', 'perlu', 'di', 'evalusi', 'kakak', 'jangan', 'terlalu', 'serius', 'ngajarinya', 'tetap', 'semagat']",Positif
"['gapapa', 'yang', 'penting', 'kita', 'bangsa', 'yang', 'besar']",Positif
"['kekalahan', 'ini', 'seperti', 'menyelam', 'ke', 'samudra', 'luas', 'setelah', 'terbiasa', 'di', 'kolam', 'kita', 'memang', 'tenggelam', 'tapi', 'kini', 'kita', 'tahu', 'kedalamannya', 'angkat', 'kepala', 'babak', 'selanjutnya', 'adalah', 'kesempatan', 'kita', 'untuk', 'mengarungi', 'ombak']",Positif
"['di', 'wajarin', 'mau', 'kalah', 'pun', 'hatiku', 'tetap', 'garuda']",Positif
"['tetap', 'semangat', 'dan', 'mari', 'tatap', 'round']",Positif
"['gapapa', 'tidak', 'nice', 'try', 'semua', 'banggaa', 'bisa', 'dititik', 'ini', 'bisa', 'lawan', 'rank', 'saat', 'rank', 'sendiri', 'saja', 'masih', 'an', 'king', 'indonesia', 'selalu', 'jadi', 'king']",Positif
"['sudah', 'lah', 'fokus', 'ke', 'ronde', 'tapi', 'masih', 'lama', 'banget', 'lagi']",Positif
"['deserved', 'defeat', 'memang', 'masih', 'jauh', 'banget', 'levelnya', 'tapi', 'harus', 'tetap', 'berproses', 'semangat']",Positif
"['terima', 'kasih', 'sudah', 'berjuang', 'garuda', 'level', 'kita', 'sudah', 'naik', 'bukan', 'lagi', 'target', 'juara', 'aff', 'tapi', 'target', 'masuk', 'world', 'cup', 'berbenah', 'buat', 'round', 'yuk', 'king', 'indonesia', 'asa', 'buat', 'main', 'di', 'world', 'cup', 'itu', 'masih', 'ada']",Positif
"['gapapa', 'ya', 'boleh', 'ya']",Positif
"['semangat', 'punggawa', 'timnas', 'kalian', 'sudah', 'berjuang', 'tapi', 'ya', 'jangan', 'juga', 'seharusnya']",Positif
"['karena', 'manusia', 'tempatnya', 'salah', 'dan', 'lupa', 'wajarlah', 'manusia', 'bukan', 'nabi', 'boyy']",Positif
"['bek', 'sekeren', 'ini', 'yang', 'selalu', 'diinget', 'cuman', 'kesalahan', 'lawan', 'china', 'doang', 'anjir', 'debut', 'ya', 'dia', 'saja', 'sudah', 'sekeren', 'ini', 'statistik', 'ya', 'dan', 'sebelum', 'cedera', 'juga', 'ini']",Positif
"['jangan', 'menyerah', 'garuda', 'kekalahan', 'hari', 'ini', 'bukan', 'akhir', 'segalanya', 'ini', 'adalah', 'bagian', 'dari', 'proses', 'menuju', 'kemenangan', 'yang', 'lebih', 'besar', 'kami', 'bangga', 'pada', 'semangat', 'juang', 'kalian', 'terbanglah', 'lebih', 'tinggi', 'garuda']",Positif
"['kehadiran', 'ole', 'romeny', 'di', 'timnas', 'indonesia', 'ikut', 'membawa', 'garuda', 'lolos', 'ke', 'ronde', 'dengan', 'kontribusi', 'gol', 'yang', 'dia', 'berikan', 'point', 'gol', 'dari', 'ole', 'di', 'tahun', 'semangat', 'romeny', 'amp', 'thanks', 'all']",Positif
"['round', 'tantangan', 'lainnya', 'adalah', 'wasit', 'namun', 'apapun', 'itu', 'pemain', 'harus', 'tetap', 'fokus', 'pada', 'pertandingan', 'sapu', 'bersih', 'adalah', 'suatu', 'kewajiban', 'di', 'round', 'nanti']",Positif
"['indonesia', 'berhasil', 'melaju', 'ke', 'ronde', 'kualifikasi', 'piala', 'dunia', 'zona', 'asia', 'bersama', 'lima', 'negara', 'kuat', 'lainnya', 'qatar', 'arab', 'saudi', 'irak', 'uea', 'dan', 'oman', 'yuk', 'dukung', 'terus', 'perjuangan', 'timnas', 'indonesia', 'menuju', 'piala', 'dunia']",Positif
"['ada', 'alasan', 'kenapa', 'gue', 'bilang', 'lebih', 'mudah', 'lolos', 'dari', 'ronde', 'kemarin', 'daripada', 'ronde', 'selanjutnya', 'ya', 'ini', 'salah', 'satunya', 'menang', 'dari', 'qatar', 'dan', 'juga', 'irak', 'itu', 'ibaratnya', 'seperti', 'film', 'mission', 'impossible', 'bisa', 'tapi', 'butuh', 'keajaiban']",Positif
"['ayo', 'garuda', 'sedikit', 'lagi', 'kalian', 'akan', 'mewujudkan', 'mimpi', 'kita', 'semua', 'kerja', 'keras', 'harus', 'ditingkatkan', 'doa', 'dan', 'harapan', 'selalu', 'kami', 'panjatkan', 'untuk', 'perjuangan', 'kalian', 'terus', 'berjuang', 'kami', 'hantarkan', 'dengan', 'teriakan', 'dan', 'doa']",Positif
"['siapa', 'pun', 'bisa', 'mendukung', 'tim', 'yang', 'sedang', 'menang', 'tidak', 'butuh', 'keberanian', 'namun', 'untuk', 'mendukung', 'tim', 'dan', 'membela', 'tim', 'saat', 'mereka', 'terpuruk', 'dan', 'sangat', 'membutuhkan', 'anda', 'itu', 'butuh', 'keberanian', 'yang', 'besar']",Positif
"['bismillah', 'semoga', 'beruntung', 'menang', 'kita', 'bangga', 'kalaupun', 'kalah', 'tidak', 'jadi', 'masalah', 'tetap', 'semangat', 'garuda', 'di', 'dadaku', 'kebanggaanku', 'yuk', 'ikutan']",Positif
"['sama', 'kuat', 'di', 'babak', 'pertama']",Positif
"['match', 'semalem', 'memperlihatkan', 'kualitas', 'mees', 'amp', 'kevin', 'memang', 'tidak', 'cocok', 'sama', 'timnas', 'angkot', 'ini', 'cuman', 'mereka', 'yang', 'cut', 'bola', 'tapi', 'yang', 'lain', 'cuman', 'diam', 'membisu', 'ini', 'bisa', 'jadi', 'evaluasi', 'coach', 'dkk', 'kalau', 'masih', 'belum', 'sadar', 'juga', 'mees', 'akan', 'selamnya', 'terlihat', 'main', 'sendiri', 'dan', 'seolah', 'dia', 'tidak', 'bisa', 'bermain']",Positif
"['cry', 'boleh', 'fan', 'timnas', 'namun', 'tidak', 'boleh', 'hate', 'comment', 'ke', 'pemain', 'ya', 'sudah', 'babak', 'belur', 'juga', 'mereka', 'main', 'semalem', 'ditambah', 'lagi', 'sama', 'ekspektasi', 'kalian', 'yang', 'gagal', 'terpenuhi', 'bangkit', 'for', 'next']",Positif
"['terkait', 'kekalahan', 'melawan', 'jepang', 'kita', 'tentu', 'ambil', 'hikmahnya', 'kalau', 'dari', 'peringkat', 'saja', 'kita', 'jauh', 'dari', 'jepang', 'pengalaman', 'di', 'piala', 'dunia', 'juga', 'jepang', 'menjadi', 'negara', 'langganan', 'peserta', 'piala', 'dunia', 'kata', 'lalu', 'kepada', 'wartawan', 'rabu']",Positif
"['pelajaran', 'pahit', 'timnas', 'garuda', 'tak', 'berdaya', 'dilibas', 'samurai', 'jepang', 'gol', 'tanpa', 'balas']",Positif
"['kalah', 'dari', 'jepang', 'harus', 'jadi', 'pelecut', 'untuk', 'berbenah', 'masih', 'ada', 'waktu', 'untuk', 'memperbaiki', 'sesekali', 'harus', 'menunduk', 'tapi', 'tidak', 'boleh', 'terlalu', 'lama', 'bangkit', 'lebih', 'kuat', 'di', 'round']",Positif
"['kalau', 'dilihat', 'dari', 'pertandingan', 'emil', 'dia', 'ini', 'tipe', 'kiper', 'yang', 'suka', 'menangkis', 'bola', 'nah', 'ini', 'repot', 'buat', 'lwn', 'yang', 'jago', 'kayak', 'jpn', 'beda', 'sama', 'paes', 'yang', 'lebih', 'suka', 'nangkep', 'bola', 'kasih', 'napas', 'buat', 'timnas', 'sebelum', 'bola', 'digulirkan', 'kembali', 'tapi', 'thankyou', 'buat', 'savenya']",Positif
"['ayo', 'timnas', 'indonesia', 'berikan', 'yang', 'terbaik', 'raih', 'kemenangan', 'dan', 'buat', 'sejarah']",Positif
"['harapan', 'cukup', 'main', 'bertahanbisa', 'menahan', 'imbang', 'juga', 'luar', 'biasa', 'sadar', 'diri', 'saja', 'sih', 'lawannya', 'peringkat']",Positif
"['bukan', 'kalah', 'tapi', 'hanya', 'tidak', 'menang', 'titik']",Positif
"['semangat', 'anda', 'tim', 'pelatih', 'para', 'pemain', 'sudah', 'berusaha', 'maksimal', 'apapun', 'hasilnya', 'gue', 'sebagai', 'anak', 'bangsa', 'terus', 'support', 'max', 'jayajaya', 'hillgers']",Positif
"['ayo', 'semangat', 'terus', 'garuda', 'indonesia', 'kalian', 'semua', 'adalah', 'yang', 'terbaik', 'amp', 'kebanggaan', 'kita', 'semua', 'teruslah', 'berjuang', 'dengan', 'semangat', 'yang', 'membara', 'kami', 'semua', 'akan', 'selalu', 'mendukung', 'amp', 'mendoakan', 'keberhasilan', 'kalian', 'ikutan', 'yuk']",Positif
"['menang', 'dan', 'kalah', 'itu', 'biasa', 'yang', 'luar', 'biasa', 'itu', 'seorang', 'pemimpin', 'negara', 'yang', 'tetap', 'semangat', 'menyaksikan', 'perjuangan', 'tanpa', 'henti', 'dari', 'para', 'pemain', 'timnas']",Positif
"['untuk', 'timnas', 'kebanggaan', 'indonesia', 'tetap', 'semangat', 'kalian', 'pasti', 'bisa', 'jadi', 'juara', 'kami', 'masyarakat', 'indonesia', 'akan', 'selalu', 'mendukung', 'kalian', 'semua', 'semangat', 'terus', 'timnas', 'indonesia', 'ikutan', 'yuk']",Positif
"['teruslah', 'berjuang', 'yang', 'terbaik', 'garuda', 'menuju', 'putaran', 'kualifikasi', 'piala', 'dunia', 'bagaimana', 'pun', 'juga', 'garuda', 'selalu', 'di', 'dada']",Positif
"['masih', 'menyalahkan', 'mees', 'sampai', 'dihujat', 'di', 'ig', 'pribadinya', 'situ', 'waras', 'mikir', 'lah', 'minimal', 'ini', 'yang', 'di', 'lawan', 'jepang', 'woy', 'bukan', 'negara', 'tetangga', 'apa', 'yang', 'kamu', 'harapin', 'dari', 'lawan', 'jepang', 'dengan', 'peringkat', 'dunia', 'sedangkan', 'negara', 'kamu', 'jauuuhh', 'di', 'bawah', 'sana']",Positif
"['tegakkan', 'kepala', 'pelajaran', 'berharga', 'untuk', 'besok', 'selalu', 'terbang', 'tinggi', 'garuda']",Positif
"['tau', 'tidak', 'sih', 'jepang', 'itu', 'ranking', 'dunia', 'indonesia', 'mah', 'jauh', 'ranking', 'woi', 'ntu', 'apa', 'call', 'center', 'kalah', 'besar', 'abang', 'udang', 'abang', 'ampun']",Positif
"['tetap', 'tegakkan', 'kepalamu', 'emil', 'mees', 'ole', 'dkk', 'kita', 'dapat', 'plajaran', 'berharga', 'buat', 'tampil', 'di', 'pentas', 'pildun', 'nantinya', 'saat', 'ini', 'usah', 'mikir', 'kalah', 'besar', 'dari', 'jepang', 'di', 'osaka', 'king', 'indonesia', 'siap', 'menatap', 'round', 'untuk', 'menang', 'kita', 'balikin', 'lagi', 'keadaannya']",Positif
"['bro', 'justin', 'hubner', 'thanks', 'ya', 'match', 'ini', 'jadi', 'good', 'boy', 'nurut', 'tidak', 'yang', 'ngerepotin', 'abangnya', 'gue', 'doain', 'kamu', 'ntin', 'jadi', 'calon', 'ayah', 'yang', 'baik']",Positif
"['yang', 'kecewa', 'silakan', 'menepi', 'yang', 'masih', 'setia', 'mari', 'tetap', 'berdiri']",Positif
"['semenjak', 'menang', 'dua', 'kali', 'beruntun', 'saya', 'melihat', 'sudah', 'merasa', 'puas', 'sehingga', 'timnas', 'kita', 'mogok', 'di', 'jalan', 'sementara', 'timnas', 'asean', 'lain', 'ya', 'baru', 'menuangkan', 'avtur', 'ke', 'dalam', 'mesinnya', 'jika', 'di', 'biarkan', 'terus', 'berlanjut', 'bukan', 'tidak', 'mungkin', 'kita', 'akan', 'ketinggalan', 'kembali']",Positif
"['seenggaknya', 'kita', 'bisa', 'maju', 'ke', 'ronde', 'jepang', 'cuma', 'mampu', 'sampai', 'ronde']",Positif
"['memang', 'beda', 'kelas', 'beda', 'pengalaman', 'tidak apa-apa', 'wlpn', 'kalah', 'telak']",Positif
"['apapun', 'yang', 'terjadi', 'apapun', 'hasilnya', 'tetap', 'support', 'timnas', 'indonesia', 'hargai', 'perjuangan', 'mereka']",Positif
"['tidak usah', 'ada', 'yang', 'hate', 'salah', 'satu', 'pemain', 'kasih', 'saran', 'sama', 'kritik', 'boleh', 'tapi', 'jangan', 'kelewatan']",Positif
"['its', 'oke', 'semuanya', 'gapapa', 'kalah', 'besok', 'bikin', 'takoyaki', 'isi', 'rendang']",Positif
"['belum', 'telat', 'buat', 'belajar', 'tahunan', 'lalu', 'timnas', 'jepang', 'pernah', 'terpuruk', 'dari', 'kejayaan', 'kini', 'mereka', 'bounce', 'back', 'di', 'kancah', 'sepakbola', 'dunia', 'kini', 'konsisten', 'bahkan', 'besar', 'fifa']",Positif
"['tetap', 'support', 'timnas', 'era', 'sekarang']",Positif
"['indonesia', 'walaupun', 'kalah', 'saya', 'tetap', 'akan', 'dukung', 'tapi', 'netizen', 'ayolah', 'jangan', 'kayak', 'begitu', 'jangan', 'karena', 'kalah', 'tiba', 'menyalahkan', 'pelatih', 'lah', 'pemain', 'lah', 'bagusan', 'sty', 'lah', 'coach', 'patrick', 'punya', 'alasan', 'kenapa', 'pilih', 'squadnya', 'itu']",Positif
"['sudah', 'lah', 'kalah', 'lawan', 'jepang', 'kan', 'hal', 'biasa', 'ini', 'juga', 'kan', 'tim', 'pelatih', 'mencoba', 'banyak', 'pemain', 'ambil', 'pelajaran', 'saja', 'jangan', 'malah', 'menghujat', 'sana', 'sini']",Positif
"['silakan', 'pergi', 'ketika', 'tidak', 'mau', 'menerima', 'kekalahan', 'tetapi', 'jangan', 'pernah', 'bersorak', 'ketika', 'timnas', 'meraih', 'kemenangan', 'dan', 'prestasi']",Positif
"['terima', 'kasih', 'sudah', 'berjuang', 'melawan', 'samurai', 'biru', 'di', 'lapangan', 'tetap', 'semangat', 'kami', 'tetap', 'bangga', 'dan', 'akan', 'terus', 'mendukungmu', 'di', 'ronde', 'berikutnya']",Positif
"['walaau', 'kebobolan', 'gol', 'menurutku', 'emil', 'lebih', 'bagus', 'dari', 'paes']",Positif
"['gapapa', 'jangan', 'bersedih', 'masih', 'ada', 'next', 'game']",Positif
"['gapapa', 'guys', 'yang', 'penting', 'sudah', 'ke', 'round']",Positif
"['jangan', 'bersedih', 'ingat', 'katakata', 'ketika', 'gosok', 'undian', 'di', 'minuman', 'aleale', 'coba', 'lagi']",Positif
"['ya', 'patrick', 'kluivert', 'sangat', 'kecewa', 'tetapi', 'timnas', 'indonesia', 'harus', 'bersiap', 'menatap', 'putaran', 'keempat', 'kualifikasi', 'piala', 'dunia', 'kekalahan', 'dari', 'jepang', 'jadi', 'pelajaran', 'penting']",Positif
"['dalam', 'dua', 'tahun', 'terakhir', 'indonesia', 'sudah', 'ketemu', 'jepang', 'hasilnya', 'tigatiganya', 'kalah', 'apa', 'yang', 'jadi', 'sorotan', 'setelah', 'kalah', 'development', 'pembinaan', 'dari', 'bawah', 'ke', 'atas', 'keinginan', 'untuk', 'sabar', 'selalu', 'digaungkan', 'tapi', 'apa', 'respon', 'federasi', 'ya', 'betul', 'cara', 'cepat']",Positif
"['ya', 'patrick', 'kluivert', 'sangat', 'kecewa', 'tetapi', 'timnas', 'indonesia', 'harus', 'bersiap', 'menatap', 'putaran', 'keempat', 'kualifikasi', 'piala', 'dunia', 'kekalahan', 'dari', 'jepang', 'jadi', 'pelajaran', 'penting']",Positif
"['nice', 'try', 'gusyyy', 'yang', 'penting', 'sudah', 'masuk', 'ke', 'putaran', 'keempat', 'ya']",Positif
"['meski', 'kalah', 'lawan', 'jepang', 'terima', 'kasih', 'atas', 'perjuangannya', 'hari', 'ini', 'untuk', 'emil', 'audero', 'justin', 'hubner', 'mees', 'hilgers', 'jay', 'idzes', 'dean', 'james', 'kevin', 'diks', 'thom', 'haye', 'joey', 'pelupessy', 'yance', 'sayuri', 'beckham', 'putra', 'ole', 'romeny', 'kambuaya', 'yakob', 'marselino', 'shayne', 'lilipaly']",Positif
"['inilah', 'pentingnya', 'kalau', 'belum', 'sampai', 'ke', 'level', 'tertinggi', 'jangan', 'banyak', 'gaya', 'dan', 'seremoni', 'semoga', 'bisa', 'mengambil', 'pelajaran', 'untuk', 'ronde', 'kualifikasi', 'pildun', 'yang', 'lebih', 'baik']",Positif
"['timnas', 'indonesia', 'seperti', 'terbang', 'ke', 'langit', 'berkat', 'berbagai', 'pujian', 'usai', 'meraih', 'kemenangan', 'beruntun', 'yakni', 'atas', 'bahrain', 'dan', 'china', 'jay', 'idzes', 'dan', 'kawankawan', 'kini', 'kembali', 'menginjak', 'bumi', 'usai', 'disadarkan', 'jepang']",Positif
"['harusnya', 'pada', 'sadar', 'diri', 'kita', 'kalah', 'ya', 'lawan', 'jepang', 'begitu', 'yang', 'beda', 'level', 'jauh', 'dan', 'sudah', 'jadi', 'langganan', 'peserta', 'piala', 'dunia', 'dan', 'jangan', 'dibandingkan', 'sama', 'pas', 'lawan', 'china', 'kemarin', 'begitu', 'karena', 'jepang', 'sama', 'china', 'saja', 'beda', 'level', 'tetap', 'semangat', 'garuda']",Positif
"['timnas', 'indonesia', 'seperti', 'terbang', 'ke', 'langit', 'berkat', 'berbagai', 'pujian', 'usai', 'meraih', 'kemenangan', 'beruntun', 'yakni', 'atas', 'bahrain', 'dan', 'china', 'jay', 'idzes', 'dan', 'kawankawan', 'kini', 'kembali', 'menginjak', 'bumi', 'usai', 'disadarkan', 'jepang']",Positif
"['pertandingan', 'tadi', 'membuat', 'kita', 'melek', 'permainan', 'indonesia', 'harus', 'lebih', 'rapi', 'lagikeliatan', 'banget', 'tanpa', 'ridho', 'keteteran', 'pertahanan']",Positif
"['meski', 'dibantai', 'jepang', 'timnas', 'indonesia', 'lolos', 'ke', 'round', 'kualifikasi', 'piala', 'dunia']",Positif
"['kita', 'tetap', 'garuda']",Positif
"['round', 'finish', 'terima', 'kasih', 'sudah', 'berjuang']",Positif
"['tetap', 'optimis', 'masih', 'ada', 'kesempatan']",Positif
"['menurut', 'tt', 'kalah', 'sama', 'jepang', 'tidak', 'kaget', 'sihtapi', 'ya', 'minimal', 'jangan', 'dibantai', 'kan', 'sudah', 'abang', 'sudah', 'semangat', 'buat', 'next', 'games', 'harus', 'dan', 'wajib', 'lebih', 'kerja', 'keras', 'lagi']",Positif
"['tidak apa-apa', 'ini', 'bukan', 'harinya', 'abang', 'emil', 'mulyadi', 'tadi', 'dia', 'sampai', 'savage', 'lebih', 'dari', 'kali', 'tadi']",Positif
"['kalah', 'dan', 'kita', 'harus', 'tetap', 'membumi', 'menang', 'seri', 'dan', 'kalah', 'catatan', 'timnas', 'indonesia', 'di', 'round', 'harus', 'segera', 'diperbaiki', 'dan', 'jika', 'perlu', 'menambah', 'pemain', 'baru']",Positif
"['mungkin', 'ini', 'salah', 'satu', 'kebanggaan', 'timnas', 'indonesia', 'yang', 'tersisa', 'nyanyi', 'indonesia', 'raya', 'di', 'laga', 'away', 'amp', 'dipayungi', 'coreo', 'yang', 'proper', 'bangga', 'banget', 'sama', 'fan', 'timnas']",Positif
"['terima', 'kasih', 'fan', 'timnas', 'indonesia', 'yang', 'luar', 'biasa', 'mendukung', 'perjalanan', 'timnas', 'di', 'osaka', 'pertandingan', 'yang', 'tidak', 'akan', 'pernah', 'terlupakan', 'masih', 'yakin']",Positif
"['menang', 'kalah', 'dan', 'seri', 'ku', 'tak', 'peduli', 'lantangkan', 'suara', 'ini', 'garuda', 'semakin', 'tertinggal', 'semakin', 'dipompa', 'oleh', 'fan', 'timnas', 'indonesia', 'ayo', 'indonesia']",Positif
"['terima', 'kasih', 'sudah', 'berjuang']",Positif
"['eh', 'lu', 'yang', 'hujat', 'sana', 'sini', 'diam', 'wae', 'ya', 'sudah', 'tau', 'melawan', 'jepang', 'itu', 'mustahil', 'pakai', 'menyalahkan', 'pemain', 'ini', 'itu', 'pas', 'kalah', 'ini', 'tuh', 'juga', 'pelajaran', 'untuk', 'coach', 'dan', 'jajarannya', 'jadi', 'tau', 'sejauh', 'mana', 'kemampuan', 'kita', 'selama', 'di', 'grup', 'berarti', 'level', 'kita', 'masih', 'di', 'bawah', 'japan', 'aussie']",Positif
"['menang', 'atau', 'kalah', 'kami', 'tetap', 'bersamamu', 'indonesia']",Positif
"['kalau', 'dipikir', 'materi', 'pemain', 'timnas', 'yang', 'dipegang', 'patrick', 'lebih', 'bagus', 'loh', 'dibanding', 'era', 'sty', 'tapi', 'kenapa', 'bisa', 'kebantai', 'tanpa', 'ngasii', 'perlawan', 'apa', 'sih', 'speechless', 'gua']",Positif
"['menang', 'di', 'puja', 'kalah', 'di', 'hina', 'jangan', 'begitulah', 'coy', 'mau', 'menang', 'maupun', 'kalah', 'mereka', 'sudah', 'berjuang', 'matian', 'buat', 'negara', 'kita', 'harusnya', 'kita', 'kasih', 'support', 'agar', 'pertandingan', 'di', 'laga', 'berikutnya', 'bermain', 'maksimal', 'kalau', 'bukan', 'kita', 'siapa', 'lagi', 'yang', 'mendukung', 'timnas', 'garuda']",Positif
"['harapan', 'indonesia', 'untuk', 'tampil', 'di', 'piala', 'dunia', 'tetap', 'terbuka']",Positif
"['memang', 'kalah', 'level', 'dengan', 'timnas', 'jepang', 'semoga', 'di', 'round', 'timnas', 'indonesia', 'bisa', 'bangkit']",Positif
"['kekalahan', 'seberat', 'apa', 'pun', 'itu', 'tidak', 'seharusnya', 'menjadi', 'alasan', 'untuk', 'menghujat', 'timnas', 'sepak', 'bola', 'adalah', 'permainan', 'dengan', 'banyak', 'faktor', 'strategi', 'pengalaman', 'kualitas', 'lawan', 'hingga', 'mental', 'bertanding', 'jepang', 'adalah', 'tim', 'dengan', 'tradisi', 'dan', 'sistem', 'pembinaan', 'yang', 'sangat', 'matang']",Positif
"['rangking', 'ya', 'beda', 'untuk', 'saat', 'ini', 'ya', 'terus', 'cerita', 'dulu', 'ya', 'saat', 'itu', 'mereka', 'yang', 'jelek', 'tapi', 'progres', 'ya', 'kini', 'beda']",Positif
"['keren', 'timnas', 'garuda']",Positif
"['walau', 'hasilnya', 'kurang', 'baik', 'tapi', 'dibalik', 'itu', 'kita', 'tetap', 'bangga', 'karena', 'timnas', 'indonesia', 'berhasil', 'melaju', 'ke', 'round', 'letsgo', 'garuda']",Positif
"['alhamdulillah', 'menang']",Positif
"['kita', 'mungkin', 'belum', 'bisa', 'mengucapkan', 'kata', 'ini', 'tapi', 'mudahan', 'beberapa', 'tahun', 'ke', 'depan', 'bisa', 'harus', 'bisa', 'selamat', 'malam', 'semua', 'sih', 'you', 'ini', 'october', 'qualify', 'orang', 'die', 'trying']",Positif
"['kalau', 'boleh', 'sedikit', 'saran', 'buat', 'keberadaan', 'hilgers', 'mungkin', 'ada', 'baiknya', 'bisa', 'dicoba', 'main', 'pakai', 'bek', 'di', 'friendly', 'nanti', 'atau', 'bisa', 'juga', 'diubah', 'posisinya', 'jadi', 'dmf', 'misalnya', 'buat', 'menemani', 'abang', 'joey', 'saran', 'saja', 'sih', 'tidak', 'maksa', 'juga']",Positif
"['terima', 'kasih', 'sudah', 'berjuang']",Positif
"['masih', 'banyak', 'waktu', 'untuk', 'evaluasi', 'dan', 'berbenah']",Positif
"['marcel', 'tidak', 'turun', 'ya', 'kasihan', 'ole', 'tidak ada', 'tek', 'tokan', 'paes', 'juga', 'absen', 'padahal', 'seperti', 'marcel', 'tidak', 'masalah', 'lagi', 'karena', 'kartu', 'chin', 'up', 'ole', 'emil']",Positif
"['masih', 'ada', 'waktu', 'berbenah', 'untuk', 'round', 'kalau', 'mainnya', 'masih', 'kayak', 'match', 'terkahir', 'ya', 'mending', 'tidak', 'usah', 'berharap', 'banyak', 'ini', 'kita', 'dibantai', 'jepang', 'jadikan', 'tamparan', 'bahwa', 'main', 'kamu', 'masih', 'jelek', 'tidak', 'layak', 'main', 'di', 'pildun']",Positif
"['sayang', 'ini', 'bukanlah', 'akhir', 'namun', 'awal', 'proses', 'dan', 'perjuangan', 'sukses', 'seringkali', 'datang', 'bagi', 'mereka', 'yang', 'berani', 'bertindak', 'tidak', 'bagi', 'mereka', 'yang', 'berdiam', 'diri', 'teruslah', 'bergerak', 'berbuat', 'dan', 'berprestasi']",Positif
"['pelajari', 'benahi', 'serap', 'semua', 'ilmu', 'dari', 'raja', 'asia', 'itu', 'tegakkan', 'bahu', 'songsong', 'wcq', 'di', 'oktober', 'tetap', 'disini', 'bersama', 'maju', 'terus', 'garuda']",Positif
"['terima', 'kasih', 'timnas', 'mari', 'berbenah', 'koreksi', 'dan', 'tetap', 'semangat', 'masih', 'ada', 'pertandingan', 'selanjutnya', 'di', 'ronde', 'wcq', 'mari', 'kita', 'tuntaskan', 'di', 'bulan', 'oktober', 'tentu', 'dengan', 'harapan', 'lolos', 'langsung']",Positif
"['terima', 'kasih', 'sudah', 'berjuang', 'jagoanjagoan', 'apapun', 'hasilnya', 'doa', 'dan', 'dukungan', 'kami', 'tak', 'pernah', 'mengendur']",Positif
"['indonesia', 'remed', 'semua', 'ya', 'saya', 'tunggu', 'bulan', 'oktober', 'buat', 'ujian', 'perbaikkan', 'nilainya', 'di', 'round', 'buat', 'jepang', 'selamat', 'naik', 'ke', 'kelas', 'piala', 'dunia', 'walaupun', 'sudah', 'langganan', 'sih']",Positif
"['kalian', 'luar', 'biasa', 'terimakasih', 'garuda', 'fan']",Positif
"['aku', 'cuma', 'pendukung', 'timnas', 'apapun', 'bentuknya', 'mereka', 'sejeleknya', 'mereka', 'sebapuknya', 'mereka', 'pernah', 'menghujat', 'pernah', 'mengatai', 'pemainnya', 'pokoknya', 'dukung', 'ya', 'dukung', 'saja', 'cuma', 'ya', 'kalahnya', 'mbok', 'yao', 'jangan', 'banyak', 'jadi', 'kangen', 'sty']",Positif
"['tetesan', 'hujan', 'menyatu', 'dengan', 'air', 'mata', 'kekalahan', 'tapi', 'suporter', 'tetap', 'tegar', 'tanah', 'air', 'adalah', 'nyanyian', 'hati', 'kami']",Positif
"['walaupun', 'timnas', 'kalah', 'gue', 'tetap', 'bangga', 'ole', 'lopyu']",Positif
"['ssstt', 'sudah', 'yuk', 'move', 'on', 'kita', 'terima', 'kasih', 'dulu', 'ke', 'seluruh', 'pemain', 'timnas', 'indonesia', 'apresiasi', 'buat', 'yang', 'sudah', 'berjuang', 'mulai', 'dari', 'lawan', 'brunei', 'di', 'round', 'sampai', 'jepang', 'di', 'round', 'di', 'round', 'kita', 'balik', 'semangat', 'lagi', 'editor', 'sfx', 'by', 'diansh']",Positif
"['terima', 'kasih', 'untuk', 'para', 'seluruh', 'punggawa', 'garuda', 'tanpa', 'terkecuali', 'yang', 'sudah', 'berjuang', 'menjaga', 'asa', 'dan', 'harapan', 'kami', 'untuk', 'tampil', 'di', 'panggung', 'dunia', 'perjuangan', 'kalian', 'belum', 'selesai', 'putaran', 'keempat', 'masih', 'menunggu', 'kalian']",Positif
"['kita', 'harus', 'akui', 'kelas', 'timnas', 'indonesia', 'itu', 'masih', 'kalah', 'jelas', 'jepang', 'sudah', 'on', 'track', 'dengan', 'japans', 'way', 'alias', 'blueprint', 'sepak', 'bolanya', 'lewat', 'situsnya', 'kalian', 'bisa', 'lihat', 'bagaimana', 'jepang', 'membentuk', 'sepak', 'bolanya', 'tidak', 'asal', 'ada', 'tahapan', 'jelas']",Positif
"['tetap', 'tegakkan', 'pundak', 'kalian', 'wahai', 'para', 'pejuang', 'garuda', 'yuk', 'kita', 'bisa', 'fokus']",Positif
"['terima', 'kasih', 'berlatih', 'lebih', 'keras', 'lagi', 'untuk', 'round', 'nanti', 'semangat']",Positif
"['setuju', 'un', 'mau', 'bagaimana', 'pun', 'tetap', 'bangga', 'sama', 'timnas', 'indonesia', 'indonesia', 'selamanya', 'akan', 'menjabat', 'menjadi', 'king']",Positif
"['full', 'time', 'semangat', 'berbenah']",Positif
"['eh', 'jangan', 'hujat', 'para', 'pemain', 'apa', 'woii', 'ingett', 'ini', 'jepang', 'broo', 'jepang', 'ya', 'allah', 'pada', 'jahat', 'jahat', 'banget', 'ketikan', 'lo', 'pada', 'tidak', 'etis', 'sama', 'sekali']",Positif
"['di', 'babat', 'habis', 'lanjut', 'round', 'semoga', 'ada', 'keajaiban']",Positif
"['tetap', 'semangat', 'yaapapun', 'hasilnya', 'kalah', 'atau', 'menang', 'kita', 'tetap', 'bangga', 'pada', 'tim', 'garuda']",Positif
"['jadi', 'ketimbang', 'bego', 'kamu', 'lemah', 'kamu', 'payah', 'kamu', 'berhenti', 'main', 'kamu', 'dll', 'di', 'this', 'instead', 'ok', 'tidak apa-apa', 'coba', 'lagi', 'tetap', 'semangat', 'kamu', 'bisa', 'coba', 'melakukan', 'ini', 'deh', 'next', 'time', 'dll', 'percayalah', 'hasilnya', 'akan', 'bikin', 'lo', 'semua', 'yang', 'culas', 'kaget']",Positif
"['balik', 'bebenah', 'bisa']",Positif
"['kalah', 'di', 'jepang', 'malam', 'ini', 'bukan', 'akhir', 'dari', 'segalanya', 'fokus', 'evaluasi', 'dan', 'benahi', 'yang', 'perlu', 'diperbaiki', 'untuk', 'lanjutan', 'babak', 'kualifikasi']",Positif
"['mari', 'tutup', 'hate', 'komen', 'dengan', 'ucapan', 'apresiasi', 'sebanyak', 'banyak', 'ke', 'pemain']",Positif
"['kembali', 'kompetisi', 'kualifikasi', 'piala', 'dunia', 'pada', 'oktober', 'semoga', 'ketemu', 'racikan', 'pemain', 'apresiasi', 'strategi', 'pemain', 'sebelum', 'dimulai', 'semoga', 'lancar', 'di', 'lain', 'waktu']",Positif
"['semangat', 'semuanya', 'kalian', 'terbaik']",Positif
"['abang', 'sudah', 'abang', 'jepang', 'vs', 'indonesia', 'sushi', 'vs', 'lemper', 'masih', 'enak', 'lemper', 'tetap', 'semangat', 'timnas', 'indonesia']",Positif
"['vs', 'babak', 'dilibas', 'habis', 'gol', 'tambahan', 'babak', 'morishita', 'machino', 'hosoya', 'tetap', 'semangat', 'timnas', 'round', 'yuk', 'semangat', 'lagi']",Positif
"['terima', 'kasih', 'kepada', 'seluruh', 'pemain', 'pelatih', 'dan', 'staff', 'yang', 'sudah', 'berjuang', 'apapun', 'hasilnya', 'selalu', 'bangga', 'dengan', 'kalian', 'bangkit', 'garudaku', 'teruslah', 'semangat']",Positif
"['iya', 'saya', 'janji', 'tidak', 'akan', 'main', 'king', 'king', 'an', 'lagi', 'abang', 'abang', 'sudah', 'abang', 'iya', 'saya', 'kalah', 'abang']",Positif
"['tetap', 'semangat']",Positif
"['seharusnya', 'bersyukur', 'karena', 'sekali', 'lagi', 'para', 'pemain', 'timnas', 'kita', 'mengasih', 'harapan', 'dengan', 'lolos', 'ke', 'ronde', 'selanjutnya', 'berdoa', 'biar', 'di', 'ronde', 'nanti', 'kita', 'bisa', 'tampil', 'lebih', 'baik', 'biar', 'mimpi', 'kita', 'semua', 'bisa', 'jadi', 'kenyataan', 'jangan', 'bikin', 'pemain', 'putus', 'asa', 'atau', 'merasa', 'tidak', 'nyaman']",Positif
"['indonesia', 'vs', 'jepang', 'ft', 'buat', 'evaluasi', 'putaran', 'pada', 'oktober', 'nanti', 'di', 'arab', 'saudi', 'amp', 'qatar', 'semoga', 'dapat', 'peringkat', 'diantara', 'group', 'agar', 'lolos', 'otomatis', 'pada', 'jika', 'tidak', 'harus', 'play', 'off', 'vs', 'negara', 'di', 'luar', 'asia', 'lebih', 'berat', 'bismillahtetap', 'optimis']",Positif
"['tetap', 'bangga', 'sama', 'timnas', 'di', 'era', 'pak', 'erick', 'thohir']",Positif
"['tetap', 'semangat', 'untuk', 'para', 'pungawa', 'terima', 'kasih', 'atas', 'perjuanganya', 'yang', 'tak', 'kenal', 'lelah']",Positif
"['inilah', 'bedanya', 'negara', 'yang', 'pengin', 'juara', 'piala', 'dunia', 'sama', 'negara', 'yang', 'pengin', 'masuk', 'piala', 'dunia', 'terima', 'kasih', 'atas', 'kerja', 'kerasnya', 'timnas', 'indonesia']",Positif
"['tetap', 'semangat', 'tim', 'kita', 'selesaikan', 'di', 'round']",Positif
"['jangan', 'ada', 'yang', 'hujat', 'pemain', 'ya', 'sadar', 'diri', 'lawannya', 'siapa', 'ini', 'jepang', 'raksasa', 'asia', 'tim', 'yang', 'tidak bisa', 'dianggap', 'remeh', 'sama', 'sekali']",Positif
"['semangat', 'masih', 'ada', 'masih', 'pantas', 'toh', 'mereka', 'pernah', 'mengalahkan', 'team', 'besar', 'seperti', 'spain', 'dan', 'germany']",Positif
"['yuk', 'yuk', 'evaluasi', 'yuk', 'masak', 'pemain', 'liga', 'head', 'tapi', 'head', 'sama', 'yang', 'juara', 'premier', 'league', 'wkwkwkwk', 'ada', 'gilagilanya', 'juga', 'sih', 'pakai']",Positif
"['terima kasih', 'abang', 'abang', 'garuda']",Positif
"['yakob', 'dan', 'yance', 'ini', 'memang', 'mirip', 'secara', 'fisik', 'tapi', 'skillnya', 'beda', 'tadi', 'yance', 'banyak', 'tidak', 'bisa', 'nutup', 'di', 'sisi', 'kanan', 'semoga', 'bisa', 'terus', 'ditingkatkan', 'kualitasnyaa']",Positif
"['jangan', 'hujat', 'mereka', 'terutama', 'emil', 'kita', 'kalah', 'segalanya', 'dari', 'pemain', 'jepang', 'yang', 'sangat', 'efisien', 'dan', 'dinamis', 'dilapangan', 'mereka', 'bermain', 'dengan', 'sistem', 'yang', 'dibangun', 'selama', 'puluhan', 'tahun', 'sedangkan', 'timnas', 'kita', 'baru', 'mulai', 'eranya']",Positif
"['fulltime', 'jepang', 'indonesia', 'kita', 'ambil', 'banyak', 'pelajaran', 'untuk', 'bekal', 'di', 'ronde', 'selanjutnya', 'tetap', 'semangat', 'garuda']",Positif
"['gue', 'yang', 'orang', 'awam', 'menonton', 'bola', 'ini', 'tidak', 'akan', 'komentar', 'apapun', 'karena', 'gue', 'percaya', 'tim', 'pelatih', 'amp', 'pemain', 'lebih', 'tahu', 'yang', 'perlu', 'di', 'eval', 'i', 'know', 'mereka', 'pasti', 'lebih', 'drop', 'daripada', 'yang', 'cuma', 'menonton', 'thanks', 'sudah', 'berjuang', 'hari', 'ini', 'harapan', 'gue', 'belajar', 'hari', 'ini', 'evaluasi', 'and', 'comeback', 'stronger']",Positif
"['gapapa', 'gapapa', 'terima kasih', 'garuda']",Positif
"['naisuu', 'sih', 'you', 'october', 'guys', 'semoga', 'tuhan', 'berpihak', 'ke', 'proses', 'kita', 'ya', 'dari', 'drawing', 'tuan', 'rumah', 'dan', 'matchnya', 'nanti']",Positif
"['alhamdulillah', 'aman', 'dari', 'kartu', 'ada', 'yang', 'ingat', 'wasit', 'ini', 'tidak', 'dari', 'dulu', 'memang', 'doi', 'langganan', 'banget', 'mimpin', 'pertandingan', 'indonesia']",Positif
"['pelajaran', 'berharga', 'ya', 'bro']",Positif
"['terimakasih', 'punggawa', 'sampai', 'berjumpa', 'dan', 'berjuang', 'untuk', 'babak', 'keempat']",Positif
"['its', 'ok', 'tetap', 'bangga']",Positif
"['semangat', 'kawan', 'perjuangan', 'kalian', 'luar', 'biasa', 'malam', 'ini', 'keep', 'strong']",Positif
"['tetap', 'dukung', 'king', 'indonesia', 'semangat', 'round', 'semuanya']",Positif
"['bangga', 'sih', 'lihat', 'timnas', 'sampai', 'fase', 'ini', 'dari', 'jaman', 'piala', 'aff', 'yang', 'kagak', 'pernah', 'menang', 'sampai', 'saat', 'ini', 'bisa', 'ada', 'di', 'kualifikasi', 'piala', 'dunia', 'bukan', 'jalan', 'yang', 'mudah', 'tapi', 'ternyata', 'bisa', 'sampai', 'fase', 'ini', 'good', 'luck', 'round', 'timnasku', 'terbang', 'tinggi', 'gaaruda']",Positif
"['satu', 'langkah', 'terakhir', 'yang', 'membuatmu', 'jatuh', 'tidak', 'sebanding', 'dengan', 'ribuan', 'langkah', 'yang', 'membuatmu', 'sampai', 'ke', 'titik', 'ini', 'semangat', 'garuda']",Positif
"['bahwa', 'kebobolan', 'sebanyak', 'itu', 'ya', 'bagaimana', 'realistis', 'saja', 'yakini', 'saja', 'masih', 'bisa', 'berkembang', 'perlu', 'injeksi', 'pemain', 'luar', 'lagi', 'terus', 'jangan', 'santun', 'begitu', 'mainnya', 'wkwkw', 'ya', 'leluasalah', 'jepang', 'alirin', 'bola', 'belum', 'ada', 'modelan', 'gatusso', 'di', 'kita']",Positif
"['gapapaa', 'tetepp', 'banggaa']",Positif
"['menang', 'kalah', 'tetap', 'dukung', 'timnas', 'proud', 'of', 'you']",Positif
"['tidak apa-apa', 'kalah', 'mereka', 'unggul', 'di', 'semua', 'lini', 'sama', 'halnya', 'ketika', 'mereka', 'ketemu', 'spain', 'orang', 'brasil']",Positif
"['tidak', 'papa', 'kalian', 'hebat', 'kok', 'jepang', 'langganan', 'pildun', 'lah', 'indonesia', 'langganan', 'utang', 'setidaknya', 'mereka', 'kalah', 'jumlah', 'utang', 'dari', 'kita', 'jangan', 'patah', 'semangat', 'squad', 'garudaaa', 'pssstt', 'rolexnya', 'jual', 'saja']",Positif
"['meski', 'menelan', 'kecewa', 'karena', 'kalah', 'tapi', 'perjuangan', 'pemain', 'timnas', 'sudah', 'sangat', 'berusaha', 'menghadapi', 'jepang', 'yang', 'notabane', 'terbaik', 'di', 'asia', 'untuk', 'sepakbola', 'tidak', 'berlarut', 'amp', 'bangkit', 'kembali', 'sebab', 'perjuangan', 'belum', 'selesai', 'timnas', 'indonesia', 'sudah', 'dipastikan', 'lolos', 'ke', 'ronde', 'ke']",Positif
"['kakak', 'yance', 'sampai', 'berdarah', 'bibirnya', 'taditerus', 'menangis', 'dia', 'gapapa', 'kakak', 'bangkit', 'for', 'next', 'oke']",Positif
"['timnas', 'jepang', 'fokus', 'untuk', 'juara', 'piala', 'dunia', 'sedangkan', 'timnas', 'indonesia', 'fokus', 'lolos', 'piala', 'dunia', 'dari', 'sini', 'saja', 'kita', 'sudah', 'bisa', 'membedakan', 'fokus', 'round']",Positif
"['gapapa', 'shot', 'tetap', 'garuda', 'didadaku', 'semangat', 'garudaku', 'round']",Positif
"['good', 'job', 'emil', 'good', 'job', 'semua', 'tim', 'pemain', 'dan', 'tim', 'kepelatihan']",Positif
"['tegakan', 'kepala', 'kita', 'balas', 'di', 'piala', 'dunia', 'abang', 'sudah', 'abang']",Positif
"['nanti', 'king', 'indonesia', 'evaluasi', 'ya', 'jangan', 'round', 'nanti', 'kayak', 'begini', 'lagi', 'penentuan', 'soalnya', 'semagat', 'terus']",Positif
"['sebenarnya', 'sudah', 'cukup', 'yakin', 'kita', 'akan', 'kalah', 'dari', 'jepang', 'tapi', 'menurutku', 'ini', 'kekalahan', 'yang', 'cukup', 'telak', 'buat', 'king', 'indonesia', 'sebagai', 'fan', 'berharap', 'ada', 'sedikit', 'perlawanan', 'tapi', 'ternyata', 'sangat', 'wow', 'sekali', 'cara', 'mainnya']",Positif
"['semangat', 'terus', 'timnas', 'meski', 'kalah', 'lawan', 'jepang', 'jepang', 'memang', 'bukanlah', 'levelnya', 'indonesia', 'tapi', 'setidaknya', 'timnas', 'masih', 'bisa', 'menatap', 'ronde', 'atau', 'masih', 'ada', 'kesempatan', 'untuk', 'orbit', 'ke', 'piala', 'dunia']",Positif
"['dari', 'awal', 'memang', 'tidak', 'ekspektasi', 'apapun', 'apalagi', 'menang', 'tapi', 'bukannya', 'kebobolan', 'itu', 'agak', 'sedikit', 'keterlaluan', 'ya', 'im', 'still', 'proud', 'of', 'the', 'team', 'terimakasih', 'sudah', 'berjuang', 'sekeras', 'itu', 'but', 'please', 'di', 'something', 'about', 'itu', 'guys']",Positif
"['tidak', 'berharap', 'banyak', 'karena', 'lawannya', 'jepang', 'tapi', 'tidak', 'ekspek', 'kalau', 'dibantai', 'sampai', 'tapi', 'gapapa', 'its', 'okay', 'garuda', 'muda', 'sudah', 'berusaha', 'dengan', 'maksimal']",Positif
"['aku', 'tetap', 'apresiasi', 'buat', 'pemain', 'yang', 'sudah', 'berjuang', 'di', 'lapangan', 'kasihan', 'malah', 'lihat', 'mereka', 'jepang', 'bukan', 'level', 'bangsa', 'yang', 'besar', 'ini', 'karena', 'mereka', 'bangsa', 'yang', 'maju']",Positif
"['evaluasi', 'besar', 'untuk', 'persiapan', 'round', 'terima', 'kasih', 'sudah', 'berjuang', 'bangga', 'dengan', 'tim', 'ini', 'semangat', 'garuda']",Positif
"['tidak', 'ada', 'kata', 'kecewa', 'untuk', 'timnas', 'yang', 'kecewa', 'silakan', 'menepi']",Positif
"['gapapa', 'guys', 'abang', 'jepang', 'memang', 'levelnya', 'sudah', 'jauh', 'banget', 'diatas', 'kita', 'jadikan', 'evaluasi', 'dan', 'pengalaman', 'semoga', 'sukses', 'berjuang', 'di', 'round']",Positif
"['untungnyaaa', 'sudah', 'lolos', 'round', 'nanti', 'indonesia']",Positif
"['kekalahan', 'ini', 'seperti', 'menyelam', 'ke', 'samudra', 'luas', 'setelah', 'terbiasa', 'di', 'kolam', 'kita', 'memang', 'tenggelam', 'tapi', 'kini', 'kita', 'tahu', 'kedalamannya', 'angkat', 'kepala', 'babak', 'selanjutnya', 'adalah', 'kesempatan', 'kita', 'untuk', 'mengarungi', 'ombak']",Positif
"['apapun', 'hasilnya', 'timnas', 'keren', 'sudah', 'berusaha', 'melawan', 'king', 'sesungguhnya']",Positif
"['untungnya', 'kita', 'bisa', 'menang', 'lawan', 'china', 'kemarin', 'bayangkan', 'kalau', 'cuma', 'bisa', 'kalah', 'ataupun', 'imbang', 'habis', 'di', 'overtake', 'bahrainchina']",Positif
"['tetap', 'bangga', 'ayo', 'gaboleh', 'menunduk']",Positif
"['abang', 'sudah', 'abang', 'apapun', 'hasilnya', 'tetap', 'semangat', 'menatap', 'putaran']",Positif
"['beda', 'kelas', 'banget', 'benar', 'raja', 'terakhir', 'di', 'asia', 'ya', 'kubo', 'cs', 'ini', 'wkwk', 'pembelajaran', 'berharga', 'buat', 'king', 'indonesia', 'alias', 'yuk', 'bisa', 'yuk', 'maksimal', 'di', 'babak', 'nanti']",Positif
"['menang', 'di', 'offside', 'tidak apa-apa', 'timnas', 'keren', 'abang', 'jay', 'dkk', 'keren']",Positif
"['gapapakalian', 'sudah', 'hebat', 'memang', 'kakak', 'jepun', 'lebih', 'hebat']",Positif
"['hamdalah', 'sudah', 'selesai', 'gelisah', 'banget', 'gue', 'nontonnya']",Positif
"['apresiasi', 'untuk', 'kedua', 'kiper', 'timnas', 'emil', 'paes', 'lawan', 'beda', 'kelas']",Positif
"['pliss', 'jangan', 'ada', 'yang', 'hujat', 'pemain']",Positif
"['semangat', 'semangat']",Positif
"['yance', 'yaallah', 'sampai', 'menangis', 'gapapa', 'yance', 'ini', 'bisa', 'jadi', 'pelajaran', 'buat', 'lebih', 'baik', 'kedepannya', 'tetap', 'bangga', 'sama', 'timnas', 'indonesia', 'semangattty']",Positif
"['sudah', 'jelas', 'kualitasnya', 'memang', 'beda', 'pemilihan', 'pemain', 'obyektif', 'tidak', 'ada', 'pemain', 'kesayangan', 'kesempatan', 'besar', 'diberikan', 'kepada', 'pemainpemain', 'yang', 'bermain', 'di', 'liga', 'permainan', 'mengasyikkan', 'sampai', 'akhir', 'pertandingan', 'maju', 'terus', 'garuda', 'senior']",Positif
"['gapapa', 'yuk', 'semangat', 'buat', 'kedepannya', 'ya']",Positif
"['terimakasih', 'atas', 'perjuangannya', 'timnas', 'indonseia', 'fokus', 'ke', 'round']",Positif
"['sebelah', 'masih', 'kita', 'lolos', 'ke', 'ronde', 'tapi', 'sedih', 'juga', 'lihat', 'hasil', 'hari', 'ini']",Positif
"['abang', 'sudah', 'abang', 'laga', 'terakhir', 'timnas', 'indonesia', 'di', 'putaran', 'ke', 'kualifikasi', 'piala', 'dunia', 'zona', 'asia', 'berakhir', 'dengan', 'kekalahan', 'dari', 'jepang', 'semangat', 'terus', 'dan', 'semoga', 'lolos', 'di', 'putaran']",Positif
"['pliss', 'siapapun', 'gosah', 'menghujat', 'timnas', 'kita', 'semua', 'tau', 'jepang', 'kalau', 'main', 'bagaimana']",Positif
"['gapapaaa', 'banget', 'kokk', 'yuk', 'semangat', 'yuk', 'buat', 'round']",Positif
"['semangat', 'semangat']",Positif
"['perlu', 'banget', 'apresiasi', 'buat', 'emil', 'hari', 'ini', 'top']",Positif
"['dibantai', 'setengah', 'lusin', 'gol', 'memang', 'jepang', 'raja', 'terakhir', 'tetap', 'semangat', 'garuda', 'semoga', 'beruntung', 'di', 'ronde', 'oktober', 'nanti']",Positif
"['gapapa', 'woi', 'tetap', 'semangat', 'para', 'pemain', 'terimakasih', 'sudah', 'berjuang', 'semoga', 'kedepannya', 'bisa', 'lebih', 'baik', 'lagi', 'ya']",Positif
"['kaks', 'jepang', 'lagi', 'mengajari', 'diks', 'indonesia', 'jangan', 'tllu', 'puas', 'dan', 'jumawa', 'masih', 'banyak', 'pr', 'benahi', 'timnas', 'kita', 'yang', 'masih', 'seumur', 'jagung', 'dibndingkan', 'timnas', 'dari', 'negara', 'lain', 'mengajari', 'federasi', 'kalau', 'pembenahan', 'liga', 'domestik', 'itu', 'penting', 'untuk', 'pembibitan', 'calon', 'pemain', 'tidak', 'hanya', 'naturalisasi', 'saja']",Positif
"['terimakasih', 'sudah', 'berjuang', 'meskipun', 'hasilnya', 'belum', 'seperti', 'apa', 'yang', 'di', 'harapkan', 'next', 'round', 'harus', 'lebih', 'banyak', 'hebat', 'lagi']",Positif
"['memang', 'beda', 'kualitas', 'ya', 'semoga', 'timnas', 'indonesia', 'dilancarkan', 'di', 'nanti', 'amin']",Positif
"['abang', 'jepang', 'main', 'di', 'indonesia', 'ya', 'masa', 'main', 'dirumah', 'sendiri', 'juga', 'pastinya', 'mereka', 'mau', 'lebih', 'dari', 'itu', 'semangat', 'untuk', 'timnas', 'ku', 'tercinta', 'gapapa', 'ini', 'kalahnya', 'sama', 'raja', 'terakhir', 'kok']",Positif
"['its', 'okay', 'babak', 'ke', 'dua', 'sudah', 'ada', 'kemajuan', 'dari', 'babak', 'pertama', 'yakinlah', 'timnas', 'ina', 'selalu', 'berkembang', 'dan', 'lebih', 'baik']",Positif
"['trimksihh', 'sudah', 'berjuang', 'king', 'indonesia']",Positif
"['terima', 'kasih', 'garuda', 'tetap', 'semangat', 'bangga', 'sama', 'kalian']",Positif
"['yance', 'jangan', 'sedih', 'kami', 'merasakan', 'ketulusan', 'mu', 'kami', 'sudah', 'berjuang', 'dengan', 'sangat', 'keras']",Positif
"['sabar', 'ya', 'abang']",Positif
"['timnas', 'indonesia', 'sudah', 'berusaha', 'melakukan', 'yang', 'terbaik', 'walaupun', 'formasinya', 'pun', 'bukan', 'yang', 'terbaik', 'dan', 'masih', 'banyak', 'prnya', 'tapi', 'nyatanya', 'mereka', 'sudah', 'berusaha', 'kekalahan', 'ini', 'bisa', 'dijadikan', 'pelajaran', 'untuk', 'timnas', 'kita', 'dan', 'masih', 'bisa', 'berjuang', 'lagi', 'semangat', 'amp', 'terimakasih']",Positif
"['untuk', 'melawan', 'jepang', 'sudah', 'semengerikan', 'itu', 'seakan', 'akan', 'pesan', 'dari', 'timnas', 'jepang', 'untuk', 'pertandingan', 'selanjutnya', 'lebih', 'mengerikan', 'belum', 'lagi', 'wasit', 'wasit', 'negara', 'arab', 'semangat', 'terus', 'untuk', 'garuda']",Positif
"['terimakasih', 'para', 'punggawa', 'garuda', 'kalian', 'semua', 'hebat', 'sudah', 'berjuang', 'semaksimal', 'mungkin', 'jatuh', 'bangkit', 'lagi', 'comeback', 'stronger', 'di', 'round', 'wahai', 'netijen', 'yang', 'maha', 'benar', 'stop', 'bully', 'mees', 'dan', 'para', 'pemain', 'ini', 'lawannya', 'jepang']",Positif
"['terbaikk', 'untuk', 'timnas', 'mengerikan', 'untuk', 'pemain', 'jepang', 'patrick', 'dan', 'jajaran', 'di', 'sampingnya', 'semangat', 'untuk', 'pertandingan', 'selanjutnya']",Positif
"['fisik', 'stamina', 'dan', 'permainan', 'beda', 'dibanding', 'dengan', 'saat', 'timnas', 'ketemu', 'jepang', 'di', 'piala', 'asia', 'lalu', 'semoga', 'round', 'nanti', 'timnas', 'bisa', 'lebih', 'baik', 'lagi']",Positif
"['semangat', 'terus', 'garudaa', 'terimakasih', 'sudah', 'berjuang', 'sejauh', 'ini']",Positif
['semangat'],Positif
"['pressurenya', 'jepang', 'berasa', 'banget', 'rank', 'vs', 'rank', 'gapnya', 'pun', 'sudah', 'jauh', 'banget', 'gapapa', 'timnas', 'indonesia', 'comeback', 'stronger']",Positif
"['selama', 'round', 'indonesia', 'maincuman', 'lawan', 'jepang', 'yang', 'benar', 'indonesia', 'mati', 'kutukalo', 'lawan', 'tim', 'lain', 'bisa', 'melawan', 'dan', 'main', 'bagus', 'jugamakanya', 'agak', 'kesal', 'kalah', 'lawan', 'australia', 'itucoach', 'patrick', 'ini', 'harus', 'di', 'evaluasi', 'jugataktikalnya', 'berjalan', 'lawan', 'tim', 'biasa', 'saja']",Positif
"['tetap', 'bangga', 'dengan', 'timnas']",Positif
"['terima kasih', 'timnas', 'indonesia', 'atas', 'kerja', 'keras', 'sampai', 'berdarahdarah', 'dan', 'sakit', 'sebadanbadan', 'dihajar', 'dibantai', 'sampai', 'sama', 'raksasa', 'bola', 'kamu', 'lihat', 'kiper', 'jepang', 'nganggur', 'di', 'lapangan', 'tidak', 'kerja', 'menghibur', 'diri']",Positif
"['ft', 'the', 'real', 'pembantaian', 'yang', 'penting', 'lolos', 'round', 'pemain', 'match', 'of', 'match', 'adalah', 'abang', 'emil', 'kalau', 'tidak', 'ada', 'dia', 'mungkin', 'bisa']",Positif
"['yance', 'ada', 'capek', 'ya', 'keren', 'bang']",Positif
"['iya', 'pang', 'selamat', 'ya']",Positif
"['diluar', 'ekspektasi', 'sih', 'ini', 'tidak', 'apa', 'ya', 'timnas', 'kita', 'tetap', 'keren', 'lawan', 'rank', 'lo', 'ini', 'jangan', 'hujat', 'pemain', 'kita', 'sudah', 'pada', 'babak', 'belur', 'itu']",Positif
"['hasil', 'pertandingan', 'ini', 'menandakan', 'perbedaan', 'kualitas', 'sepakbola', 'jepang', 'dan', 'indonesia']",Positif
"['terimakasih', 'semua', 'pemain', 'timnas', 'indonesia', 'tidak ada', 'yang', 'perlu', 'disalahin', 'dikekalahan', 'lawan', 'jepang', 'jepang', 'tetaplah', 'jepang', 'mau', 'lapis', 'kedua', 'ketiga', 'keempat', 'jepang', 'tetaplah', 'jepang', 'terimakasih', 'sudah', 'berjuang', 'mari', 'evaluasi', 'dan', 'menatap', 'round', 'dengan', 'kepala', 'tegak']",Positif
"['tetap', 'semangat', 'timnasss']",Positif
"['semangat', 'gays', 'ingat', 'kita', 'ini', 'bangsa', 'yang', 'besar']",Positif
"['memang', 'tidak', 'setara', 'semangat', 'guys']",Positif
"['tetap', 'semangat', 'timnasku']",Positif
"['yang', 'hujat', 'mees', 'kamu', 'tidak', 'lihat', 'dia', 'lari', 'terus', 'sepanjang', 'game']",Positif
"['gapapa', 'gapapa', 'gapapa', 'terima', 'kasih', 'garuda']",Positif
"['semangat', 'terus', 'garudaaa']",Positif
"['terima', 'kasih', 'untuk', 'kerja', 'kerasnya', 'timnas', 'indonesia', 'tidak', 'ada', 'yang', 'siasia', 'semuanya', 'butuh', 'proses', 'selalu', 'bangga', 'dengan', 'kalian', 'permainan', 'kali', 'ini', 'jadikan', 'pembelajaran', 'tetap', 'semangat', 'untuk', 'kedepannya']",Positif
"['terimakasih', 'sudah', 'berjuang', 'sampai', 'sejauh', 'ini', 'kita', 'bisa', 'lolos', 'pildun']",Positif
"['kita', 'kalah', 'kelas', 'bukan', 'berarti', 'tanpa', 'nilai', 'positif', 'salah', 'satu', 'contoh', 'positifnya', 'emil', 'audero', 'gagal', 'halau', 'gol', 'pertama', 'sempat', 'buat', 'ia', 'rentan', 'tapi', 'perlahan', 'dia', 'bangkit', 'amp', 'percaya', 'diri', 'lagi', 'tegap', 'kepala', 'garuda', 'perjuangan', 'belum', 'berakhir']",Positif
"['apa', 'cuma', 'aku', 'saja', 'yang', 'merasa', 'kalah', 'kali', 'ini', 'tidak', 'sedih', 'tidak', 'sakit', 'hati', 'apalagi', 'malumemang', 'harusnya', 'begitu', 'kan', 'ya', 'kita', 'karena', 'ada', 'round', 'yang', 'menanti']",Positif
"['apapun', 'itu', 'garuda']",Positif
"['after', 'match', 'post', 'captain', 'jay', 'idzes', 'menguatkan', 'yance', 'yang', 'menahan', 'sakit', 'selama', 'beberapa', 'menit', 'terakhir', 'pertandingan']",Positif
"['terimakasih', 'sudah', 'berjuang', 'semoga', 'di', 'round', 'kita', 'bisa', 'menjadi', 'lebih', 'kuat']",Positif
"['ayo', 'timnas', 'indonesia', 'semoga', 'di', 'ronde', 'nanti', 'bisa', 'lebih', 'baik', 'lagi', 'ya', 'amin', 'semangat', 'terus', 'kita', 'selalu', 'di', 'belakang', 'kalian', 'mengasih', 'full', 'support', 'hanya', 'untuk', 'kalian']",Positif
"['tetap', 'semangat']",Positif
"['prittt', 'ft', 'jepang', 'indonesia', 'thanks', 'garuda', 'atas', 'perjuangannya', 'di', 'round', 'tetap', 'semangat', 'dan', 'mari', 'tatap', 'round', 'dengan', 'penuh', 'optimis']",Positif
"['kekalahan', 'ini', 'bisa', 'menjadi', 'blue', 'print', 'tutorial', 'cara', 'mengalahkan', 'timnas', 'oleh', 'lawan', 'kita', 'di', 'round', 'oleh', 'karena', 'itu', 'kita', 'harus', 'berubah', 'teknik', 'dan', 'cara', 'bermain']",Positif
"['sedih', 'banget', 'waktu', 'ini', 'yance', 'sayuri', 'sudah', 'berjuang', 'sekuat', 'tenaga', 'thank', 'you', 'yance', 'sayuriii', 'did', 'a', 'great', 'job', 'today']",Positif
"['terima', 'kasih', 'kang', 'emil', 'atas', 'kerja', 'romusha']",Positif
"['group', 'japan', 'indonesia', 'seperti', 'ini', 'lah', 'level', 'piala', 'dunia', 'guys', 'butuh', 'banyak', 'kerja', 'keras', 'untuk', 'tampil', 'di', 'piala', 'dunia', 'semangat', 'untuk', 'ronde']",Positif
"['sudah', 'ya', 'petrikkk', 'round', 'tidak usah', 'rotasi', 'rotasi', 'pokonyaa', 'sudah', 'lihat', 'kan']",Positif
"['gapapaa', 'guyss', 'jepang', 'memang', 'beda']",Positif
"['indonesia', 'takluk', 'dengan', 'skor', 'telak', 'dari', 'jepang', 'kekalahan', 'terbesar', 'indonesia', 'di', 'round', 'dan', 'ini', 'menjadi', 'pertandingan', 'terakhir', 'indonesia', 'tanpa', 'tendangan', 'di', 'pertandingan', 'ini', 'tetap', 'semangat', 'dan', 'terima', 'kasih', 'atas', 'perjuangannya']",Positif
"['bangkit', 'lebih', 'kuat']",Positif
"['issokey', 'tetap', 'smngt']",Positif
"['full', 'time', 'jepang', 'indonesia', 'tetap', 'semangat', 'timnas', 'indonesia']",Positif
"['ft', 'diserang', 'sejak', 'menit', 'awal', 'sampai', 'menit', 'akhir', 'banyak', 'yang', 'harus', 'dibenahi', 'untuk', 'babak', 'tahu', 'round']",Positif
"['ini', 'sebenarnya', 'tidak ada', 'yang', 'salah', 'sih', 'salahnya', 'jepang', 'terlalu', 'jago', 'sudah', 'itu', 'saja', 'berbicara', 'dengan', 'nada', 'menangis']",Positif
"['jepang', 'menyadarkan', 'kita', 'bahwa', 'inilah', 'level', 'wc', 'yang', 'kita', 'gaung', 'kan', 'selama', 'ini']",Positif
"['semangat', 'guyss']",Positif
"['gapapa', 'timnas', 'we', 'proud', 'of', 'guys', 'good', 'job', 'memang', 'realistis', 'saja', 'yang', 'kita', 'lawan', 'negara', 'peringkat', 'teratas']",Positif
"['tetap', 'semangat', 'garuda', 'fokus', 'di', 'ronde', 'ke']",Positif
"['ya', 'memang', 'masih', 'beda', 'kelass', 'vs', 'jadi', 'ya', 'kalau', 'tidak', 'lolos', 'pildun', 'jangan', 'kaget', 'ya', 'kawan', 'tetap', 'dukung', 'timnas']",Positif
"['terima kasih', 'abang', 'jepun', 'trainingnya', 'sih', 'you', 'ini', 'world', 'cup', 'insyaallah']",Positif
['semangat'],Positif
"['apapun', 'itu', 'kami', 'bangga', 'perjuangan', 'timnas', 'garuda']",Positif
"['terims', 'indonesia']",Positif
"['oke', 'siap', 'mantap', 'terima kasih', 'yea', 'timnas']",Positif
"['sampai', 'ketemu', 'oktober', 'trimakasih', 'garuda', 'indonesia', 'kalian', 'hebat', 'meski', 'kalah', 'kita', 'tetap', 'bangga']",Positif
"['full', 'time', 'jepang', 'indonesia', 'pelajaran', 'guys']",Positif
"['tidak apa-apa', 'garudaku', 'kalah', 'menang', 'tetap', 'kami', 'dukung', 'kami', 'tunggu', 'next', 'match', 'di', 'round']",Positif
"['timnasday', 'gracias', 'garudaku', 'sudah', 'berjuang', 'sudah', 'lah', 'tidak usah', 'salahsalahan', 'kalau', 'pun', 'ada', 'yang', 'harus', 'bertanggung', 'jawab', 'ya', 'itu', 'jelasjelas', 'sih', 'gemoy', 'tidak', 'sih', 'atau', 'eth', 'el', 'menyandar', 'atau', 'penjilatnya', 'sih', 'arya', 'sinusitis', 'atau', 'ya', 'andre', 'rose']",Positif
"['its', 'okay', 'tetap', 'semangat', 'garuda', 'ku']",Positif
"['akhirnya', 'kelarrr', 'capek', 'gue', 'degan', 'digempur', 'mulu', 'selamat', 'beristirahat', 'timnasku', 'kalian', 'sudah', 'berjuang', 'matian', 'malam', 'ini']",Positif
"['terimakasih', 'yance', 'jangan', 'sedih', 'kamu', 'sudah', 'bekerja', 'keras']",Positif
"['harusnya', 'dapat', 'banyak', 'ilmu', 'dan', 'hal', 'yang', 'bisa', 'di', 'evaluasi', 'ya', 'dari', 'match', 'ini', 'good', 'job', 'selamat', 'rehat']",Positif
"['kekalahan', 'ini', 'bukan', 'akhir', 'tapi', 'pelajaran', 'berharga', 'untuk', 'jadi', 'lebih', 'kuat', 'teruslah', 'terbang', 'lebih', 'tinggi', 'karena', 'kami', 'selalu', 'di', 'belakang', 'kalian']",Positif
"['terima kasih', 'ya', 'timnas', 'indonesia', 'gapapa', 'setengah', 'lusin', 'doang', 'kok', 'kalahnya']",Positif
"['berjuang', 'lagi', 'di', 'round', 'semangat']",Positif
"['sang', 'garuda', 'masih', 'harus', 'mengakui', 'keperkasaan', 'dari', 'sang', 'samurai', 'perbedaan', 'level', 'yang', 'sangat', 'jauh', 'membuat', 'jepang', 'menang', 'telak', 'atas', 'indonesia', 'dengan', 'skor', 'laga', 'terakhir', 'ditutup', 'dengan', 'kurang', 'menyenangkan', 'tetapi', 'kita', 'tetap', 'harus', 'fokus', 'untuk', 'round']",Positif
"['nanti', 'indonesia']",Positif
['mantap'],Positif
"['selesaiii', 'sampai', 'ketemu', 'lagi', 'nanti']",Positif
"['awas', 'saja', 'kalau', 'pada', 'menghujat', 'pemain']",Positif
"['terima', 'kasih', 'sudah', 'berjuang']",Positif
"['akhirnya', 'selesai', 'juga', 'penjajahan', 'diatas', 'lapangan', 'ini']",Positif
"['dari', 'jepang', 'kita', 'belajar', 'bahwa', 'grassroot', 'pembinaan', 'usia', 'dini', 'di', 'liga', 'lokal', 'harus', 'dimulai']",Positif
"['back', 'stronger', 'nanti', 'di', 'round', 'ya', 'garuda']",Positif
"['gapapa', 'tetap', 'semangat', 'indonesia']",Positif
"['walaupun', 'terbantai', 'terima', 'kasih', 'sudah', 'berjuang']",Positif
"['yance', 'benar', 'benar', 'sampai', 'titik', 'darah', 'penghabisan']",Positif
"['alhamdulillah', 'selesai', 'yance', 'capek', 'emil', 'capek', 'semua', 'dan', 'gue', 'pun', 'capek']",Positif
"['alhamdulillah', 'akhirnya', 'selese', 'juga', 'banggg']",Positif
"['semangat', 'king', 'indonesia']",Positif
"['alhamdulillah', 'selesai', 'juga', 'semangat', 'terus', 'buat', 'seluruh', 'pemain']",Positif
"['tidak apa-apa', 'tidak apa-apa', 'sampai', 'di', 'titik', 'ini', 'saja', 'sudah', 'keren', 'banget']",Positif
"['sudah', 'ya', 'sudah', 'terima kasih', 'king', 'indonesia', 'kamu', 'tetap', 'keren', 'banget', 'kok', 'asli', 'memang', 'jepang', 'kelewat', 'jago', 'saja']",Positif
"['tidakk', 'baik', 'ya', 'overproud', 'teman', 'teman']",Positif
"['alhamdulillah', 'selesai', 'juga', 'round', 'apapun', 'hasilx', 'tetap', 'bangga', 'garudaku']",Positif
"['alhamdulillah', 'selesai']",Positif
"['alhamdulillah', 'udahhh']",Positif
"['melihat', 'pemain', 'timnas', 'lawan', 'jepang', 'hari', 'ini', 'itu', 'benar', 'benar', 'capek', 'banget', 'mana', 'yance', 'sampai', 'bedarah', 'stay', 'strong', 'gapapa', 'kalah', 'gapapaaa']",Positif
"['kritik', 'boleh', 'tapi', 'tetap', 'repect', 'objectif', 'ingat', 'mereka', 'lagi', 'berjuang', 'kalau', 'kalau', 'cuma', 'modal', 'iler', 'saja']",Positif
"['menyalaa', 'supporter', 'garudaaa', 'menangis', 'dikit', 'malam', 'ini', 'tapi', 'lumayan', 'ya', 'ujiannn', 'lawan', 'kelas', 'kakap', 'dikasih', 'paham', 'sama', 'abang', 'jepang', 'lagi']",Positif
"['yance', 'please', 'be', 'strong', 'dikit', 'lagi', 'udahan', 'ini']",Positif
"['semangat', 'yance', 'yakob']",Positif
"['waktu', 'kumpul', 'timnas', 'untuk', 'berlatih', 'bersama', 'juga', 'kemungkinan', 'minim', 'namun', 'semoga', 'ada', 'laga', 'uji', 'coba', 'di', 'akhir', 'sept', 'untuk', 'memanaskan', 'mesin']",Positif
"['supporter', 'indonesia', 'keren', 'banget', 'masih', 'tetap', 'nyemangatin']",Positif
"['kalau', 'kalah', 'jangan', 'di', 'bully', 'kenapa', 'semangat']",Positif
"['ini', 'kalau', 'kalah', 'tidak usah', 'pada', 'hujat', 'pelatihnya', 'memang', 'dasarnya', 'lawan', 'kita', 'tidak', 'sebanding']",Positif
"['anggep', 'saja', 'ini', 'uji', 'coba', 'buat', 'persiapan', 'entar', 'di', 'round']",Positif
"['gaung', 'indonesia', 'di', 'lapangan', 'ya', 'kita', 'memang', 'kalah', 'tapi', 'kita', 'tetap', 'mendukung']",Positif
"['plis', 'lah', 'tidak usah', 'menghujat', 'pemain', 'mereka', 'sudah', 'usaha', 'itu']",Positif
"['timnas', 'masih', 'perlu', 'berlatih', 'bersama', 'lebih', 'lama', 'untuk', 'membangun', 'pola', 'kerjasama', 'amp', 'chemistry', 'just', 'trust', 'the', 'process']",Positif
"['yuk', 'bisa', 'yuk', 'gol', 'saja']",Positif
"['jepang', 'benar', 'benar', 'menyadarkan', 'suporter', 'garuda', 'bahwa', 'kita', 'sungguh', 'sangat', 'belum', 'pantas', 'masuk', 'pildun']",Positif
"['assalamualaikum', 'pildun', 'abang', 'sudah', 'abang']",Positif
"['peluang', 'berlian', 'belum', 'bisa', 'memanfaatkan']",Positif
"['saya', 'tetap', 'setia', 'menonton', 'berapa', 'pun', 'skornya']",Positif
"['menang', 'kalah', 'tugas', 'suporter', 'selalu', 'mendukung', 'bukan', 'merundungg', 'jadi', 'stop', 'hujat', 'para', 'pemain']",Positif
"['diatas', 'langit', 'membiru', 'luas', 'kita', 'garuda', 'masih', 'belum', 'ketemu', 'pemangsa', 'buas', 'lainnya', 'semangat', 'belajar', 'berbenah', 'dan', 'level', 'up']",Positif
"['cuma', 'supporter', 'indonesia', 'yang', 'timnasnya', 'sudah', 'kalah', 'gol', 'saja', 'masih', 'nyanyi', 'bahagia']",Positif
"['meski', 'dibantai', 'tidak', 'pernah', 'berhanti', 'bernyanyi', 'memberikan', 'dukungan', 'bagi', 'skuad', 'indonesia', 'jepang', 'indonesia']",Positif
"['lalalaalala', 'ooo', 'garuda', 'kedengaran', 'banget', 'merinding', 'begini', 'masih', 'tetap', 'semangat', 'meskipun']",Positif
"['senang', 'lihat', 'pendukung', 'timnas', 'di', 'jepang', 'masih', 'tetap', 'bersorak', 'dan', 'mendukung', 'tidak', 'terlihat', 'yang', 'pergi', 'pulang', 'kalian', 'luar', 'biasa']",Positif
"['merinding', 'banget', 'suporter', 'indonesia', 'masih', 'tetap', 'semangat', 'banget', 'meskipun']",Positif
"['kualitasnya', 'memang', 'beda', 'sih']",Positif
"['pertandingan', 'melawan', 'negara', 'negara', 'yang', 'ranking', 'fifa', 'jauh', 'diatas', 'timnas', 'indonesia', 'seperti', 'jepang', 'ini', 'tentu', 'sangat', 'penting', 'untuk', 'pengalaman', 'dan', 'pembelajaran']",Positif
"['tidak apa-apa', 'gaes', 'kalaupun', 'kalah', 'seenggaknya', 'ada', 'pelajaran', 'yang', 'bisa', 'kita', 'ambil', 'banyak', 'yang', 'bisa', 'dikoreksi', 'sama', 'pelatih', 'kalau', 'tidak', 'kalah', 'tidak', 'ada', 'rasa', 'untuk', 'memperbaiki', 'diri']",Positif
"['apapun', 'hasilnya', 'berapapun', 'hasilnya', 'sudah', 'yuk', 'terima', 'saja', 'jepang', 'dilawan']",Positif
"['nah', 'akhirnya', 'gue', 'paham', 'betapa', 'vitalnya', 'peran', 'rizky', 'ridho', 'dan', 'calvin', 'verdonk', 'di', 'sisi', 'belakang', 'indonesia', 'tersemat', 'lubang', 'besar', 'tanpa', 'keduanya', 'pada', 'pertandingan', 'sore', 'ini', 'vs', 'jepang']",Positif
"['kalau', 'kalah', 'idealnya', 'di', 'bawah', 'dengan', 'begituartinya', 'lebih', 'baik', 'dari', 'leg', 'cuma', 'enggak', 'apa', 'tetap', 'semangat', 'buat', 'evaluasi', 'nanti', 'di', 'putaran', 'sruputan', 'kopi', 'malam', 'ini', 'rasanya', 'beda', 'daripada', 'malam', 'sebelumnya', 'indonesia', 'indonesia', 'indonesia']",Positif
"['dengan', 'hasil', 'kalah', 'setengah', 'lusin', 'terus', 'terang', 'saya', 'jadi', 'khawatir', 'dan', 'ketar', 'ketir', 'dengan', 'nasib', 'kita', 'di', 'round', 'apalagi', 'di', 'round', 'ke', 'kita', 'tidak', 'menjadi', 'tuan', 'rumah', 'harus', 'ada', 'perbaikan']",Positif
"['yang', 'penting', 'sudah', 'lolos', 'round']",Positif
"['tidak', 'tega', 'banget', 'gua', 'lihat', 'ya', 'tapi', 'bangga', 'sama', 'timnas', 'anying']",Positif
"['cokkk', 'abang', 'jepang', 'serius', 'banget', 'main', 'ya', 'tetap', 'semangat', 'garudaaa']",Positif
"['perjuangan', 'audero', 'jaga', 'gawang', 'king', 'indonesia', 'patut', 'diacungi', 'jempol']",Positif
"['setengah', 'lusinn', 'tidak apa-apa', 'indonesia', 'semangat']",Positif
"['rank', 'fifa', 'vs', 'bedanya', 'saja', 'keren', 'banget', 'timnas', 'gua']",Positif
"['sudah', 'sudah', 'jangan', 'pada', 'hujat', 'pemain', 'mending', 'kasih', 'dukungan', 'biar', 'kedepannya', 'makin', 'baik', 'ini', 'bukan', 'salah', 'satu', 'atau', 'dua', 'pemain', 'memang', 'jepangnya', 'yang', 'jago', 'kalau', 'indonesia', 'mau', 'lolos', 'pildun', 'ya', 'harus', 'ningkatin', 'kualitas', 'biar', 'tidak', 'dibantai', 'siapapun', 'lawannya']",Positif
"['jujur', 'emil', 'berapa', 'kali', 'melakukan', 'save', 'save', 'krusial', 'anjir', 'ini', 'nilai', 'plus', 'sih']",Positif
"['kasihan', 'debut', 'emil', 'kali', 'ini', 'syusah', 'sekali', 'lagi', 'susah']",Positif
"['kalau', 'nanti', 'benaran', 'masuk', 'pildun', 'kira', 'beginilah', 'komdisi', 'timnas', 'kita', 'dibabak', 'penyisihan', 'grup', 'nanti']",Positif
"['beda', 'peringkat', 'an', 'doang', 'padahal', 'king', 'asia', 'memang', 'terlalu', 'hebat', 'saat', 'ini']",Positif
"['tidak', 'papa', 'ini', 'ajang', 'kuch', 'petrik', 'buat', 'uji', 'coba', 'pemain', 'tidak', 'papa']",Positif
"['noh', 'jangan', 'bilang', 'mees', 'tidak', 'memegang', 'mees', 'sudah', 'berkali', 'memutus', 'laju', 'bola', 'jepang', 'tapi', 'selanjutnya', 'bola', 'yang', 'sudah', 'dipegang', 'sama', 'pemain', 'lain', 'kita', 'dengan', 'mudahnya', 'lepas', 'intinya', 'memang', 'chemistry']",Positif
"['sehat', 'kang', 'emil']",Positif
"['kalah', 'wajar', 'seri', 'kaget', 'menang', 'proklamasi']",Positif
"['semangat', 'kang', 'emil']",Positif
"['abang', 'sudah', 'ya', 'kasih', 'timnas', 'kesempatan', 'dikit']",Positif
"['keren', 'banget', 'emil']",Positif
"['meminta', 'tolong', 'banget', 'ini', 'mah', 'kalau', 'nanti', 'timnas', 'berhasil', 'jangan', 'langsung', 'dijadikan', 'alat', 'politik', 'bagi', 'suatu', 'kaum', 'saja', 'ya', 'kita', 'sudah', 'senang', 'ini', 'dengan', 'timnas', 'sekarang', 'pleaseee']",Positif
"['apresiasi', 'untuk', 'emil', 'yang', 'mode', 'ultra', 'instinctnya', 'baru', 'awakened', 'rada', 'telat', 'but', 'still', 'tetap', 'apresiasi']",Positif
"['menyala', 'abang', 'emil']",Positif
"['good', 'save', 'emilll', 'aku', 'tau', 'kamu', 'frustasi', 'karena', 'kebobolan', 'banyak', 'tapi', 'masih', 'bisa', 'main', 'epik', 'goks', 'tidak', 'salah', 'bapakmu', 'sombong']",Positif
"['mau', 'juga', 'bakalan', 'aku', 'tonton', 'sampai', 'habissemangat', 'guyspaling', 'tidak', 'ada', 'aku', 'dibelakangmu']",Positif
"['abang', 'emil', 'kuatkuat', 'ya', 'kerja', 'di', 'bawah', 'tekanan', 'jepang']",Positif
"['nih', 'serangan', 'bertubi', 'sih', 'untung', 'emil', 'bisa', 'nangkis']",Positif
"['emil', 'kayak', 'baru', 'panas', 'maennya']",Positif
"['sehat', 'sehat', 'emil', 'tahan', 'ya']",Positif
"['anjiiirrr', 'emil', 'audero', 'vs', 'semua', 'orang', 'ini']",Positif
"['mulai', 'sudah', 'pada', 'menyalahkan', 'dikira', 'ini', 'timnas', 'sudah', 'hebat', 'banget', 'apa', 'ya', 'bisa', 'mengalahkan', 'jepang', 'sadar', 'diri', 'juga', 'lah', 'kocak']",Positif
"['emil', 'jatuh', 'bangun', 'dan', 'pemain', 'kita', 'engap']",Positif
"['gosah', 'pada', 'menyalahkan', 'pemain', 'wey', 'ini', 'lawan', 'jepang']",Positif
"['kecup', 'kening', 'emil', 'semangat', 'kang']",Positif
"['penyelamatan', 'yang', 'bagus', 'emil', 'kluivert', 'tidak', 'ada', 'rencana', 'ganti', 'dengan', 'paes', 'emil', 'lelah', 'jepang', 'vs', 'indonesia']",Positif
"['gapapa', 'king', 'indonesia', 'dibantai', 'masih', 'ada', 'kabar', 'bahagia', 'buat', 'kita', 'orang', 'indonesia', 'hari', 'ini', 'masyarakat', 'menang']",Positif
"['tidak', 'usah', 'menyalahkan', 'ini', 'itu', 'ini', 'kan', 'kerjasama', 'tim', 'mereka', 'juga', 'sudah', 'usaha', 'lawannya', 'tuh', 'rangking', 'fifa', 'doain', 'dan', 'dukung', 'begitu', 'loh', 'malah', 'pada', 'menyalahkan', 'sih', 'ini', 'sih', 'itu']",Positif
"['emil', 'kerja', 'menit', 'wakkk']",Positif
['alhamdulillahhh'],Positif
"['emilll', 'keren', 'banget']",Positif
"['stop', 'menghujat', 'pemain', 'woii', 'kamu', 'galiat', 'lawan', 'indonesia', 'siapee']",Positif
"['emil', 'semangat']",Positif
"['semangat', 'emil', 'semangat']",Positif
"['abang', 'emil', 'semangat']",Positif
"['kang', 'emil', 'sangar', 'penyelamatannya']",Positif
"['emil', 'mantap', 'jangan', 'sampai', 'lusin', 'miill']",Positif
"['emill', 'semangat', 'mill']",Positif
"['tidak', 'kebobolan', 'lagi', 'syukur', 'bisa', 'mecah', 'telor', 'itu', 'sudah', 'prestasi', 'bagus']",Positif
"['semangat', 'terus', 'ya', 'emil']",Positif
"['emil', 'audero', 'kembali', 'melakukan', 'penyelamatan']",Positif
"['emilll', 'pertahankannn']",Positif
"['emil', 'keren']",Positif
"['bagus', 'emil']",Positif
"['sabar', 'ini', 'bisa', 'dianggap', 'cobaan', 'penonton', 'dan', 'supporter', 'kalau', 'nanti', 'lolos', 'piala', 'dunia']",Positif
"['emil', 'kelas']",Positif
"['king', 'ayo', 'king']",Positif
"['emil', 'kerasukan', 'marteen', 'paes']",Positif
"['emil', 'tidak apa-apa', 'kok', 'yang', 'penting', 'tenang', 'entar', 'kalau', 'gugup', 'malah', 'jebol', 'lagi', 'kalau', 'tenang', 'begini', 'kan', 'bisa', 'nangkep', 'bola']",Positif
"['meski', 'hujan', 'supporter', 'timnas', 'indonesia', 'tetap', 'menonton bareng', 'dukung', 'punggawa', 'garuda', 'melawan', 'jepang', 'di', 'stadion', 'utama', 'gelora', 'bung', 'karno', 'sugbk', 'senayan', 'jakarta', 'kamis']",Positif
"['emil', 'nih', 'keren', 'kata', 'aku', 'mah']",Positif
"['awas', 'jangan', 'ada', 'yang', 'hujat', 'pemain', 'ye', 'kasihan', 'mereka', 'sudah', 'capek', 'dibantai', 'dilapangan', 'jangan', 'sampai', 'dibantai', 'pula', 'di', 'sosmed']",Positif
"['kata', 'suami', 'ya', 'memang', 'sudah', 'beda', 'level', 'jepang', 'sama', 'indonesia', 'mah', 'peringkatnya', 'saja', 'jauh', 'benar', 'jadi', 'ya', 'di', 'pertandingan', 'ini', 'jelas', 'memang', 'beda', 'dan', 'kualitasnya', 'memang', 'kelihatan', 'banget']",Positif
"['oiya', 'tepuk', 'tangan', 'juga', 'untuk', 'semua', 'yang', 'masih', 'rela', 'menonton', 'pembantaian', 'ini', 'kalian', 'suporter', 'sejati', 'pecinta', 'timnas', 'yang', 'sesungguhnya']",Positif
"['upaya', 'audero', 'selamatkan', 'gawang', 'king', 'indonesia', 'biar', 'tidak', 'kebobolan', 'lagi', 'memang', 'tidak', 'ada', 'lawannn']",Positif
"['yang', 'menyalahkan', 'mees', 'mulu', 'coba', 'lah', 'turun', 'kelapangan', 'apa', 'tidak', 'engap', 'engapan', 'lo', 'ngadepin', 'jepang', 'gue', 'yang', 'menonton', 'dari', 'rumah', 'saja', 'rasanya', 'ngos', 'ngosan', 'anjir']",Positif
"['jepang', 'masih', 'terlalu', 'kuat', 'untuk', 'indonesia']",Positif
"['semangat', 'emil', 'habis', 'ini', 'pijet', 'ditukang', 'pijet', 'langganan', 'paes']",Positif
"['emil', 'gila', 'emil', 'keren', 'banget']",Positif
"['lawan', 'jepang', 'akan', 'menjadi', 'pembuktian', 'sejauhmana', 'progress', 'timnas', 'dengan', 'coach', 'kluivert']",Positif
"['ikut', 'senang', 'stefano', 'lilipaly', 'disambut', 'hangat', 'sama', 'ultras', 'garuda', 'kelihatan', 'banyak', 'yang', 'kangen', 'lilipaly', 'masuk', 'timnas', 'indonesia', 'lagi', 'usianya', 'sudah', 'tahun', 'paling', 'senior', 'di', 'timnas', 'masih', 'ingat', 'sama', 'gol', 'salto', 'amp', 'gol', 'dramatisnya', 'di', 'asian', 'games']",Positif
"['di', 'butuh', 'naturalisasi', 'di', 'raja', 'ampat']",Positif
"['lo', 'juga', 'ngalamin', 'kan', 'selebrasi', 'satu', 'negara', 'ketika', 'ole', 'romeny', 'sukses', 'ngebuat', 'timnas', 'indonesia', 'mimpin', 'skor', 'atas', 'china', 'mulai', 'dari', 'yang', 'menonton bareng', 'di', 'sekitar', 'stadion', 'pinggir', 'jalan', 'warung', 'cafe', 'studio', 'sampai', 'yang', 'ada', 'di', 'mall', 'semuanya', 'teriak', 'goool']",Positif
"['ole', 'mencetak', 'gol', 'penting', 'untuk', 'kemenangan']",Positif
"['puas', 'banget', 'lihatnya', 'ledekan', 'kayak', 'begini', 'tuh', 'tidak', 'kasar', 'tapi', 'dalem', 'kelass', 'spanduk', 'mereka', 'tidak', 'diturunin', 'paksa', 'pas', 'lagu', 'kebangsaan', 'tidak', 'disorakin', 'kayak', 'bahrain', 'tapi', 'sudah', 'cukup', 'di', 'situ', 'selebihnya', 'sepanjang', 'pertandingan', 'mereka', 'kena', 'psywar', 'suporter', 'timnas', 'indonesia']",Positif
"['timnas', 'harus', 'punya', 'tambahan', 'pemain', 'yang', 'benar', 'strong', 'di', 'posisi', 'depan', 'dan', 'tengah', 'untuk', 'bisa', 'kompetitif', 'di', 'round', 'dalam', 'upaya', 'mengejar', 'world', 'cup']",Positif
"['kelihatan', 'banget', 'ekspresi', 'lega', 'senang', 'emil', 'audero', 'yang', 'akhirnya', 'bisa', 'debut', 'manis', 'di', 'gbk', 'semua', 'kiper', 'timnas', 'indonesia', 'sudah', 'pada', 'merasai', 'dapat', 'spotlight', 'nadeo', 'di', 'aff', 'ernando', 'di', 'afc', 'paes', 'di', 'pildun', 'emil', 'di', 'pertandingan', 'lawan', 'china']",Positif
"['kita', 'punya', 'kiper', 'yang', 'bukan', 'kaleng', 'kaleng']",Positif
"['emil', 'memang', 'punya', 'kelas', 'eropa']",Positif
"['emil', 'auderoo', 'kelas', 'banget', 'mainnya', 'keren', 'coiii']",Positif
"['wajar', 'saja', 'emil', 'kemarin', 'masih', 'bimbang', 'memilih', 'indonesia', 'kualitasnya', 'jauh', 'banget', 'cok']",Positif
"['gapapa', 'indonesia', 'kalah', 'dari', 'jepang', 'tetap', 'semangat', 'ya']",Positif
"['kelihatan', 'banget', 'ekspresi', 'lega', 'senang', 'emil', 'audero', 'yang', 'akhirnya', 'bisa', 'debut', 'manis', 'di', 'gbk', 'semua', 'kiper', 'timnas', 'indonesia', 'sudah', 'pada', 'merasai', 'dapat', 'spotlight', 'nadeo', 'di', 'aff', 'ernando', 'di', 'afc', 'paes', 'di', 'pildun', 'emil', 'di', 'pertandingan', 'lawan', 'china']",Positif
"['kenang', 'kenangan', 'dari', 'presiden', 'untuk', 'pemain', 'timnas', 'indonesia', 'atas', 'keberhasilan', 'melaju', 'ke', 'roud', 'piala', 'dunia', 'teruslah', 'terbang', 'sampai', 'ke', 'piala', 'dunia']",Positif
"['pelatih', 'timnas', 'indonesia', 'patrick', 'kluivert', 'mengaku', 'sangat', 'puas', 'dengan', 'kemenangan', 'atas', 'china', 'di', 'stadion', 'gbk', 'gtgt']",Positif
"['terakhir', 'menonton', 'timnas', 'itu', 'aff', 'jaman', 'irfan', 'bachdim', 'setelah', 'belasan', 'tahun', 'akhirnya', 'masih', 'bisa', 'menonton', 'langsung', 'di', 'gbk']",Positif
"['ranking', 'fifa', 'timnas', 'indonesia', 'melonjak', 'tajam', 'setelah', 'taklukkan', 'china', 'sebelum', 'berduel', 'melawan', 'china', 'timnas', 'indonesia', 'masih', 'bertengger', 'di', 'posisi', 'ke', 'dalam', 'daftar', 'peringkat', 'fifa', 'namun', 'kemenangan', 'tipis', 'namun', 'penting', 'atas', 'china', 'memberikan', 'dampak', 'besar', 'tambahan']",Positif
"['ricky', 'kambuaya', 'jadi', 'bintang', 'kemenangan', 'timnas', 'indonesia', 'atas', 'china', 'link', 'live', 'streaming', 'football']",Positif
"['bagi', 'saya', 'ricky', 'adalah', 'motm', 'papua', 'pride']",Positif
"['indonesia', 'menang']",Positif
"['indonesia', 'harus', 'tampil', 'maksimal', 'meski', 'tanpa', 'ivar', 'jenner', 'dukungan', 'penuh', 'dari', 'seluruh', 'suporter', 'sangat', 'dibutuhkan', 'untuk', 'laga', 'penting', 'ini']",Positif
"['perbandingan', 'patrick', 'kluivert', 'dan', 'sty', 'memadukan', 'pemain', 'liga', 'dengan', 'diaspora', 'di', 'timnas', 'indonesia', 'lewat']",Positif
"['alhamdulillah', 'poin', 'vamos', 'garuda', 'king', 'indonesia']",Positif
"['ini', 'saat', 'ya']",Positif
"['banyak', 'yang', 'meremehkan', 'mu', 'namun', 'permainanmu', 'dilapangan', 'sungguh', 'mengesankan', 'keep', 'itu', 'up', 'jang']",Positif
"['pokoknya', 'bangga', 'bangga', 'dan', 'bangga']",Positif
"['saat', 'ya', 'menuju', 'piala', 'dunia', 'king', 'indonesia']",Positif
"['semoga', 'nanti', 'timnas', 'akan', 'menang', 'terus', 'di', 'pertandingan', 'kualifikasi', 'piala', 'dunia', 'ini', 'dukung', 'terus', 'timnas', 'indonesia', 'dukung', 'terus', 'kemajuan', 'sepak', 'bola', 'indonesia']",Positif
"['saya', 'tidak', 'menyangka', 'turun', 'di', 'babak', 'kedua', 'beckham', 'putra', 'tampak', 'girang', 'bisa', 'menjalani', 'debutnya', 'di', 'timnas', 'indonesia', 'terus', 'berkembang', 'etam']",Positif
"['peringkat', 'dunia', 'timnas', 'naik', 'ke', 'dari', 'sebelumnya', 'setelah', 'menang', 'atas', 'china']",Positif
"['lebaran', 'full', 'senyum', 'timnas', 'indonesia', 'resmi', 'lolos', 'ke', 'babak', 'keempat', 'kualifikasi', 'piala', 'dunia', 'zona', 'asia', 'usai', 'menang', 'dramatis', 'lawan', 'china', 'di', 'stadion', 'gbk', 'lewat', 'penalti', 'ole', 'romeny', 'gtgt']",Positif
"['indonesia', 'semangat']",Positif
"['gol', 'kemenangan', 'indonesia', 'atas', 'china', 'pecah', 'disambut', 'sorakan', 'warga', 'bangkalan', 'di', 'halaman', 'stadion', 'gelora', 'menonton bareng', 'makin', 'semarak', 'dengan', 'hadirnya', 'wakil', 'bupati', 'bangkalan', 'malam', 'yang', 'penuh', 'energi', 'kebanggaan', 'dan', 'semangat', 'merah', 'putih']",Positif
"['secinta', 'itu', 'kita', 'sama', 'timnas', 'indonesia', 'di', 'mana', 'pun', 'bagaimana', 'pun', 'kalau', 'lagi', 'waktunya', 'agenda', 'kita', 'satu']",Positif
"['setuju', 'nih', 'berdasarkanke', 'sotoyan', 'saya', 'era', 'sty', 'main', 'ala', 'conte', 'era', 'kluivert', 'main', 'ala', 'inzaghi', 'terlihat', 'perubahan', 'variasi', 'formasi', 'ketika', 'menyerang', 'dan', 'di', 'serang']",Positif
"['debut', 'beckham', 'putra', 'bersama', 'king', 'indonesia', 'langsung', 'gacor', 'etam', 'begitu', 'dia', 'dipanggil', 'hampir', 'membuat', 'assist', 'pada', 'menit', 'ke', 'namun', 'tak', 'mampu', 'diselesaikan', 'dengan', 'baik', 'oleh', 'kevin', 'diks', 'karena', 'ditepis', 'kiper', 'dalei', 'wang', 'sofascore', 'mencatat', 'beckham', 'tampil']",Positif
"['garuda', 'terbang', 'tinggi', 'timnas', 'indonesia', 'kembali', 'menorehkan', 'kemenangan', 'melawan', 'cina', 'terima', 'kash', 'untuk', 'semangat', 'juang', 'tanpa', 'henti', 'dan', 'dukungan', 'dari', 'seluruh', 'masyarakat', 'indonesia', 'mari', 'terus', 'melaju', 'melambung', 'tinggi', 'garuda', 'indonesia']",Positif
"['patrick', 'kluivert', 'akui', 'ricky', 'kambuaya', 'bermain', 'fantastis', 'saat', 'indonesia', 'redam', 'china']",Positif
"['hari', 'ini', 'sampai', 'besok', 'seluruh', 'masyarakat', 'indonesia', 'akan', 'mengadakan', 'syukuran', 'kemenangan', 'timnas', 'dengan', 'menyembelih', 'kambing', 'dan', 'sapi', 'selamat', 'menikmati']",Positif
"['menyala', 'ole', 'romeny', 'match', 'gol', 'moment', 'ole', 'romeny', 'tepuktepuk', 'pundak', 'bpk', 'presiden', 'dan', 'pak', 'pun', 'tampak', 'cuek', 'saja', 'tidak', 'bahaya', 'teh', 'ole']",Positif
"['oke', 'kita', 'lolos', 'gaesss', 'atas', 'kemenangan', 'indonesia', 'semalem', 'amp', 'arab', 'menang', 'atas', 'bahrain', 'dipastikan', 'kita', 'lolos', 'ke', 'ronde', 'bangun', 'min', 'kita', 'lolos']",Positif
"['timnas', 'indonesia', 'ukir', 'sejarah', 'gol', 'penalti', 'ole', 'romeny', 'jadi', 'penentu', 'kemenangan', 'dramatis', 'atas', 'china', 'aksi', 'brilian', 'kambuaya', 'berbuah', 'penalti', 'dan', 'garuda', 'amankan', 'poin', 'penting', 'kini', 'indonesia', 'mantap', 'di', 'posisi', 'klasemen', 'amp', 'selangkah', 'lebih', 'dekat', 'ke', 'babak']",Positif
"['selamat', 'patrick', 'kluvert', 'kagak', 'kena', 'bully', 'sama', 'hari', 'ini', 'wkwkkwkwkwk']",Positif
"['susah', 'move', 'on', 'dan', 'king', 'indonesia', 'masih', 'menggema', 'pagi', 'ini']",Positif
"['menuju', 'piala', 'dunia', 'king', 'indonesia']",Positif
"['kamu', 'juga', 'terbaik', 'ole', 'match', 'gol', 'next', 'cetak', 'gol', 'ke', 'gawang', 'jepang']",Positif
"['terharuu', 'abang']",Positif
"['senang', 'kemenangan', 'tapi', 'jangan', 'lupa', 'dan', 'selamat', 'hari', 'raya', 'idul', 'adha']",Positif
"['dari', 'aku', 'salah', 'satu', 'warga', 'negara', 'yang', 'gila', 'bola', 'untuk', 'timnas']",Positif
"['sejarah', 'keren', 'dipastikan', 'lolos', 'ke', 'round', 'piala', 'dunia', 'selangkah', 'lagi', 'menuju', 'piala', 'dunia', 'kalau', 'posisi', 'semoga', 'permainan', 'dan', 'skill', 'terus', 'meningkat']",Positif
"['hadirin', 'jumat', 'dan', 'eid', 'yang', 'berbahagia']",Positif
"['congratsss', 'atas', 'kemenangan', 'indonesia', 'melawan', 'china', 'perlahan', 'tapi', 'pasti', 'indonesia', 'bisa', 'masuk', 'ke', 'piala', 'dunia']",Positif
"['mees', 'memang', 'gagal', 'debut', 'di', 'gbk', 'tapi', 'kehadirannya', 'sudah', 'lebih', 'dari', 'cukup', 'melihat', 'permainan', 'china', 'yang', 'mengandalkan', 'speed', 'amp', 'body', 'mees', 'memang', 'bisa', 'adu', 'body', 'tapi', 'resiko', 'cedera', 'pilihan', 'tepat', 'buat', 'mees', 'menonton', 'di', 'bangku', 'cadangan', 'untuk', 'melihat', 'bagaimana', 'cara', 'rr', 'membangun', 'tembok']",Positif
"['tendangan', 'manies', 'dari', 'memang', 'olee', 'king', 'indonesia', 'kayak', 'apotik', 'tutup']",Positif
"['yang', 'bisa', 'kubanggakan', 'dari', 'negara', 'ini', 'hanya', 'timnas', 'ku', 'doang', 'respect']",Positif
"['tinggal', 'cari', 'pelapis', 'ole', 'romeny']",Positif
"['abang', 'patrick', 'membuktikan', 'kalau', 'dia', 'memang', 'layak', 'jadi', 'coach', 'maaf', 'ya', 'abang', 'kemarin', 'agak', 'tidak', 'suka', 'dikit']",Positif
"['ricky', 'kambuaya', 'cahaya', 'terang', 'dari', 'timur', 'kita']",Positif
"['pentingnya', 'punya', 'dmf', 'bagus', 'dan', 'seluruh', 'dunia', 'harus', 'tau', 'indonesia', 'punya', 'joey', 'pelulessy']",Positif
"['indonesia', 'support', 'ya', 'jalur', 'langittt', 'woiisulitt', 'ditembus', 'kombo', 'puasa', 'arafahalikhlasxtakbir', 'berkumandang', 'di', 'setiap', 'penjuru', 'indonesia', 'tidak', 'bakall', 'melesettt', 'asli']",Positif
"['jujur', 'sbnernya', 'selain', 'mees', 'gue', 'juga', 'menunggu', 'ragnar', 'pengin', 'banget', 'lihat', 'dia', 'merasai', 'euforia', 'lebaran', 'dan', 'sholat', 'ied', 'di', 'indonesia', 'tapi', 'lagi', 'tidak ada', 'yang', 'tau', 'takdir', 'kan', 'comeback', 'stronger', 'bro', 'cepat', 'pulihnya', 'amin']",Positif
"['satu', 'nama', 'yang', 'patut', 'mendapat', 'sorotan', 'dalam', 'laga', 'indonesia', 'kontra', 'cina', 'adalah', 'emil', 'audero', 'mulyadi', 'di', 'laga', 'debutnya', 'bersama', 'timnas', 'emil', 'berdiri', 'tenang', 'menjawab', 'setiap', 'keraguan', 'dengan', 'performa', 'yang', 'solid', 'satu', 'penyelamatan', 'penting', 'satu', 'clean', 'sheet']",Positif
"['terima', 'kasih', 'untuk', 'kebahagiaannya', 'semalam', 'jangan', 'lupa', 'tetap', 'kawal', 'dan']",Positif
"['beckham', 'putra', 'banyak', 'menuai', 'pujian', 'dalam', 'debutnya', 'tampil', 'di', 'tim', 'senior', 'bersama', 'timnas', 'indonesia', 'pemain', 'persib', 'jagoan', 'king', 'indonesia', 'itu', 'tampil', 'sejak', 'menit', 'ke', 'pada', 'laga', 'melawan', 'china', 'di', 'stadion', 'utama', 'gelora', 'bung', 'karno', 'kamis', 'yang', 'diakhiri', 'dengan']",Positif
"['gbk', 'bergema', 'tanah', 'airku', 'timnas', 'kalahkan', 'china']",Positif
"['apresiasi', 'tinggi', 'untuk', 'ricky', 'kambuaya']",Positif
"['hal', 'paling', 'penting', 'adalah', 'pemain', 'menunjukkan', 'kualitasnya', 'sehingga', 'mereka', 'mempunyai', 'peluang', 'untuk', 'bermain', 'tak', 'ada', 'bedanya', 'pemain', 'lokal', 'dengan', 'diaspora', 'kami', 'satu', 'tim', 'ujar', 'kluivert']",Positif
"['ole', 'romeny', 'man', 'of', 'the', 'match', 'di', 'laga', 'indonesia', 'vs', 'china', 'di', 'kualifikasi', 'piala', 'dunia', 'gol', 'fantastisnya', 'bikin', 'king', 'indonesia', 'menang']",Positif
"['congraattsss', 'garuda', 'lanjut', 'ke', 'round', 'kualifikasi', 'piala', 'dunia']",Positif
"['selamat', 'untuk', 'timnas', 'garuda', 'yang', 'berhasil', 'meraih', 'tiga', 'angka', 'atas', 'china', 'di', 'gbk', 'semoga', 'bisa', 'lolos', 'piala', 'dunia', 'amin']",Positif
"['takbiran', 'di', 'gbk', 'semalem']",Positif
"['masih', 'belum', 'bisa', 'move', 'on']",Positif
"['cieeeyang', 'resmi', 'lolos', 'round', 'piala', 'dunia', 'garuda', 'rising', 'tapi', 'the', 'world', 'idul', 'adha', 'full', 'senyum', 'eid', 'mubarrak', 'semuanya']",Positif
"['nah', 'ini', 'gue', 'cari', 'skema', 'pahit', 'tidak', 'lolos', 'tuh', 'kayak', 'bagaimana', 'ternyata', 'begini', 'yang', 'ada', 'di', 'tl', 'skema', 'lolos', 'semua', 'terima kasih', 'abang']",Positif
"['beckham', 'debutnya', 'gacor']",Positif
"['king', 'indonesia', 'menang', 'lagi']",Positif
"['gapai', 'ilmu', 'sampai', 'negeri', 'cina', 'tidak', 'dulu', 'cina', 'ya', 'kalah']",Positif
"['horee', 'menang', 'timnas', 'mood', 'gue', 'makan', 'seblak', 'jadi', 'naikkk']",Positif
"['congrats', 'garuda', 'luar', 'biasa', 'kemenangan', 'indonesia', 'atas', 'china', 'memastikan', 'asa', 'menuju', 'piala', 'dunia', 'terus', 'terbuka', 'ayo', 'terus', 'terbang', 'tinggi', 'garuda']",Positif
"['pagii', 'semua', 'ketika', 'aku', 'tidur', 'timnas', 'indonesia', 'menang', 'di', 'bola', 'selamat', 'menang', 'semoga', 'terusnya', 'mereka', 'kuat']",Positif
"['kekalahan', 'melawan', 'china', 'dan', 'gagal', 'meraih', 'kemenangan', 'atas', 'bahrain', 'di', 'leg', 'memang', 'sakit', 'banget', 'kalau', 'di', 'ingat', 'dari', 'awal', 'memang', 'targetnya', 'lolos', 'ronde', 'ke', 'and', 'we', 'did', 'itu', 'guys', 'next', 'round', 'kita', 'sama', 'berdoa', 'agar', 'timnas', 'makin', 'solid', 'dan', 'kita', 'akan', 'ke', 'piala', 'dunia']",Positif
"['alhamdulillah', 'ronde', 'kami', 'datang', 'semoga', 'disana', 'rejekinya', 'kita', 'lebaran', 'full', 'senyum']",Positif
"['assalamualaikum', 'round']",Positif
"['akhirnya', 'king', 'indonesia', 'lolos']",Positif
"['tendangan', 'penalti', 'dari', 'ole', 'romeny', 'jadi', 'penentu', 'follow', 'amp', 'join', 'biar', 'tidak', 'ketinggalan', 'berita', 'penting', 'lainnya', 'adobet', 'min', 'depo', 'rp', 'bonus', 'new', 'member', 'bonus', 'free', 'spin']",Positif
"['alhamdulillahkita', 'menang', 'atas', 'china', 'pada', 'match', 'lain', 'bahrain', 'kalah', 'vs', 'arab', 'saudi', 'posisi', 'amp', 'sudah', 'terkunci', 'jepang', 'amp', 'australia', 'china', 'amp', 'bahrain', 'pasti', 'tersingkir', 'apa', 'pun', 'hasil', 'vs', 'jepang', 'cuma', 'perebutan', 'posisi', 'tetap', 'timnas', 'lolos', 'putaran', 'ke', 'selamat']",Positif
"['coach', 'patrick', 'meminta', 'tolong', 'fisik', 'pemainnya', 'di', 'genjot', 'terus', 'biar', 'kuat', 'main', 'full', 'time', 'round', 'lawannya', 'bangsa', 'bangsa', 'arab', 'yang', 'secara', 'fisik', 'kuat', 'dan', 'larinya', 'kencang', 'semoga', 'lolos', 'piala', 'dunia']",Positif
"['menyala', 'garuda']",Positif
"['king', 'indonesia', 'lolos', 'ronde', 'bre', 'mamam', 'tuh', 'bahrain', 'menangis', 'di', 'pojokan']",Positif
"['takbiran', 'di', 'gbk']",Positif
"['indonesia', 'dipastikan', 'lolos', 'ke', 'putaran', 'keempat', 'kualifikasi', 'piala', 'dunia']",Positif
"['alhamdulillah', 'lolos', 'juga', 'king', 'indonesia']",Positif
"['rembulan', 'dan', 'kemenangan']",Positif
"['garuda', 'tak', 'terbendung', 'laga', 'sengit', 'di', 'kualifikasi', 'piala', 'dunia', 'zona', 'asia', 'round', 'timnas', 'indonesia', 'sukses', 'tundukkan', 'china', 'gol', 'tipis', 'tapi', 'maknanya', 'luar', 'biasa', 'buat', 'garuda', 'poin', 'penting', 'demi', 'mimpi', 'ke', 'piala', 'dunia']",Positif
"['akhirnya', 'timnas', 'indonesia', 'lolos', 'ke', 'ronde', 'pertandingan', 'lawan', 'jepang', 'sama', 'sekali', 'tidak', 'menentukan', 'apa', 'pun', 'timnas', 'bisa', 'main', 'enjoy', 'sambil', 'latihan', 'taktik', 'buat', 'ronde', 'nanti', 'suporter', 'timnas', 'yang', 'ada', 'di', 'jepang', 'amp', 'indonesia', 'bisa', 'menonton', 'dengan', 'tenang']",Positif
"['official', 'indonesia', 'lolos', 'ke', 'ronde', 'keempat', 'kualifiaksi', 'piala', 'dunia']",Positif
"['selamat', 'indonesia', 'dipastikan', 'lolos', 'ke', 'round', 'saudi', 'berhasil', 'memgalahkan', 'bahrain', 'dengan', 'skor', 'akhir']",Positif
"['takbir', 'bersama', 'timnas']",Positif
"['debut', 'manis', 'emil', 'audero', 'bersama', 'timnas', 'indonesia', 'di', 'kualifikasi', 'piala', 'dunia']",Positif
"['selamat', 'timnas', 'lolos', 'ke', 'round', 'terima', 'kasih', 'saudi']",Positif
"['senang', 'karena', 'timnas', 'punya', 'banyak', 'variasi', 'taktik', 'sudah', 'segitu', 'saja', 'yang', 'terlihat', 'dan', 'teringat', 'mohon', 'maaf', 'apabila', 'tidak', 'tajam', 'dan', 'tidak', 'sesuai', 'dengan', 'analisa', 'yang', 'lain', 'karena', 'analisa', 'saya', 'murni', 'subjektif', 'hasil', 'apa', 'yang', 'ada', 'pikiran', 'dan', 'semampunya', 'untuk', 'menganalisa']",Positif
"['selamat', 'debut', 'di', 'timnas', 'senior', 'etam', 'gacor', 'sih', 'beckham', 'nih', 'tinggal', 'dimatengin', 'lagi', 'tiki', 'taka', 'sama', 'verdonk', 'ole', 'dll', 'kayanya', 'cocok', 'banget', 'ini']",Positif
"['fix', 'lolos', 'round', 'alhamdulillah']",Positif
"['hasil', 'timnas', 'indonesia', 'vs', 'china', 'penalti', 'ole', 'romeny', 'jaga', 'asa', 'garuda', 'lolos', 'piala', 'dunia']",Positif
"['alhamdulillah', 'indonesia', 'lolos', 'ke', 'round', 'piala', 'dunia', 'setelah', 'bahrain', 'vs', 'arab', 'saudi', 'di', 'menang', 'kan', 'arab', 'saudi', 'dengan', 'skor']",Positif
"['alhamdulillah', 'indonesia', 'masuk', 'round', 'masih', 'ada', 'kesempatan', 'menuju', 'world', 'cup', 'ini', 'syaa', 'allah']",Positif
"['assalamualaikum', 'round', 'king', 'indonesia', 'datang']",Positif
"['kemenangan', 'yang', 'sangat', 'penting', 'untuk', 'timnas', 'keriuhan', 'menonton bareng', 'di', 'balaikota', 'solo', 'yang', 'di', 'hadiri', 'wapres', 'kosong', 'kita']",Positif
"['keren', 'ole', 'romeny', 'seper', 'sekian', 'detik', 'sebelum', 'nendang', 'penalti', 'dia', 'tungguin', 'dulu', 'kemana', 'kiper', 'china', 'bergerak', 'beruntung', 'timnas', 'indonesia', 'punya', 'pemain', 'tenang', 'dan', 'pengalaman', 'kayak', 'begini']",Positif
"['sebenarnya', 'banyak', 'peluang', 'emas', 'tapi', 'yaudalah', 'yang', 'penting', 'salam', 'tiga', 'poin']",Positif
"['dan', 'tujuan', 'utamanya', 'takbiran', 'di', 'gbk', 'utarakan', 'cinta', 'merahkan', 'kurva']",Positif
"['tidak', 'sia', 'kang', 'emil', 'meninggalkan', 'lisa', 'mariana', 'buat', 'menjaga', 'gawang', 'timnas', 'akhirnya', 'berbuah', 'manis', 'menang']",Positif
"['saya', 'bukan', 'penggemar', 'sty', 'bukan', 'juga', 'mau', 'bandingkan', 'sih', 'patrick', 'ini', 'dengan', 'sty', 'hanya', 'saja', 'pendapat', 'saya', 'sejauh', 'ini', 'tidak', 'ada', 'yang', 'signifikan', 'apa', 'lagi', 'spesial', 'timnas', 'ditangan', 'kluivert', 'ini', 'target', 'yang', 'kita', 'capai', 'saat', 'ini', 'sebetulnya', 'diatas', 'kertas', 'akan', 'sama', 'saja', 'jika', 'di', 'tangan', 'sty']",Positif
"['akhirnya', 'indonesia', 'melaju', 'ke', 'putaran', 'ke', 'step', 'by', 'step']",Positif
"['goal', 'dari', 'mamang', 'ole', 'romeny']",Positif
"['trio', 'lini', 'pertahanannya', 'timnas', 'nih', 'bos', 'chemistry', 'mereka', 'ber', 'tuh', 'solid', 'banget']",Positif
"['kambuaya', 'tidak ada', 'obeng']",Positif
"['terima', 'kasih', 'atas', 'perjuangan', 'hari', 'ini', 'terima', 'kasih', 'juga', 'untuk', 'kedua', 'teman', 'saya', 'dari', 'lawan', 'arab', 'sampai', 'china', 'winrate', 'kita', 'menonton', 'masih', 'coyy']",Positif
"['hayuuu', 'digaskeunnn', 'ya', 'guys']",Positif
"['trio', 'kokoh', 'paten', 'ridho', 'jay', 'hubner', 'om', 'emil', 'menyalaaa']",Positif
"['goll', 'yang', 'sangat']",Positif
"['king', 'indonesia', 'menang', 'lawan', 'china', 'bahrain', 'kalah', 'lawan', 'saudi', 'what', 'a', 'takbiran', 'night']",Positif
"['sejujurnya', 'setelah', 'profesor', 'haye', 'potong', 'rambut', 'kelihatan', 'jauh', 'lebih', 'muda', 'kurasa', 'bisalah', 'abang', 'ini', 'main', 'menit', 'full']",Positif
"['tiap', 'ketemu', 'yang', 'pakai', 'jersey', 'timnas', 'salam', 'tiga', 'poin']",Positif
"['selesai', 'itu', 'bahrain']",Positif
"['king', 'indonesia', 'nih', 'bos']",Positif
"['menyala', 'olee']",Positif
"['lanjutkan', 'perjuangan', 'bung']",Positif
"['selamat', 'taklukkan', 'china', 'berkat', 'heroisme', 'emil', 'audero']",Positif
"['keren', 'banget']",Positif
"['ole', 'cetak', 'goal', 'benerkan', 'yang', 'berbau', 'emyu', 'pasti', 'menang']",Positif
"['selamat', 'atas', 'kemenangannya']",Positif
"['bisa', 'tidur', 'nyenyak', 'soalnya', 'indonesia', 'menang', 'hehe']",Positif
"['menangg', 'king', 'indonesia', 'memang', 'selalu', 'di', 'pucuk', 'assalamualaikum', 'piala', 'dunia']",Positif
"['setelah', 'rizky', 'ridho', 'amp', 'marselino', 'ferdinand', 'jebolan', 'liga', 'yang', 'selalu', 'perform', 'sekarang', 'ada', 'lagi', 'ricky', 'kambuaya', 'amp', 'egy', 'maulana', 'plus', 'super', 'sub', 'beckham', 'putra']",Positif
"['datang', 'main', 'bagus', 'pulang']",Positif
"['emil', 'audero', 'anaknya', 'mulyadi', 'nih', 'bukan', 'anaknya', 'mulyono', 'mainya', 'keren']",Positif
"['terimakasih', 'ya', 'allah', 'timnas', 'menang', 'lawan', 'china', 'permainan', 'sama', 'bagus', 'kok', 'tinggal', 'lagi', 'indonesia', 'ada', 'kesempatan', 'menangoleee', 'oleee', 'oleee', 'oleee', 'oleee']",Positif
"['seru', 'banget', 'sudah', 'menonton', 'timnas', 'tidak apa-apa', 'uang', 'habis', 'tapi', 'worth']",Positif
"['keren', 'anak', 'muda']",Positif
"['mau', 'apresiasi', 'juga', 'menurutku', 'kakak', 'ricky', 'tadi', 'benar', 'benar', 'jadi', 'main', 'character', 'di', 'lapangan', 'jatuh', 'bangun', 'entah', 'berapa', 'kali', 'dia', 'kena', 'terus', 'hebat', 'banget', 'bahkan', 'temenku', 'yang', 'tidak pernah', 'menonton', 'bola', 'tadi', 'selalu', 'notice', 'dia', 'sangat', 'amat', 'bangga', 'sama', 'penampilan', 'hari', 'ini']",Positif
"['ini', 'bekham', 'the', 'botol', 'yakul', 'we', 'trust']",Positif
"['indonesia', 'china', 'alhamdulillah', 'juni']",Positif
"['menyala', 'timnaskuuu']",Positif
"['bapak', 'datang', 'bapak', 'dukung', 'timnas', 'menang', 'yeayyy']",Positif
"['selamat', 'mimpi', 'indah', 'gays', 'atas', 'kemenangan', 'indonesia', 'sudah', 'waktunya', 'untuk', 'tidur', 'karena', 'bangun', 'pagi', 'sholat', 'ied', 'malamnya', 'kita', 'bakar', 'sate']",Positif
"['timnas', 'poin', 'takbiran', 'pagi', 'sholat', 'ied', 'lanjut', 'potong', 'sapi', 'kambing', 'siang', 'sholat', 'jumat', 'malam', 'ya', 'makan', 'bakso', 'sate', 'nikmat', 'mana', 'lagi', 'yang', 'kau', 'dustakan']",Positif
"['pamer', 'kesombongan', 'dulu', 'king', 'indonesia', 'menang']",Positif
"['selamat', 'indonesia']",Positif
"['runtuh', 'juga', 'pertahanan', 'tembok', 'china', 'kurban', 'idul', 'adha', 'kali', 'ini', 'naga', 'tapi', 'apresiasi', 'buat', 'para', 'pemain', 'china', 'yang', 'memang', 'disiplin', 'bertahan']",Positif
"['besok', 'jumat', 'berkah', 'besok', 'lebaran', 'haji', 'alhamdulillah', 'malam', 'ini', 'point']",Positif
"['timna', 'indonesia', 'lolos', 'ke', 'putaran', 'kualifikasi', 'piala', 'dunia', 'king', 'indonesia']",Positif
"['lelah', 'abang', 'dek', 'tapi', 'happy']",Positif
"['oke', 'mari', 'kita', 'tutup', 'malam', 'ini', 'dengan', 'salam', 'kemenangan', 'selanjutnya', 'lawan', 'jepang', 'bismillah', 'menang', 'lagi']",Positif
"['profesornya', 'king', 'indonesia', 'thom', 'haye']",Positif
"['debut', 'yang', 'baik', 'untuk', 'emil', 'dan', 'beckham']",Positif
"['respect', 'sama', 'coach', 'yang', 'sekarang', 'tidak', 'takut', 'mengasih', 'kesempatan', 'pemain', 'lokal', 'untuk', 'perform']",Positif
"['kemenangan', 'bertabur', 'doa']",Positif
"['tambahan', 'poin', 'membuat', 'timnas', 'indonesia', 'bernafas', 'lebih', 'lama', 'bermain', 'dikualifikasi', 'piala', 'dunia']",Positif
"['alhamdulillah', 'indonesia', 'menang', 'besok', 'full', 'senyum', 'lebarannn']",Positif
"['timnas', 'indonesia', 'mengalahkan', 'china', 'dengan', 'skor', 'pada', 'ronde', 'ketiga', 'kualifikasi', 'piala', 'dunia', 'zona', 'asia', 'jakarta', 'kamis', 'malam', 'wib']",Positif
"['alhamdulillah', 'timnas', 'kita', 'menang', 'selamat', 'buat', 'orang', 'terpilih', 'yang', 'menang', 'giveaway', 'tebak', 'skornyaa', 'ya', 'sesuai', 'janji', 'pemenang', 'masing', 'dapat']",Positif
"['pokoknya', 'apresiasi', 'untuk', 'seluruh', 'pemain', 'serta', 'tim', 'kepelatihan', 'kluivert', 'dan', 'jajaran', 'di', 'match', 'kali', 'ini', 'top', 'banget', 'dalam', 'pemilihan', 'pemainnya']",Positif
"['lagi', 'dan', 'lagi', 'ole', 'romeny', 'time', 'benar', 'pembeda', 'untuk', 'timnas', 'saat', 'ini', 'alias', 'yuk', 'bisa', 'yuk', 'menutup', 'dengan', 'gemilang', 'di', 'osaka', 'nanti', 'sambil', 'menatap', 'babak', 'kualifikasi', 'selanjutnya']",Positif
"['naik', 'lagi', 'broo', 'otw']",Positif
"['alhamdulillah', 'menang', 'lagi', 'indonesia', 'vs']",Positif
"['alhamdulillah', 'for', 'todayyy', 'senang', 'banget', 'menanggg']",Positif
"['masih', 'panjang', 'perjuangan', 'bung']",Positif
"['selebrasi', 'secukupnya']",Positif
"['besok', 'pagi', 'sholat', 'ied', 'senyum', 'sumringah', 'ini', 'mah']",Positif
"['benteng', 'pertahanan', 'king', 'indonesia', 'rizky', 'ridho']",Positif
"['selanjutnya', 'gaskan', 'bung']",Positif
"['kemenangan', 'timnas', 'indonesia', 'kali', 'ini', 'sangat', 'berpengaruh', 'untuk', 'makan', 'sate', 'korban', 'idul', 'adha', 'besok', 'pagi']",Positif
"['benarbenar', 'malam', 'degdegan', 'takbiran', 'sambil', 'menonton', 'merindingg', 'malam', 'ini', 'pecah', 'banget', 'next', 'match', 'semoga', 'makin', 'solid', 'makin', 'optimis', 'eits', 'jangan', 'lupa', 'player', 'of', 'the', 'match', 'malam', 'ini']",Positif
['keren'],Positif
"['mood', 'sebagian', 'orang', 'indonesia', 'benaran', 'bahagia', 'lebaran', 'besok', 'karena']",Positif
"['romeny', 'ft', 'egy', 'gacor']",Positif
"['gol', 'tunggal', 'ole', 'romeny', 'antar', 'indonesia', 'kalahkan', 'china', 'di', 'gelora', 'bung', 'karno', 'beckham', 'debut', 'lilipaly', 'comeback']",Positif
"['romeny', 'hari', 'ini', 'ganteng', 'banget']",Positif
"['terima', 'kasih', 'dari', 'etam', 'always', 'with', 'timnas']",Positif
"['terima', 'kasih', 'dari', 'etam', 'always', 'with', 'timnas']",Positif
"['ini', 'kandang', 'garuda', 'poin']",Positif
"['terima', 'kasih', 'dari', 'etam']",Positif
['alhamdulillah'],Positif
"['jujur', 'gue', 'akuin', 'tifo', 'timnas', 'hari', 'ini', 'visualnya', 'dapat', 'banget', 'berasa', 'spirit', 'raden', 'wijaya', 'majapahit', 'mukul', 'mundur', 'pasukan', 'mongol', 'era', 'kejadian', 'china', 'kalah', 'malam', 'inihehe', 'supporter', 'nomer', 'wahid']",Positif
"['timnas', 'menang', 'mood', 'aman']",Positif
['yuhuuu'],Positif
"['jamaahnya', 'full', 'senyum']",Positif
"['loh', 'ternyata', 'ada', 'save', 'begini', 'toh', 'kayaknya', 'tadi', 'gue', 'lagi', 'di', 'toilet', 'kelas', 'abang', 'emil']",Positif
"['malam', 'ini', 'apresiasi', 'setingginya', 'buat', 'seluruh', 'pemain', 'timnas', 'indonesia', 'mulai', 'dari', 'starter', 'sampai', 'pengganti', 'apresiasi', 'juga', 'untuk', 'staf', 'kepelatihan', 'yang', 'memilih', 'pemain', 'keren', 'abiisss', 'untuk', 'yang', 'belum', 'main', 'atau', 'tidak bisa', 'main', 'semangat', 'brow', 'tetap', 'love', 'pokoknya']",Positif
"['happy', 'tapi', 'agak', 'kurang', 'enjoy', 'nontonnya', 'sudah', 'gue', 'terganggu', 'orang', 'orang', 'berisik']",Positif
"['jamaah', 'sholat', 'idul', 'adha', 'yang', 'berbahagia']",Positif
"['indonesia', 'point', 'besok', 'lebaran', 'dengan', 'tenang']",Positif
"['debut', 'membanggakan', 'beckham', 'putra', 'di', 'king', 'indonesia', 'baru', 'masuk', 'di', 'babak', 'tapi', 'langsung', 'beri', 'umpan', 'mematikan']",Positif
"['keputusan', 'yang', 'sangat', 'tepat', 'dilakukan', 'oleh', 'erick', 'tohir', 'di', 'awal', 'tahun']",Positif
"['mama', 'poin', 'sama', 'indonesiachina']",Positif
"['tanah', 'airku', 'pemainke']",Positif
"['full', 'senyum', 'besok', 'lebaran']",Positif
"['damnnn', 'point', 'di', 'kandang']",Positif
"['langsung', 'naik', 'begini', 'lee', 'rankings', 'fifa', 'ya']",Positif
"['beckham', 'putra', 'tapi', 'kevin', 'diks', 'nyaris']",Positif
"['tembok', 'kokoh', 'timnas', 'congrats', 'boyyy']",Positif
"['this', 'is', 'trio', 'pakem', 'timnas', 'indonesia', 'benar', 'benar', 'abang', 'jay', 'hubner', 'rizky', 'ridho', 'tidak', 'bisa', 'dipisahin', 'di', 'lini', 'belakang', 'terbukti', 'setiap', 'trio', 'ini', 'main', 'lini', 'belakang', 'benar', 'benar', 'solid']",Positif
"['sayang', 'sekali', 'mees', 'belum', 'debut', 'di', 'gbk', 'tapi', 'well', 'done']",Positif
"['main', 'di', 'gbk', 'juga', 'nyumbang', 'goal', 'kagak', 'pernah', 'absen', 'memang', 'ole']",Positif
"['wow', 'ketenangan', 'dan', 'visi', 'ya', 'beckham', 'okegt', 'hampir', 'gol', 'dari', 'kevin', 'tapi', 'kipernya', 'oke', 'juga', 'sih', 'nice', 'try']",Positif
"['sepertinya', 'ramalan', 'almarhum', 'gusdur', 'bakaln', 'terbukti', 'prabowo', 'jadi', 'presiden', 'di', 'usia', 'tua', 'timnas', 'masuk', 'pildun', 'ini', 'seperti', 'pak', 'jokowi', 'mengasih', 'umpan', 'pak', 'prabowo', 'yang', 'ngegol']",Positif
"['apresiasi', 'setinggitingginya', 'untuk', 'para', 'pemain', 'pelatih', 'staff', 'kepelatihan', 'dan', 'jajarannyaaa', 'terimakasih', 'buat', 'pertandingan', 'malam', 'ini', 'dan', 'poin', 'nya']",Positif
"['kayaknya', 'sudah', 'lama', 'sekali', 'menonton', 'timnas', 'main', 'tapi', 'semua', 'pemainnya', 'nilainya', 'bagus', 'mungkin', 'emil', 'di', 'babak', 'pertama', 'sedikit', 'mendebarkan', 'tapi', 'dibayar', 'tuntas', 'dibabak', 'kedua', 'good', 'job', 'untuk', 'semua', 'pemain', 'amp', 'jajaran', 'pelatih']",Positif
"['alhamdulillah', 'king', 'indonesia', 'menang', 'lagi']",Positif
"['king', 'indonesia', 'nih', 'senggol', 'dong']",Positif
"['assalamualaikum', 'round']",Positif
"['walaupun', 'cuma', 'cetak', 'dari', 'pinalti', 'dan', 'belum', 'efektif', 'cetak', 'gol', 'dari', 'skema', 'tapi', 'permainan', 'indonesia', 'sudah', 'solid', 'banget', 'tinggal', 'menunggu', 'waktu', 'saja', 'gol', 'akan', 'datang', 'sendiri']",Positif
"['mantab', 'lah', 'terima', 'kasih', 'atas', 'perjuangan', 'seluruh', 'squad', 'timnas']",Positif
"['tengil', 'dulu', 'boleh', 'lah']",Positif
"['indonesia', 'menang', 'brati', 'indonesia', 'baik', 'china', 'yang', 'jahat']",Positif
"['indonesia', 'akhirnya', 'punya', 'striker', 'klinis', 'lagi', 'kepingan', 'puzzle', 'itu', 'ketemu', 'di', 'diri', 'ole', 'one', 'goal', 'per', 'game', 'he', 'is', 'him', 'its', 'never', 'too', 'late', 'and', 'mau', 'the', 'world', 'cup', 'be', 'our', 'fate']",Positif
"['untuk', 'kali', 'ini', 'saya', 'maafkan', 'cu', 'indonesia', 'harus', 'menang']",Positif
"['menuju', 'piala', 'dunia', 'king', 'indonesia']",Positif
['gila'],Positif
"['debut', 'hanya', 'beberapa', 'menit', 'tapi', 'beckham', 'putra', 'melakukan', 'ya', 'dengan', 'sangat', 'maksimal', 'dan', 'hampir', 'mencatatkan', 'assist', 'hari', 'ini', 'pas', 'banget', 'buat', 'supersub', 'dimana', 'pemain', 'lawan', 'sudah', 'habis', 'stamina', 'langsung', 'di', 'obok', 'obok', 'sama', 'etam']",Positif
['alhamdulillah'],Positif
"['timnas', 'menang', 'besok', 'jemaah', 'sholat', 'ied', 'sama', 'sholat', 'jumat', 'pada', 'bahagia', 'semuanya', 'yaaahaaayuuukkk']",Positif
"['semoga', 'ada', 'timnas', 'dari', 'asia', 'tenggara', 'yang', 'bisa', 'mecahin', 'rekor', 'point', 'kualifikasi', 'piala', 'dunia', 'milik', 'garuda', 'indonesia']",Positif
"['ternyata', 'pemain', 'lokal', 'juga', 'cukup', 'oke', 'loh', 'dari', 'kemarin', 'ternyata', 'tersimpan']",Positif
"['selebrasi', 'timnas', 'menang', 'kalau', 'besok', 'shalat', 'eid', 'pakai', 'jersey', 'timnas', 'too', 'much', 'tidak']",Positif
['rayakan'],Positif
"['ini', 'tadi', 'keren', 'banget', 'sih', 'kayak', 'hah', 'apaan', 'tuh']",Positif
"['mantap', 'dahsyatt']",Positif
"['tidak', 'sia', 'sia', 'beckham', 'putra', 'dikasih', 'nama', 'beckham', 'ril', 'definisi', 'memanfaatkan', 'menit', 'bermain', 'yang', 'dikasih', 'semaksimal', 'mungkin']",Positif
"['dipastikan', 'besok', 'semuanya', 'senyum', 'tidak', 'usah', 'ditanyain', 'itu', 'pasti', 'karena', 'timnasnya', 'menang', 'yuhuuu']",Positif
"['jamaah', 'timnas', 'yang', 'berbagia']",Positif
"['ft', 'indonesia', 'china', 'alhamdulillah', 'indonesia', 'lolos', 'ke', 'fase', 'round', 'terimakasih', 'garuda', 'kami', 'bangga', 'dengan', 'perjuangan', 'kalian']",Positif
"['jatuh', 'cintangefans', 'pada', 'penampilan', 'pertama', 'calvin', 'verdonk', 'sih', 'pendiam', 'tidak', 'suka', 'main', 'sosial', 'media', 'dipanggil', 'ke', 'timnas', 'datang', 'latihan', 'main', 'bagus', 'pulang', 'upload', 'ig', 'kalau', 'ingat', 'atau', 'mungkin', 'diingatkan', 'dulu', 'baru', 'upload']",Positif
"['mood', 'lebaran', 'besok', 'happy', 'banget', 'pastinya', 'karena', 'kemenangan', 'malam', 'ini', 'hehehe']",Positif
"['apresiasi', 'yang', 'setinggitingginya', 'untuk', 'seluruh', 'pemain', 'timnas', 'indonesia', 'malam', 'ini', 'ricky', 'kambuaya', 'jay', 'idzes', 'rizky', 'ridho', 'ole', 'romeny', 'and', 'our', 'goalkeeper', 'emil', 'audero', 'all', 'were', 'outstanding', 'thanks', 'for', 'an', 'incredible', 'night']",Positif
"['rapi', 'taktis', 'lebih', 'tenang', 'serangan', 'ke', 'depannya', 'selalu', 'cukup', 'mengancam', 'pertahan', 'belakangnya', 'juga', 'rapet', 'hampir', 'tidak', 'ada', 'celah', 'di', 'match', 'hari', 'ini', 'sedikit', 'miss', 'timing', 'umpan', 'dan', 'shooting', 'gold', 'glory', 'garudas']",Positif
"['malam', 'ini', 'mees', 'gagal', 'debut', 'lagi', 'di', 'gbk', 'semoga', 'dilain', 'waktu', 'dan', 'kesempatan', 'bisa', 'lihat', 'kamu', 'debut', 'main', 'di', 'gbk', 'ya', 'sebenarnya', 'sedih', 'tidak', 'lihat', 'kamu', 'debut', 'main', 'di', 'indonesia', 'malam', 'ini', 'tapi', 'aku', 'akan', 'selalu', 'menunggu', 'waktu', 'itu', 'kok']",Positif
"['alhamdulillah', 'indonesia', 'sudah', 'dipastikan', 'lolos', 'ke', 'putaran', 'ke', 'kualifikasi', 'piala', 'dunia']",Positif
"['keren', 'banget', 'hari', 'ini', 'hands', 'up', 'buat', 'teamwork', 'yang', 'sudah', 'makin', 'solid', 'man', 'of', 'the', 'matchnya', 'banyak', 'hari', 'ini', 'kambuaya', 'audero', 'sayuri', 'bersaudara', 'idzes', 'the', 'one', 'and', 'ole', 'bahkan', 'beckam', 'yang', 'masuk', 'di', 'menit', 'akhir', 'juga', 'oke', 'banget', 'mainnya', 'proud']",Positif
"['uburubur', 'ikan', 'lele', 'good', 'job', 'ole']",Positif
"['kolaborasi', 'beckham', 'putra', 'dan', 'kevin', 'diks', 'dari', 'king', 'indonesia', 'yang', 'keren', 'pisan', 'euy']",Positif
"['poin', 'kedua', 'yuk', 'semangat']",Positif
"['asa', 'itu', 'masih', 'ada', 'selamat', 'untuk', 'squad', 'garuda', 'atas', 'yang', 'telah', 'mengalahkan', 'cina', 'di', 'lanjutan', 'kualifikasi', 'piala', 'dunia', 'teruskanlah', 'perjuangan', 'dan', 'terbanglah', 'tinggi', 'menggapai', 'mimpi', 'bersama', 'kami', 'selalu', 'mendukungmu']",Positif
"['alhamdulillah', 'menang', 'lagi', 'coy']",Positif
"['alhamdulillah', 'ya', 'allah', 'garuda', 'indonesia', 'menang']",Positif
"['merah', 'putih', 'tidak', 'tuuhh', 'menyalaa', 'king', 'indonesia']",Positif
"['alhamdulillah', 'menang', 'dengan', 'selebrasi', 'ole']",Positif
"['debut', 'beckham', 'yang', 'lumayan', 'bagus', 'setuju', 'bolanusantara']",Positif
"['alhamdulillah', 'king', 'indonesia', 'menjaga', 'asa', 'ke', 'ronde', 'piala', 'dunia', 'dengan', 'menang', 'tipis', 'atas', 'cina', 'malam', 'ini', 'enggak', 'ada', 'lord', 'juga', 'lokaldiaspora', 'lumayan', 'padu', 'mudahmudahan', 'bisa', 'mengimbangi', 'jepang', 'nanti']",Positif
"['indonesia', 'sangat', 'beruntung', 'dan', 'bangga', 'punya', 'seorang', 'calvin', 'verdonk', 'dan', 'seluruh', 'dunia', 'harus', 'tau', 'itu']",Positif
"['salut', 'buat', 'pemain', 'lokal', 'yang', 'main', 'dengan', 'full', 'semangat', 'amp', 'luar', 'biasa', 'penampilannya', 'egy', 'yance', 'sayuri', 'kambuaya', 'amp', 'beckham', 'keren']",Positif
"['ole', 'baru', 'capsnya', 'tapi', 'tiap', 'pertandingan', 'selalu', 'cetak', 'gol', 'keren', 'banget', 'sudah', 'nih', 'anak', 'sudah', 'ngumpulin', 'gol', 'saja', 'sukses', 'terus', 'ya', 'ole']",Positif
"['untungnyaaa', 'ku', 'tak', 'pilih', 'menyerah']",Positif
"['siap', 'menjadikan', 'emil', 'sebagai', 'idolaku']",Positif
"['selamat', 'atas', 'kemenangan', 'tim', 'nasional', 'indonesia']",Positif
"['posisi', 'yang', 'menjanjikan', 'lanjut', 'ke', 'babak', 'lanjutan', 'bagi']",Positif
"['debut', 'yang', 'manis', 'buat', 'beckham', 'putra', 'dan', 'stefano', 'lilipaly']",Positif
"['one', 'game', 'one', 'goal', 'ole', 'romeny', 'bermain', 'di', 'membawa', 'dan', 'membuka', 'peluang', 'masuk', 'keputusan', 'piala', 'duni']",Positif
"['menang', 'indonesia']",Positif
"['point', 'penting', 'malam', 'ini', 'terima', 'kasih', 'dan', 'apresiasi', 'untuk', 'ricky', 'kambuaya', 'dengan', 'determinasinya']",Positif
"['beckham', 'masuk', 'langsung', 'angin', 'segar', 'apakah', 'dia', 'bakal', 'jadi', 'supersub', 'di', 'laga', 'vs', 'jepun']",Positif
"['satu', 'lagi', 'kemenangan', 'jelang', 'hari', 'raya', 'meskipun', 'peluang', 'untuk', 'lolos', 'langsung', 'ke', 'piala', 'dunia', 'kian', 'menipis', 'masih', 'ada', 'peluang', 'di', 'ronde', 'tapi', 'untuk', 'saat', 'ini', 'maksimalkan', 'pertandingan', 'terakhir']",Positif
"['proud', 'of', 'you', 'guyss', 'thank', 'you', 'for', 'all', 'the', 'team', 'terima kasih', 'untuk', 'kerja', 'keras', 'ya', 'rayakan', 'keberhasilan', 'malam', 'ini', 'lalu', 'kembali', 'fokus', 'untuk', 'laga', 'lawan', 'jepang', 'once', 'again', 'congratulations']",Positif
"['malam', 'penuh', 'perjuangan', 'bung']",Positif
"['debutnya', 'emil', 'keren', 'euy', 'semakin', 'tenang', 'sekarang', 'karena', 'punya', 'kiper', 'yang', 'di', 'atas', 'rata', 'kerennya']",Positif
"['terima', 'kasih', 'semuanya', 'terima', 'kasih', 'untuk', 'kemenangan', 'indonesia', 'juni']",Positif
"['borobudur', 'berhasil', 'menenggelamkan', 'tembok', 'china']",Positif
"['besok', 'full', 'happy', 'woiii', 'idul', 'adha', 'jumat', 'berkah', 'flash', 'sale', 'nyate', 'timnas', 'menanggg']",Positif
"['mostly', 'semua', 'pemain', 'tampil', 'bagus', 'tapi', 'credit', 'point', 'buat', 'joey', 'sama', 'verdonk', 'el', 'metronom', 'el', 'konsisten']",Positif
"['rayakan', 'kemenangan', 'garuda', 'dengan', 'join', 'ubd']",Positif
"['salah', 'satu', 'pemain', 'yang', 'ikut', 'andil', 'dalam', 'kemenangan', 'malam', 'ini', 'terima', 'kasih', 'kambuaya', 'dan', 'all', 'pemain']",Positif
"['win', 'alhamdulillah']",Positif
"['kemenangan', 'untuk', 'king', 'indonesia', 'satu', 'langkah', 'lebih', 'dekat', 'menuju', 'mimpi', 'besar', 'menjaga', 'asa', 'otw', 'piala', 'dunia']",Positif
"['olee', 'olee', 'forza', 'garuda']",Positif
['selamat'],Positif
"['ole', 'romeny', 'pertandingan', 'gol', 'point', 'alhamdulillah']",Positif
"['mood', 'hari', 'ini', 'mau', 'itu', 'sholat', 'idul', 'adha', 'atau', 'sholat', 'jumat', 'tetap', 'jamaah', 'yang', 'berbahagia']",Positif
"['ini', 'this', 'economy', 'yang', 'bisa', 'dibanggakan', 'oleh', 'indonesia', 'hanya', 'timnasnya']",Positif
"['malam', 'penuh', 'perjuangan', 'bung']",Positif
"['terharu', 'banget', 'terutama', 'buat', 'ole', 'romeny', 'dan', 'ricky', 'kambuaya', 'ricky', 'sudah', 'kayak', 'dihajar', 'segala', 'arah', 'dan', 'ole', 'dengan', 'gocekan', 'ya']",Positif
"['selama', 'match', 'yang', 'bikin', 'gue', 'ketar', 'ketir', 'luarbiasa', 'cuma', 'emil', 'asli', 'blio', 'bisa', 'sesantuy', 'itu', 'tapi', 'tetap', 'on', 'point']",Positif
"['appreciated', 'post', 'for', 'beckham', 'putra', 'bermain', 'apik', 'saat', 'menggantikan', 'peran', 'haye', 'di', 'babak', 'kedua', 'more', 'tapi', 'come', 'etam']",Positif
"['begini', 'rasanya', 'punya', 'timnas', 'yang', 'jago']",Positif
"['point', 'yang', 'sangat', 'berharga']",Positif
"['alhamdulillah', 'pointss']",Positif
"['kerja', 'bagus', 'dari', 'ole', 'dan', 'egy', 'tetap', 'solid', 'ya']",Positif
"['berat', 'punggung', 'king', 'indonesia', 'menggendong', 'asia', 'tenggara', 'tidak usah', 'mencari', 'negara', 'yang', 'tidak', 'ada', 'ft', 'idn', 'chn', 'ole', 'romeny']",Positif
['alhamdulillah'],Positif
"['point', 'untuk', 'timnas', 'menyala', 'abangku']",Positif
"['alhamdhulillah', 'assalamualaikum', 'pildun', 'good', 'job', 'ole', 'romeny', 'kambuaya', 'egy', 'mv', 'emil', 'kevin', 'diks', 'pellupessy', 'verdonk', 'rizki', 'ridho', 'tom', 'haye', 'justin', 'hubner', 'dkk', 'asa', 'itu', 'masih', 'ada']",Positif
"['pertandingan', 'timnas', 'bagus', 'semua']",Positif
"['jenius', 'pakai', 'dan', 'team', 'pelatih', 'timnas', 'menempatkan', 'egi', 'bersama', 'ole', 'di', 'depan', 'yang', 'sangat', 'bisa', 'bermain', 'ruang', 'amp', 'sudut', 'sempit', 'sementara', 'sayuri', 'menyisir', 'di', 'kanan', 'untuk', 'membuka', 'ruang', 'kakak', 'ricky', 'yang', 'punya', 'daya', 'jelajah', 'menjadi', 'dwi', 'fungsi', 'untuk', 'membantu', 'egi', 'ole', 'dan', 'joey', 'haye']",Positif
"['menyala', 'garuda']",Positif
"['timnas', 'indonesia', 'memenangkan', 'pertandingan', 'dengan', 'penguasaan', 'bolah', 'dibawah', 'lawan', 'dengan', 'statistik', 'penguasaan', 'bola', 'yang', 'minim', 'timnas', 'indonesia', 'selalu', 'meraih', 'poin', 'dan', 'saat', 'ini', 'menang', 'gol', 'atas', 'china', 'melalui', 'goal', 'ole', 'romeny', 'dari', 'titik', 'pinalti', 'sehingga', 'menempati', 'peringkat']",Positif
"['pemainpemain', 'kita', 'berjuang', 'tanpa', 'kenal', 'letih', 'kemenangan', 'krusial', 'untuk', 'jaga', 'asa', 'piala', 'dunia', 'pun', 'berhasil', 'diraih', 'tiga', 'poin', 'hari', 'ini', 'sangat', 'layak', 'untuk', 'dinikmati', 'hanya', 'satu', 'kata', 'yang', 'bisa', 'merangkum', 'perasaan', 'kita', 'akan', 'penampilan', 'timnas', 'indonesia', 'hari', 'ini', 'bangga']",Positif
"['biasanya', 'dihari', 'ultahku', 'ada', 'saja', 'moment', 'mengesalkan', 'tapi', 'tahun', 'ini', 'tidak', 'ya', 'terimakasih', 'timnas', 'kalian', 'jadi', 'kado', 'terindahku']",Positif
"['alhamdulillah', 'ya', 'allah', 'lebaran', 'bisa', 'full', 'senyum', 'setelah', 'king', 'indonesia', 'menang', 'atas', 'china', 'di', 'babak', 'ketiga', 'kualifikasi', 'piala', 'dunia', 'fifa', 'zona', 'asia']",Positif
"['beckham', 'putra', 'tak', 'kuasa', 'menahan', 'harus', 'selepas', 'peluit', 'panjang', 'dibunyikan', 'datang', 'sebagai', 'pengganti', 'jagoan', 'muda', 'persib', 'bandung', 'itu', 'menunjukkan', 'kelasnya', 'pada', 'laga', 'pertamanya', 'di', 'pentas', 'dunia', 'terus', 'berkembang', 'etam']",Positif
"['pertandingan', 'timnas', 'bagus', 'semua', 'yang', 'tidak', 'bagus', 'cuma', 'satu', 'kameramen', 'rcti', 'switch', 'ya', 'jelek', 'berantakan']",Positif
"['beginilah', 'kira', 'kira', 'ekspresi', 'gue', 'besok', 'yang', 'merayakan', 'kemenangan', 'king', 'indonesia', 'sambil', 'makan', 'sate', 'kambing', 'aduhay', 'lezatnyooo']",Positif
"['full', 'time', 'indonesia', 'china', 'terima', 'kasih', 'terima', 'kasih', 'terima', 'kasih', 'fan']",Positif
"['anjir', 'kerasa', 'banget', 'ini', 'vibes', 'kemenangannya', 'di', 'sekitaran', 'gbk']",Positif
"['egy', 'maulana', 'sudah', 'kembali', 'ke', 'timnas', 'dan', 'tampil', 'dengan', 'top', 'performnya', 'tinggal', 'tunggu', 'kapan', 'witan', 'sulaeman', 'ikut', 'kembali', 'ke', 'timnas']",Positif
"['gema', 'takbir', 'mengudara', 'di', 'gbk', 'moment', 'syahdu', 'jelang', 'idul', 'adha', 'dilengkapi', 'gol', 'penalti', 'ole', 'romeny', 'pada', 'akhir', 'babak', 'pertama', 'pertandingan', 'indonesia', 'vs', 'china', 'menjadi', 'penentu', 'kemenangan', 'timnas', 'indonesia', 'di', 'kualifikasi', 'piala', 'dunia', 'zona', 'asia']",Positif
"['sudah', 'kubilang', 'yang', 'bisa', 'dicintai', 'di', 'indonesia', 'cuma', 'timnas', 'doang']",Positif
"['indonesia', 'jaga', 'kans', 'lolos', 'ke', 'putaran', 'keempat', 'kualifikasi', 'piala', 'dunia']",Positif
"['syujud', 'syukur', 'gue', 'alhamdulillah', 'sesuai', 'harapan']",Positif
"['pemain', 'lokal', 'bisa', 'mengobrakabrik', 'china', 'sangat', 'tepat', 'pergantian', 'pelatih']",Positif
"['selamat', 'datang', 'di', 'round', 'timnas']",Positif
"['asu', 'itu', 'masih', 'ada']",Positif
"['pildun', 'depan', 'mata', 'ges']",Positif
"['alhamdulillah', 'menang', 'ini', 'kalau', 'lini', 'serang', 'kita', 'lebih', 'tajam', 'lagi', 'sama', 'central', 'ya', 'lebih', 'gacor', 'didalam', 'kotak', 'penalty', 'habis', 'itu', 'negara', 'penjual', 'casing', 'lucu', 'lucu']",Positif
"['indonesia', 'menang', 'skor', 'akhir', 'untuk', 'garuda', 'satu', 'langkah', 'lebih', 'dekat', 'menuju', 'mimpi', 'besar', 'yang', 'telah', 'lama', 'dinanti', 'bahagia', 'jelas', 'bangga', 'pasti', 'dan', 'yang', 'paling', 'penting', 'harapan', 'itu', 'masih', 'ada', 'terus', 'melaju', 'garuda']",Positif
"['full', 'senyum']",Positif
['menaaang'],Positif
"['apresiasi', 'sebesarbesarnya', 'untuk', 'timnas', 'indonesia', 'yang', 'tampil', 'hebat', 'malam', 'ini']",Positif
"['duel', 'sengit', 'timnas', 'indonesia', 'vs', 'china', 'berbuah', 'skor', 'di', 'stadion', 'utama', 'gelora', 'bung', 'karno', 'kamis', 'bravo', 'king', 'indonesia', 'indonesia', 'mencetak', 'keunggulan', 'lewat', 'gol', 'ole', 'romeny', 'pada', 'menit', 'ke', 'kemenangan', 'timnas', 'indonesia', 'di', 'kandang', 'sendiri', 'diiringi']",Positif
"['semua', 'pemain', 'kita', 'hari', 'ini', 'bagus', 'bagus', 'banget', 'tolong', 'apresiasi', 'ya', 'guys']",Positif
"['kita', 'menang', 'siapa', 'kitaindonesia']",Positif
"['alhamdulillah', 'syukuran']",Positif
"['kemenangan', 'atas', 'china', 'pr', 'meningkatkan', 'poin', 'sebesar', 'indonesia', 'naik', 'peringkat', 'menjadi', 'dunia']",Positif
"['tahun', 'kemudian', 'ayo', 'indonesia']",Positif
"['hadirin', 'jamaah', 'sholat', 'idul', 'adha', 'yang', 'berbahagia']",Positif
"['memang', 'nono', 'mah', 'sae', 'ngan', 'eta', 'kak', 'platiih', 'nya', 'meni', 'jiga', 'waduk', 'ah', 'memang']",Positif
"['alhamdulillah', 'ya', 'allah', 'point']",Positif
"['timnas', 'indonesia', 'sukses', 'raih', 'poin', 'lewat', 'gol', 'tunggal', 'ole', 'romeny', 'dan', 'sukses', 'catatkan', 'cleansheet', 'timnas', 'indonesia', 'naik', 'ke', 'posisi', 'klasemen', 'sementara', 'indonesia', 'china']",Positif
"['tiga', 'poin', 'penting', 'menyala', 'terus', 'garuda']",Positif
"['ternyata', 'grup', 'naga', 'bukan', 'penguasa', 'dunia']",Positif
"['allhamdullilah', 'menang']",Positif
"['bisa', 'nyate', 'dengan', 'tenang']",Positif
"['debut', 'save', 'krusial', 'dan', 'clean', 'sheet', 'emil', 'audero', 'mulyadi']",Positif
"['alhamdulillah', 'good', 'job', 'timnas']",Positif
"['alhamdulillah', 'senang', 'banget', 'indonesia', 'memang', 'tapi', 'ada', 'sedih', 'ya', 'mees', 'belum', 'bisa', 'debut', 'di', 'gbk']",Positif
"['alhamdulillah', 'syukurlah', 'point', 'didapat', 'terima', 'kasih', 'squad', 'timnas', 'semuanya', 'terutama', 'buat', 'calvin', 'verdonk', 'dan', 'abang', 'jay', 'yang', 'tak', 'tergantikan', 'ole', 'romeny', 'sih', 'pembeda', 'dan', 'semuanya']",Positif
"['emil', 'audero', 'bersama', 'timnas', 'indonesia', 'di', 'laga', 'melawan', 'china', 'malam', 'ini', 'menit', 'bermain', 'penyelamatan', 'umpan', 'sukses', 'umpan', 'panjang', 'sukses', 'debut', 'cleansheet']",Positif
"['pertandingan', 'hari', 'ini', 'banyak', 'pakai', 'pemain', 'liga', 'dan', 'memang', 'lagi', 'gacor', 'banget', 'ini', 'pemain', 'liga', 'ya', 'pertahankan', 'biar', 'bisa', 'bersaing', 'dengan', 'pemain', 'liga', 'eropaluar', 'negeri']",Positif
"['apresiasi', 'sebesarbesarnya', 'untuk', 'emil', 'i', 'know', 'tidak', 'mudah', 'debut', 'di', 'gbk', 'dengan', 'atmosfer', 'yang', 'sangat', 'amat', 'gila']",Positif
"['mungkin', 'bakal', 'tetap', 'yang', 'lihat', 'kita', 'hoki', 'menang', 'penalti', 'doang', 'gagal', 'kill', 'the', 'game', 'dan', 'itu', 'wajar', 'cinta', 'jadi', 'demanding', 'wajar', 'buat', 'gua', 'hari', 'ini', 'solid', 'walau', 'beberapa', 'underperform', 'pola', 'jelas', 'peluang', 'juga', 'terus', 'diusahakan', 'proud']",Positif
"['full', 'time', 'indonesia', 'china', 'terima', 'kasih', 'sudah', 'berjuang', 'garuda']",Positif
"['bro', 'point', 'bro', 'semoga', 'arab', 'tidak', 'menang', 'malam', 'ini', 'ya', 'biar', 'lebih', 'tenang', 'kita', 'bermimpi', 'malam', 'ini']",Positif
"['alhamdulillah', 'ya', 'allah', 'terima', 'kasihhh']",Positif
"['fix', 'di', 'gbk', 'lawan', 'dilarang', 'menang']",Positif
"['alhamdulillah', 'besok', 'salat', 'idul', 'adha', 'full', 'senyum']",Positif
"['tidak bisa', 'menyalahkan', 'mees', 'nih', 'hatihati', 'buat', 'pemain', 'yang', 'lain', 'takut', 'disalahin']",Positif
"['alhamdulillah', 'menang']",Positif
"['selamat', 'buat', 'pemain', 'pelatih', 'staff', 'dan', 'semua', 'penonton', 'dari', 'sabang', 'sampai', 'merauke']",Positif
"['asik', 'indonesia', 'menang', 'thank', 'you', 'ole', 'dan', 'pemain', 'lainnya', 'kalian', 'semua', 'hebat']",Positif
"['kambuaya', 'man', 'of', 'the', 'match']",Positif
"['timnas', 'menang', 'besok', 'syukuran', 'potong', 'sapi', 'lembu', 'kambing', 'masak', 'bareng', 'makan', 'bareng']",Positif
"['garuda', 'bukan', 'sekadar', 'terbang', 'hari', 'ini', 'dia', 'mengaum', 'dan', 'mencakar', 'poin']",Positif
"['indonesia', 'vs', 'china', 'ft', 'alhamdulillah', 'selamat', 'timnas', 'meraih', 'point', 'malam', 'ini', 'tinggal', 'game', 'lagi', 'selanjutnya', 'vs', 'jepang', 'jangan', 'sampai', 'kalah', 'seri', 'saja', 'minimal', 'menang', 'juga', 'tetap', 'ada', 'peluang', 'prediksi', 'menang', 'vs', 'jepang', 'bismillah']",Positif
"['ft', 'indonesia', 'china', 'berharap', 'ada', 'gol', 'tambahan', 'di', 'babak', 'dari', 'ole', 'cs', 'agar', 'tidak', 'dibilang', 'kemenangan', 'lewat', 'var', 'kontroversial', 'berbuah', 'gol', 'semata', 'wayang', 'via', 'penalti', 'tim', 'naga', 'china', 'gugur', 'dan', 'tidak', 'diundang', 'untuk', 'lolos', 'pildun', 'amerika', 'utara']",Positif
"['mees', 'gapapa', 'ya', 'tidak', 'debut', 'dulu', 'di', 'gbk', 'kesehatan', 'tetap', 'yang', 'utama']",Positif
"['sungkem', 'suhu']",Positif
"['menurut', 'gue', 'match', 'kali', 'ini', 'pembuktian', 'kalau', 'pemain', 'lokal', 'kita', 'itu', 'berkualitas', 'sih', 'terutama', 'buat', 'yang', 'ngeraguin', 'egy', 'sama', 'beckham', 'plis', 'malu', 'sih']",Positif
"['rasa', 'dagingnya', 'besok', 'nikmat', 'banget', 'soalmya', 'indonesia', 'menang']",Positif
"['alhamdulillah', 'pildun', 'sedikit', 'lagi']",Positif
"['full', 'menonton', 'sambil', 'deg', 'degan', 'ya', 'allah', 'ya', 'allah', 'berkah', 'malam', 'takbiram', 'banget']",Positif
"['alhamdulillah', 'poin', 'insyaallah', 'ronde', 'selanjutnya', 'forza', 'timnas', 'indonesia']",Positif
"['gue', 'akuin', 'pertahanan', 'china', 'keren', 'brooo', 'ekspetasi', 'gue', 'timnas', 'indonesia', 'bakal', 'bantai', 'china', 'wkwkwk', 'tapi', 'tidak apa-apa', 'tapi', 'mau', 'apresiasi', 'seluruh', 'pemain', 'dan', 'pelatih', 'keren', 'banget', 'terutama', 'abi', 'verdonk', 'and', 'kakak', 'ricky', 'you', 'brooo', 'you', 'rock', 'star', 'tapi', 'night']",Positif
"['terimakasih', 'banyak', 'team', 'kalian', 'keren']",Positif
"['indonesia', 'menang', 'lawan', 'china', 'dapat', 'point', 'alhamdulillah', 'menang', 'tidak', 'cuma', 'sebatas', 'mimpi']",Positif
"['sejarah', 'terciptaaa', 'bravo', 'timnas', 'indonesia', 'saudi', 'kita', 'linggis', 'china', 'kita', 'setrika', 'berikutnya', 'argentina', 'lawan', 'kita']",Positif
"['jujur', 'kalau', 'bukan', 'karena', 'tendangan', 'penalti', 'pasti', 'sulit', 'untuk', 'indonesia', 'menang', 'rapat', 'banget', 'formasi', 'china', 'ditambah', 'lini', 'depan', 'ya', 'juga', 'kurang', 'membantu', 'ada', 'saat', 'dimana', 'ole', 'sendirian', 'bawa', 'bola', 'tapi', 'syukurlah', 'dapat', 'tendangan', 'penalti', 'dan', 'berhasil', 'masuk', 'gawang']",Positif
"['joel', 'pelupessy', 'kayak', 'punya', 'paru', 'tidak ada', 'capeknya', 'mainnya', 'tenang', 'sampai', 'menit']",Positif
"['menangis', 'banget', 'kado', 'terbaik', 'tysm']",Positif
"['tipis', 'ajebiar', 'pada', 'jengkel']",Positif
"['indonesia', 'win', 'china']",Positif
"['yailahh', 'king', 'indonesia', 'menang', 'terus', 'begini', 'aduh', 'aduh', 'info', 'lawan', 'sepadan', 'dong']",Positif
"['yaallahh', 'bangga', 'banget', 'pinya', 'timnas', 'jago']",Positif
"['scout', 'yang', 'dapatin', 'verdonk', 'nih', 'layak', 'dapat', 'bonus', 'sih', 'nih', 'orang', 'mainnya', 'tidak', 'ada', 'obat']",Positif
"['menang', 'tipis', 'tapi', 'sangat', 'manis', 'ft', 'indonesia', 'vs', 'china']",Positif
"['pemain', 'indonesia', 'ratingnya', 'ijo', 'semua', 'ini']",Positif
"['besok', 'daging', 'qurban', 'ya', 'rasa', 'kemenangan', 'merayakan', 'idul', 'adha', 'dan', 'timnas', 'menang', 'cuy', 'poin', 'allahu', 'akbar', 'alhamdulillah']",Positif
"['shoutout', 'buat', 'seluruh', 'pemain', 'staff', 'pelatih', 'dan', 'seluruh', 'pendukung', 'setia', 'timnas', 'hari', 'ini', 'kita', 'menang', 'rayakan']",Positif
"['yeayyy', 'selamat', 'garuda', 'indonesia']",Positif
"['mantap', 'bolooo', 'gaskeunn', 'king', 'indonesia', 'pildun', 'gaksihhh']",Positif
"['jempol', 'buat', 'penampilan', 'beckham', 'putra', 'dia', 'masuk', 'lini', 'tengah', 'indonesia', 'jalan', 'lagi', 'goksss']",Positif
"['senang', 'sih', 'menang', 'tapi', 'di', 'kandang', 'gol', 'lewat', 'pinalti', 'lawan', 'tim', 'terlemah', 'di', 'grup', 'seharusnya', 'bisa', 'lebih', 'dari', 'ini', 'tidak', 'sih']",Positif
"['mees', 'hilgers', 'gagal', 'debut', 'di', 'gbk', 'tapi', 'its', 'okay', 'yang', 'penting', 'timnas', 'indonesia', 'menang', 'round', 'kami', 'datang']",Positif
"['final', 'score', 'timnas', 'vs', 'timnas', 'ayok', 'dukung', 'timnas', 'menang']",Positif
"['beckham', 'keren', 'pol', 'persib', 'punya']",Positif
"['its', 'ok', 'tetap', 'bangga']",Positif
"['alhamdulillah', 'menang', 'lagi']",Positif
"['gila', 'naik', 'peringkat']",Positif
"['hore', 'akhirnya', 'menang', 'selamat', 'timnas', 'indonesia', 'sejarah', 'tinggal', 'nanti', 'malam', 'arab', 'menang', 'dari', 'bahrain']",Positif
"['ft', 'indonesia', 'berhasil', 'memperoleh', 'poin', 'maksimal', 'di', 'kandang', 'melalui', 'gol', 'yang', 'diciptakan', 'ole', 'ole', 'romeny', 'selamat', 'dan', 'semangat', 'garuda', 'masih', 'tersisa', 'pertandingan', 'lagi', 'aset', 'kumparan']",Positif
"['teruntuk', 'semua', 'pemain', 'timnas', 'indonesia', 'baik', 'yang', 'masuk', 'dsp', 'maupun', 'tidak', 'beserta', 'pelatih', 'dan', 'seluruh', 'ofisial', 'timnas', 'terimakasih', 'banyak', 'kemenangan', 'ini', 'karena', 'kalian', 'semua', 'terimakasih', 'hadiah', 'hari', 'rayanya']",Positif
"['cukup', 'tiga', 'poin', 'yang', 'berharga', 'semua', 'pemain', 'timnas', 'sudah', 'berjuang', 'baik', 'semuanya', 'kelelahan', 'tapi', 'keunggulan', 'tetap', 'bisa', 'dipertahankan', 'terimakasih', 'untuk', 'semua', 'pemain', 'timnas', 'indonesia', 'laga', 'kali', 'ini', 'ole', 'romeny', 'pantas', 'jika', 'menjadi', 'pemain', 'terbaik']",Positif
"['mas', 'emil', 'cleansheet', 'debut', 'alhamdulillah']",Positif
"['trio', 'belakang', 'memang', 'gacor', 'parah']",Positif
"['king', 'indonesia', 'nih', 'bos']",Positif
"['calvin', 'verdonk', 'tenang', 'banget', 'mainnya', 'salut']",Positif
"['cinta', 'banget', 'cintaaa', 'terimakasih', 'perjuangannya', 'indonesia']",Positif
"['kami', 'percaya', 'kami', 'bangga', 'kami', 'indonesia', 'terima', 'kasih', 'atas', 'kemenangan', 'malam', 'ini', 'garuda', 'langkah', 'menuju', 'piala', 'dunia', 'makin', 'dekat', 'kami', 'semua', 'bangga', 'pada', 'kalian', 'semua', 'yang', 'telah', 'berjuang', 'malam', 'ini', 'untuk', 'rakyat', 'indonesia']",Positif
"['aman', 'saja', 'king']",Positif
"['terima', 'kasih', 'perjuangannya', 'garuda']",Positif
"['emil', 'audero', 'nih', 'gacor', 'poll', 'ya']",Positif
"['selangkah', 'lagi', 'menuju', 'piala', 'dunia', 'bismillah']",Positif
"['cihuyy', 'menangg', 'king', 'indoo', 'menang', 'sudah', 'biasa', 'kalah', 'tidak', 'mungkin']",Positif
"['good', 'game', 'indonesia', 'mainnya', 'tenang', 'di', 'match', 'ini', 'nice', 'selamat', 'sekali', 'lagi', 'garuda']",Positif
"['menang', 'lets', 'go', 'garudaaa', 'ini', 'memang', 'permainan', 'mu']",Positif
"['asa', 'itu', 'masih', 'ada', 'asa', 'itu', 'masih', 'terjaga', 'dadah', 'cina']",Positif
"['tipis', 'tapi', 'bikin', 'mimpi', 'itu', 'semakin', 'dekat', 'terimakasih', 'garuda']",Positif
"['selamat', 'merayakan', 'hari', 'kemenangan', 'semua']",Positif
"['dengan', 'skor', 'begini', 'kita', 'bisa', 'naik', 'posisi', 'ke']",Positif
"['tidak', 'bisa', 'berkatakata', 'cuma', 'bisa', 'bersyukur', 'kalian', 'luar', 'biasa', 'timnas', 'indonesia', 'komentar', 'ya', 'jaaa']",Positif
"['tipis', 'tipis', 'saja', 'yang', 'penting', 'menang', 'ya', 'kan']",Positif
"['akhirnyaaa', 'menang', 'guysss', 'selamat', 'lebaran', 'semua']",Positif
"['kaget', 'banget', 'menang', 'coi', 'dengan', 'banyak', 'drama', 'ya']",Positif
"['apresiasi', 'buat', 'tim', 'kepelatihan', 'pemilihan', 'starter', 'mantap', 'pemilihan', 'pengganti', 'jos', 'mempertahan', 'trio', 'pakem', 'jay', 'ridho', 'hubner', 'poin', 'penting', 'dan', 'penutupan', 'dengan', 'kemenangan', 'yang', 'manis', 'di', 'gbk']",Positif
"['gila', 'permainan', 'sudah', 'keren', 'dan', 'menang', 'juga', 'selamat']",Positif
"['poin', 'tambahan', 'sudah', 'ditangan', 'nih', 'ges']",Positif
"['itu', 'dia', 'poin', 'tambahan', 'buat', 'kita']",Positif
"['time', 'is', 'running', 'out', 'selamat', 'timnas', 'garuda', 'dengan', 'pointnya', 'kami', 'bangga', 'sama', 'kalian']",Positif
"['ini', 'kandang', 'garuda', 'poin', 'tambahan', 'buat', 'kita']",Positif
"['main', 'di', 'piala', 'dunia', 'sekarang', 'bukan', 'lagi', 'angan', 'yang', 'begitu', 'jauh', 'buat', 'diraih']",Positif
"['kabar', 'bahagia', 'untuk', 'timnas', 'indonesia', 'telah', 'membuat', 'rasa', 'sate', 'di', 'keesokan', 'hari', 'dari', 'sabang', 'sampai', 'merauke', 'menjadi', 'lezat', 'dan', 'nikmat', 'gol', 'semata', 'wayang', 'di', 'menit', 'dari', 'titik', 'putih', 'dicetak', 'oleh', 'ole', 'romeny', 'diselesaikan', 'dengan', 'manis', 'nan', 'ciamik', 'sc', 'yt', 'tanboykun']",Positif
"['anjir', 'prediksi', 'gue', 'benee', 'dong']",Positif
"['here', 'we', 'go', 'alhamdulillah', 'secure', 'gila', 'sudah', 'sejauh', 'ini', 'bangga', 'banget', 'cuy', 'good', 'luck', 'di', 'timnas', 'bismillah']",Positif
"['sejauh', 'ini', 'permainan', 'dia', 'masih', 'baik', 'baik', 'saja', 'biasanya', 'sudah', 'kena', 'akumulasi', 'kartu']",Positif
"['calvin', 'verdonk', 'sipaling', 'tidak', 'pernah', 'capek', 'kejar', 'bola']",Positif
"['ayo', 'soliddd', 'dikit', 'lagi']",Positif
"['menit', 'terakhir', 'sebelum', 'peluit', 'panjang', 'itu', 'berbunyi', 'dan', 'kemenangan', 'yang', 'sudah', 'di', 'depan', 'mata', 'itu', 'akan', 'kita', 'sambut', 'dengan', 'suka', 'cita']",Positif
"['verdonkk', 'gila', 'staminanya']",Positif
"['el', 'transfer', 'malam', 'ini', 'mainya', 'kalem']",Positif
"['gila', 'verdonk', 'benar', 'menyala']",Positif
"['verdonk', 'mantap', 'pisan', 'stamina', 'ya', 'keren', 'banget', 'cokkk']",Positif
"['ayo', 'bisa', 'menangkan', 'pertandingan', 'biar', 'tidur', 'nyenyak', 'mimpi', 'indah']",Positif
"['verdonk', 'dari', 'kanan', 'kiri', 'depan', 'belakang', 'keren', 'coy']",Positif
"['verdonk', 'sudah', 'bagus', 'banget', 'itu', 'anjing']",Positif
"['verdonk', 'main', 'ya', 'keren', 'sih', 'tidak', 'ada', 'ganti', 'ya', 'memang', 'ini', 'pemain']",Positif
"['abang', 'oleee', 'terima kasih', 'banyakkk', 'ilopyuuu', 'sekebon']",Positif
"['verdonk', 'real', 'paruparu', 'timnas']",Positif
"['beri', 'aku', 'ole', 'romeny', 'akan', 'ku', 'gemparkan', 'sepak', 'bola', 'indonesia', 'warga']",Positif
"['calvin', 'verdonk', 'mantap', 'banget', 'staminanya']",Positif
"['ole', 'main', 'bagus', 'kamu', 'istirahat', 'dulu', 'ya', 'sayang', 'biar', 'aa', 'bekham', 'yang', 'mainkan', 'taktiknya']",Positif
"['calvin', 'saja', 'optimis', 'masa', 'kita', 'enggak', 'ya', 'bisa', 'lah', 'ayo', 'comeback', 'stronger']",Positif
"['kalau', 'rizky', 'ridho', 'main', 'dari', 'awal', 'bahrain', 'dan', 'menang', 'siap', 'hilgers', 'cadangan']",Positif
"['seperti', 'mengulang', 'yang', 'kemarin', 'terjadi', 'tiap', 'bela', 'timnas', 'away', 'selalu', 'cedera', 'gagal', 'main', 'di', 'gbk', 'setelah', 'sebelumnya', 'juga', 'cedera', 'di', 'china', 'kali', 'ini', 'sama', 'ceritanya', 'pertanda', 'indonesia', 'mengalahkan', 'bahrain', 'cepat', 'sembuh', 'mees']",Positif
"['lupakan', 'kekalahan', 'lawan', 'australia', 'fokus', 'menatap', 'sisa', 'laga', 'kedepan', 'bismillah', 'vs', 'bahrain', 'win', 'vs', 'china', 'win', 'vs', 'jepang', 'draw']",Positif
"['analogi', 'terbaik', 'gue', 'cinta', 'timnas', 'indonesia']",Positif
"['hmm', 'mdhn', 'ada', 'perubahan', 'dan', 'perbaikan', 'tactics', 'dari', 'coach', 'alex', 'lawan', 'bahrain']",Positif
"['abang', 'jay', 'kalau', 'lepas', 'pengawalan', 'musuh', 'ada', 'ridho', 'yang', 'cover', 'sama', 'kayak', 'abang', 'jay', 'di', 'venezia', 'ada', 'bek', 'lain', 'yang', 'biasa', 'cover']",Positif
"['garuda', 'kena', 'sleding', 'australia', 'tapi', 'masih', 'ada', 'harapan', 'indonesia', 'harus', 'mengakui', 'keunggulan', 'australia', 'dengan', 'skor', 'meski', 'begitu', 'perjalanan', 'belum', 'selesai', 'masih', 'ada', 'laga', 'penting', 'melawan', 'bahrain', 'waktunya', 'bangkit', 'dan', 'tunjukkan', 'mental', 'juara', 'yuk', 'gabung', 'dan']",Positif
"['eliano', 'reijders', 'main', 'bagus', 'dapat', 'rating', 'tinggi', 'kemarin', 'sebelumnya', 'tidak', 'dapat', 'tempat', 'juga']",Positif
"['pemain', 'sudah', 'melakukan', 'pekerjaannya', 'dengan', 'baik']",Positif
"['gue', 'yakin', 'bakal', 'happy', 'ending', 'untuk', 'timnas', 'indonesia', 'kalian', 'netijen', 'suporter', 'indonesia', 'yang', 'cuma', 'tau', 'ya', 'pengin', 'menang', 'terus', 'kocak', 'apalagi', 'langsung', 'teriak', 'tolol']",Positif
"['jangan', 'salahkan', 'pelqtih', 'amp', 'pemain', 'dulu', 'yang', 'jelas', 'salah', 'itu', 'pssi', 'pelatih', 'amp', 'pemain', 'ya', 'mulai', 'dari', 'lagi', 'mereka', 'belum', 'bisa', 'kluivertout', 'pemikiran', 'gua', 'ya', 'bukan', 'mau', 'membela', 'tapi', 'kan', 'match', 'pertama', 'mereka']",Positif
"['aspirasi', 'saya', 'semoga', 'pak', 'selaku', 'ketum', 'pssi', 'melakukan', 'evaluasi', 'untuk', 'strategi', 'yang', 'diterapkan', 'oleh', 'patrick', 'kluivert', 'dalam', 'menangani', 'timnas', 'hasil', 'timnas', 'indonesia', 'vs', 'australi', 'cukup', 'mengejutkan', 'kalah', 'di', 'round', 'pada', 'pertandingan', 'yang', 'krusial']",Positif
"['verdonk', 'sih', 'el', 'konsisten', 'memang', 'tidak', 'pernah', 'jelek', 'mainnya', 'diks', 'ya', 'allah', 'sayang', 'banget', 'kenapa', 'tidak', 'santai', 'saja', 'sih', 'penaltinya', 'kalau', 'itu', 'goal', 'yakin', 'vibesnya', 'bisa', 'lebih', 'bagus', 'eventho', 'strategi', 'sih', 'bintang', 'laut', 'ya', 'tetap', 'jelek']",Positif
"['besok', 'tolong', 'ole', 'romeny', 'pasangin', 'sama', 'eliano', 'reinjtders', 'klop', 'habis']",Positif
"['starting', 'xi', 'timnas', 'itu', 'harusnya', 'begini', 'main', 'tempo', 'lambat', 'andelin', 'momentum', 'semoga', 'timnas', 'banyak', 'belajar', 'dari', 'laga', 'tadi', 'jangan', 'lupa', 'naikkan', 'hastag']",Positif
"['timnas', 'indonesia', 'memang', 'sudah', 'naik', 'level', 'tapi', 'australia', 'tetaplah', 'australia', 'levelnya', 'masih', 'jauh', 'bos']",Positif
"['menurut', 'saya', 'timnas', 'hanya', 'kurang', 'beruntung', 'pertama', 'pinalti', 'tidak', 'masuk', 'harusnya', 'pinalti', 'lagi', 'tapi', 'wasit', 'tidak', 'cek', 'var', 'beberapa', 'peluang', 'emas', 'terbuang', 'statistik', 'kita', 'oke', 'rangking', 'dibuat', 'bertahan', 'saya', 'sih', 'optimis', 'dengan', 'coach', 'kluivert']",Positif
"['tolong', 'gais', 'jangan', 'ada', 'yang', 'hujat', 'para', 'pemain', 'mereka', 'juga', 'sedih', 'ditinggal', 'coach', 'kesayangan', 'mereka', 'tim', 'era', 'sty', 'aku', 'lihat', 'sudah', 'kayak', 'keluarga', 'hujat', 'saja', 'pssi', 'sama', 'sih', 'sih', 'pembohong', 'besar', 'tidak', 'perlu', 'mending', 'dan']",Positif
"['ini', 'baru', 'match', 'come', 'on', 'timnas', 'juga', 'perlu', 'adaptasi', 'australia', 'di', 'atas', 'kertas', 'memang', 'di', 'atas', 'kita', 'mereka', 'sudah', 'sering', 'masuk', 'pildun', 'jadi', 'menurutku', 'wajar', 'orang', 'yang', 'adalah', 'orang', 'fomo', 'timnas', 'juga', 'sudah', 'berusaha', 'semaksimal', 'mungkin', 'kecewa', 'jelas', 'tapi', 'come', 'on']",Positif
"['jangan', 'lah', 'dikit', 'karn', 'masih', 'ada', 'kesempatan', 'pertandingan', 'lagi', 'kalau', 'lawan', 'jepang', 'kita', 'tidak', 'dah', 'harapan', 'toh', 'unggul', 'secara', 'statistik', 'back', 'masih', 'jadi', 'persoalan']",Positif
"['yang', 'bisa', 'kita', 'lakukan', 'ya', 'kita', 'percaya', 'saja', 'dengan', 'pakai', 'tidak', 'ada', 'itu', 'baru', 'diulang', 'masa', 'mau', 'diulang', 'lagi', 'mau', 'bayar', 'denda', 'lagi', 'cari', 'pelatih', 'lagi', 'dadakan', 'lagi', 'kan', 'tidak']",Positif
"['bung', 'erick', 'supporter', 'timnas', 'ini', 'berisik', 'baru', 'match', 'kalah', 'dilatih', 'oleh', 'kluivert', 'sudah', 'tagar', 'dikira', 'sepakbola', 'harus', 'instant', 'dan', 'menang', 'terus', 'kalau', 'tidak mau', 'ada', 'kalah', 'main', 'sendiri', 'saja', 'sana']",Positif
"['belajar', 'dari', 'pengalaman']",Positif
"['terbayang', 'dong', 'kalau', 'defensenya', 'trio', 'ridhojayhubner', 'terus', 'tengahnya', 'hayeivar', 'depannya', 'ada', 'ole', 'romeny', 'yang', 'memunculkan', 'secercah', 'harapan', 'buat', 'finishing', 'timnas', 'terus', 'sty', 'masih', 'ada', 'apa', 'tidak', 'jadi', 'dream', 'team', 'banget']",Positif
"['aman', 'coach', 'kita', 'masih', 'unggul', 'kok']",Positif
"['ft', 'tetap', 'apresiasi', 'dari', 'gue', 'untuk', 'pemain', 'yang', 'tampil', 'baik', 'hari', 'ini', 'marceng', 'eli', 'verdonk', 'mees', 'dkk', 'termasuk', 'debut', 'james', 'dan', 'debut', 'ole', 'dengan', 'gol', 'ya', 'et', 'out', 'dpr', 'ajg']",Positif
"['hasil', 'terbaik', 'sepanjang', 'kualifikasi', 'bravo', 'indonesia', 'mendunia']",Positif
"['jelasjelas', 'komposisi', 'pemain', 'ini', 'memang', 'bagusnya', 'buat', 'skema', 'bek', 'pemain', 'kita', 'tidak', 'sejago', 'itu', 'buat', 'main', 'menyerang']",Positif
"['goal', 'ole', 'kelas']",Positif
"['kalian', 'semua', 'tidak', 'salah', 'bang', 'eliano']",Positif
"['semangat', 'untuk', 'lawan', 'bahrain']",Positif
"['timnas', 'indonesia', 'butuh', 'dukunganmu', 'untuk', 'mengalahkan', 'bahrain', 'bersama', 'kita', 'bisa']",Positif
"['ini', 'mulu', 'dibanggakan', 'kebantai', 'cuk']",Positif
"['semangat', 'garuda', 'kita', 'balas', 'di', 'gbk']",Positif
"['indonesia', 'masih', 'berpeluang', 'lolos', 'piala', 'dunia', 'ayo', 'kita', 'terus', 'dukung', 'timnas', 'indonesia']",Positif
"['lanjutkan', 'cetak', 'goal', 'yang', 'banyak', 'nanti', 'lawan', 'bahrain', 'di', 'gbk', 'ya', 'boleh']",Positif
"['kuat', 'menatap', 'laga', 'tersisa']",Positif
"['ayo', 'timnas', 'indonesia', 'lupakan', 'kekalahan', 'dari', 'australia', 'we', 'will', 'always', 'support', 'timnas', 'indonesia', 'itu', 'hurts', 'but', 'heads', 'up', 'semangat', 'untuk', 'pertandingan', 'selanjutnya', 'comeback', 'stronger', 'jadikan', 'match', 'selanjutnya', 'lebih', 'baik', 'lagi', 'meraih', 'poin', 'bisa']",Positif
"['sudah', 'tidak', 'usah', 'masang', 'ekspektasi', 'tinggi', 'tinggi', 'turunkan', 'ekspektasi', 'kalian', 'kita', 'cinta', 'timnas', 'tapi', 'kita', 'juga', 'harus', 'mengkritik', 'keras', 'langkah', 'federasi', 'memberhentikan', 'sty', 'di', 'tengah', 'jalan', 'entah', 'apa', 'maunya', 'kendala', 'bahasa', 'alasan', 'yang', 'di', 'buat', 'buat']",Positif
"['patrick', 'kluivert', 'pelatih', 'terbaik', 'di', 'dunia']",Positif
"['lah', 'menang', 'uyyy']",Positif
"['kemarin', 'kurang', 'semangat', 'kurang', 'kompak', 'hilang', 'poin', 'lupa', 'bertahan', 'segera', 'bertarung', 'lagi', 'demi', 'nama', 'bangsa', 'keep', 'fighting', 'fokus', 'poin']",Positif
"['masih', 'punya', 'peluang', 'lolos', 'ke', 'piala', 'dunia', 'meski', 'kalah', 'dari', 'australia', 'saat', 'ini', 'di', 'peringkat', 'grup', 'dengan', 'poin', 'mereka', 'harus', 'menang', 'di', 'laga', 'tersisa', 'vs', 'bahrain', 'mar', 'china', 'jun', 'dan', 'jepang', 'jun', 'laga', 'melawan', 'bahrain', 'krusial', 'untuk', 'menjaga']",Positif
"['cc', 'introspeksi', 'evaluasi', 'lagi', 'dapat', 'chemistry', 'malah', 'dipedhot', 'ambyar', 'kan']",Positif
"['tolong', 'pelatih', 'kalau', 'nyusun', 'team', 'line', 'up', 'disusun', 'berdasarkan', 'kualitas', 'pemain']",Positif
"['tetap', 'bangga', 'dengan', 'timnas', 'secara', 'kualitas', 'kita', 'sudah', 'setara', 'dengan', 'australia', 'tetap', 'tegakkan', 'kepala', 'wahai', 'para', 'pemain']",Positif
"['asa', 'itu', 'masih', 'ada']",Positif
"['pasti', 'mendukung', 'para', 'pemain', 'apapun', 'hasilnya']",Positif
"['kedatangan', 'kluivert', 'dan', 'tiga', 'pemain', 'naturalisasi', 'baru', 'emil', 'audero', 'joey', 'pelupessy', 'dan', 'dean', 'james', 'memberikan', 'harapan', 'baru', 'walapun', 'skor', 'akhir', 'di', 'luar', 'prediksi', 'karena', 'pada', 'pertemuan', 'pertama', 'di', 'gbk', 'indonesia', 'mampu', 'menahan', 'australia']",Positif
"['meski', 'harus', 'kalah', 'telak', 'pemain', 'ini', 'nyatanya', 'tampil', 'gemilang', 'di', 'laga', 'melawan', 'australia']",Positif
"['kehebatan', 'sejati', 'tidak', 'diukur', 'dari', 'satu', 'pertandingan', 'suporter', 'indonesia', 'yang', 'meneriakkan', 'nama', 'shin', 'tae', 'yong', 'bahkan', 'setelah', 'kekalahan', 'berat', 'membuktikan', 'dampak', 'yang', 'telah', 'ia', 'buat', 'jejaknya', 'tetap', 'berani', 'pengaruhnya', 'abadi']",Positif
"['kita', 'wajib', 'memberi', 'dukunngan', 'kepada', 'timnas', 'kita', 'masalah', 'hasil', 'urusan', 'belakangan']",Positif
"['di', 'gbk', 'aku', 'sayang', 'nkri', 'aku', 'sayang', 'sepak', 'bola', 'indonesia', 'semoga', 'para', 'petinggi', 'bisa', 'mengambil', 'langkah', 'bijak']",Positif
"['menang', 'kalah', 'dan', 'apapun', 'itu', 'kita', 'tetap', 'dukung', 'timnas', 'indonesia', 'bebas', 'berkritik', 'tapi', 'berkritik', 'lah', 'yang', 'membangun', 'bukan', 'menghujat']",Positif
"['big', 'thanks', 'untuk', 'keputusan', 'ketum', 'pssi', 'bapak', 'yang', 'ganti', 'pelatih', 'tengah', 'kompetisi']",Positif
"['rizky', 'ridho', 'bek', 'tangguh', 'yang', 'tidak', 'pernah', 'absen', 'jadi', 'andalan', 'timnas', 'indonesia', 'di', 'kualifikasi', 'piala', 'dunia']",Positif
"['entah', 'kenapa', 'tapi', 'analisa', 'gue', 'nanti', 'indonesia', 'lawan', 'bahrain', 'bakalan', 'di', 'dominasi', 'indonesia', 'harapanku', 'indonesia', 'bisa', 'menang', 'besar', 'semangat']",Positif
"['percaya', 'lah', 'pada', 'proses']",Positif
"['hasil', 'akhir', 'yang', 'mengecewakan', 'berharap', 'di', 'sisa', 'laga', 'berikutnya', 'ada', 'peningkatan', 'grafik', 'chemistry', 'antar', 'pemain', 'strategi', 'dan', 'komposisi', 'pemain', 'bisa', 'diracik', 'dengan', 'pas', 'oleh', 'staf', 'pelatih']",Positif
"['tetap', 'konsisten', 'capt', 'rizky', 'ridho', 'kembali', 'bermain', 'bersama', 'timnas', 'indonesia', 'meski', 'masuk', 'di', 'babak', 'kedua', 'kapten', 'persija', 'jakarta', 'itu', 'tetap', 'tampil', 'solid', 'menjaga', 'pertahanan', 'garuda', 'menurut', 'kalian', 'setuju', 'tidak', 'kalau', 'ridho', 'jadi', 'starter']",Positif
"['kata', 'gue', 'trio', 'jayridhojusa', 'tidak bisa', 'diganggu', 'gugat', 'jusa', 'akumulasi', 'baru', 'cari', 'opsi', 'hayejenner', 'juga', 'tidak bisa', 'diganggu', 'gugat', 'verdonk', 'numero', 'uno', 'lagian', 'pakai', 'mau', 'mencoba', 'apa', 'nih', 'ganti', 'di', 'era', 'krisis', 'kayak', 'begini', 'sudah', 'itu', 'saja', 'nitip']",Positif
"['masih', 'kepikiran', 'sama', 'statement', 'menyerang', 'adalah', 'pertahanan', 'terbaik']",Positif
"['setelah', 'kekalahan', 'atas', 'australia', 'timnas', 'indonesia', 'harus', 'mengalahkan', 'bahrain', 'dan', 'china', 'di', 'gbk', 'demi', 'mengamankan', 'posisi', 'besar', 'asa', 'itu', 'masih', 'ada']",Positif
"['tapi', 'kok', 'ku', 'tetap', 'kalah', 'ya']",Positif
"['wajib', 'evaluasi', 'tidak', 'mau', 'tau', 'lawan', 'bahrain', 'haram', 'kalah']",Positif
"['masih', 'ada', 'peluang', 'timnas', 'indonesia', 'harus', 'menang', 'di', 'laga', 'kandang', 'melawan', 'bahrain', 'amp', 'china', 'untuk', 'menjaga', 'asa', 'ke', 'piala', 'dunia', 'bisa', 'tidak', 'nih', 'sobat', 'pr', 'yuk', 'dukung', 'timnas', 'garuda']",Positif
"['ole', 'romeny', 'bangga', 'bisa', 'cetak', 'gol']",Positif
"['semua', 'juga', 'bakal', 'balik', 'dukung', 'pada', 'akhirnya', 'dulu', 'pas', 'jaman', 'dualisme', 'juga', 'kita', 'kita', 'dukung', 'dan', 'menonton', 'ya', 'tuh', 'meskipun', 'ya', 'bapuk']",Positif
"['patrick', 'kluivert', 'sebut', 'timnas', 'indonesia', 'main', 'seperti', 'singasinga', 'tapi', 'tidak', 'lapar', 'karena', 'kering', 'gol', 'statistik', 'membenarkan', 'klaim', 'itu', 'semoga', 'lebih', 'baik', 'di', 'pertandingan', 'melawan', 'bahrain']",Positif
"['baru', 'debut', 'nih', 'sih', 'ganteng', 'sudah', 'gemilang']",Positif
"['semangat', 'kakak', 'move', 'on']",Positif
"['hidup', 'et', 'dan', 'ekor', 'ya']",Positif
"['orang', 'yang', 'cocok', 'jadi', 'striker', 'memang', 'cuman', 'ole', 'di', 'timnas', 'indonesia', 'saya', 'jamin', 'timnas', 'juara', 'piala', 'dunia']",Positif
"['terima kasih', 'eli', 'semangat', 'lagi', 'ya']",Positif
"['gapapa', 'ambil', 'hikmahnya', 'jangan', 'berlarutlarut', 'dalam', 'kesedihan', 'atau', 'kekecewaan', 'lebih', 'baik', 'kita', 'tingkatkan', 'ibadah', 'di', 'bulan', 'ramadan', 'sholatnya', 'baca', 'qur', 'an', 'dan', 'sedekahnya', 'jangan', 'lupa', 'ya']",Positif
"['saya', 'sebagai', 'malaysian', 'yang', 'mendukung', 'indonesia', 'di', 'kejuaraan', 'ini', 'rasa', 'sedih', 'selepas', 'indonesia', 'bolos', 'kelmarin', 'tak', 'patut', 'ganti', 'coach', 'sewaktu', 'sedang', 'bertanding', 'jikalau', 'coach', 'sty', 'yang', 'mula', 'membawa', 'indonesia', 'sejauh', 'ini', 'biarlah', 'sty', 'yang', 'menamatkan', 'saya', 'rasa', 'indonesia', 'jauh', 'lebih', 'solid']",Positif
"['perjalanan', 'masih', 'panjang', 'good', 'luck', 'untuk', 'pertandingan', 'berikutnya']",Positif
"['eli', 'terimakasih', 'sudah', 'tampil', 'dengan', 'baik', 'solid', 'terus', 'kalian']",Positif
"['pengurus', 'belum', 'mengasih', 'statement', 'di', 'media', 'pasca', 'kekalahan', 'paling', 'telak', 'yang', 'dialami', 'mungkin', 'mereka', 'nyiapin', 'strategi', 'yang', 'tepat', 'buat', 'serangan', 'balik']",Positif
"['ole', 'besok', 'lawan', 'bahrain', 'gol', 'ya']",Positif
"['tolong', 'bikin', 'retreat', 'biar', 'pemain', 'benar', 'bonding', 'klop']",Positif
"['kalau', 'masalah', 'target', 'saya', 'rasa', 'masih', 'bisa', 'di', 'kejar', 'menang', 'lawan', 'bahrain', 'menang', 'lawan', 'cina', 'imbang', 'lawan', 'jepang']",Positif
"['kita', 'masih', 'harus', 'membalas', 'dendam', 'kita', 'ke', 'bahrain', 'bcs', 'we', 'believe']",Positif
"['ingat', 'baik', 'kawan', 'ini', 'mimpi', 'lolos', 'pildun', 'bukan', 'target', 'lolos', 'pildun']",Positif
"['ya', 'baguslah', 'walaupun', 'uji', 'coba', 'dan', 'hasilnya', 'baik', 'ini', 'akan', 'jadi', 'modal', 'bagus', 'untuk', 'kedepannya', 'lanjutkan', 'timnas']",Positif
"['kita', 'selalu', 'mensupport']",Positif
"['timnasindonesia', 'milik', 'kami', 'bukan', 'milik', 'kalian']",Positif
"['hanya', 'memiliki', 'pertandingan', 'sisa', 'karena', 'melawan', 'jepang', 'semua', 'tau', 'siapa', 'yang', 'akan', 'memenangkan', 'pertandingan', 'apalagi', 'jepang', 'bermain', 'di', 'kandang', 'sendiri', 'itu', 'kalau', 'imbang', 'adalah', 'sebuah', 'keberuntungan']",Positif
"['apapun', 'hasilnya', 'kita', 'harus', 'terima', 'masanya', 'dan', 'semua', 'ada', 'waktunya', 'saya', 'percaya', 'bawah', 'lawan', 'berikutnya', 'indonesia', 'akan', 'berikan', 'yang', 'terbaik', 'saya', 'setuju', 'sama', 'sty', 'ketika', 'di', 'tanya', 'oleh', 'warta', 'saya', 'siap', 'taruhan', 'dengan', 'para', 'pebacot', 'di', 'indonesia', 'indonesia', 'akan', 'lolos']",Positif
"['debutnya', 'abang', 'ole', 'gacor']",Positif
"['saya', 'tetap', 'positif', 'tim', 'ini', 'punya', 'prospek', 'bagus']",Positif
"['pak', 'kluivert', 'soal', 'timnas', 'kita', 'tidak', 'ada', 'waktu', 'banyak', 'jangan', 'bacot', 'soal', 'trust', 'the', 'proccess', 'saya', 'dan', 'juta', 'jiwa', 'lainnya', 'percaya', 'kita', 'bisa', 'pak']",Positif
"['harusnya', 'belajar', 'dari', 'arab', 'ish', 'ganti', 'pelatih', 'bukan', 'solusi', 'debutannya', 'malah', 'musuh', 'australia', 'dikantongi', 'kangguru', 'kan', 'lawan', 'jepang', 'saja', 'ini']",Positif
"['andai', 'masih', 'dilatih', 'sty', 'dengan', 'modal', 'squad', 'seperti', 'ini', 'maka', 'kemenangan', 'melawan', 'australia', 'terlihat', 'lebih', 'realistis', 'strategi', 'defensive', 'seperti', 'saat', 'menjamu', 'di', 'gbk', 'tapi', 'ditambah', 'dengan', 'striker', 'seperti', 'ole', 'ini', 'tapi', 'mau', 'bagaimana', 'lagikita', 'harus', 'nurutin', 'egonya', 'satu', 'orang']",Positif
"['gue', 'tunggu', 'kalian', 'cetak', 'banyak', 'gol', 'di', 'gbk']",Positif
"['coach', 'shin', 'senang', 'banget', 'pas', 'lihat', 'ole', 'ngegolin']",Positif
"['semoga', 'selalu', 'sukses', 'dalam', 'karier', 'sepakbola', 'dan', 'teruslah', 'membanggakan', 'dunia', 'sepak', 'bola', 'tanah', 'air', 'merah', 'putih', 'gotong', 'royong']",Positif
"['tetap', 'semangat', 'yoow']",Positif
"['striker', 'yang', 'lincah', 'thanks', 'ole', 'pakai', 'out']",Positif
"['bro', 'fighting', 'kamu', 'sudah', 'melakukan', 'yang', 'terbaik', 'hari', 'ini', 'iam', 'proud', 'of', 'you', 'mari', 'berdoa', 'semoga', 'jadi', 'starter', 'ketika', 'lawan', 'bahrain', 'hari', 'selasa', 'depan', 'bro', 'cetaklah', 'gol', 'sebanyak', 'ya', 'untuk', 'indonesia', 'cetaklah', 'gol', 'bersama', 'ole']",Positif
"['kalau', 'mau', 'pos', 'ya', 'skemanya', 'harus', 'gila', 'sapu', 'bersih', 'vs', 'bahrainampchina', 'lalu', 'di', 'laga', 'akhirnya', 'jepang', 'menurunkan', 'pemain', 'lapis', 'ya', 'shg', 'bisa', 'menahan', 'seri', 'sukur', 'menang', 'sisa', 'laga', 'aus', 'sau', 'bhr', 'chn', 'meraih', 'pt', 'bagaimana', 'pak']",Positif
"['tidak', 'nanti', 'boys', 'semangat', 'di', 'pertandingan', 'selanjutnya', 'ya', 'lupakan', 'pertandingan', 'kemarin', 'fokus', 'di', 'pertandingan', 'selajut', 'ya']",Positif
"['kakakmu', 'ngegolin', 'tadi', 'ayo', 'jangan', 'ketinggalan', 'tadi', 'hampir', 'ngegolin', 'kamu']",Positif
"['tetap', 'semangat', 'garuda', 'heads', 'up', 'yuk', 'bangkit', 'lawan', 'bahrain']",Positif
"['pupus', 'bagaimana', 'sih', 'masih', 'ada', 'match', 'lagi', 'bknnya', 'manifesting', 'yang', 'baik', 'malah', 'nyumpahin', 'dan', 'lagi', 'arab', 'kalah', 'lwn', 'indonesia', 'tapi', 'tadi', 'bisa', 'menang', 'lwn', 'china', 'masih', 'ada', 'kesempatan', 'lagi', 'ini', 'sepakbola', 'kadang', 'hasil', 'tidak', 'akan', 'sesuai', 'ekspektasi', 'dan', 'prediksi', 'kita', 'berdoa', 'semoga', 'di', 'sisa', 'laga', 'bisa', 'dapat', 'hasil', 'bagus']",Positif
"['ayo', 'bangkit', 'gbk']",Positif
"['bisa', 'sekarang', 'incer', 'posisi', 'saja', 'next', 'round', 'kalau', 'bisa', 'targetnya', 'runner', 'up', 'biar', 'langsung', 'lolos', 'kalau', 'gagal', 'ambil', 'jalur', 'play', 'off']",Positif
"['total', 'football', 'total', 'kalah', 'terkadang', 'mantan', 'suka', 'ngangein', 'tapi', 'nasi', 'sudah', 'jadi', 'bubur', 'fokus', 'maxsimal', 'point', 'sikat', 'bahrain', 'dan', 'china', 'di', 'gbk']",Positif
"['suka', 'tidak', 'suka', 'sekarang', 'kita', 'harus', 'move', 'on', 'timnas', 'wajib', 'mengalahkan', 'bahrain', 'dan', 'china', 'di', 'gbk', 'untuk', 'mengamankan', 'posisi', 'ayo', 'garuda']",Positif
"['terimakasih', 'sudah', 'kuat', 'abang']",Positif
"['eli', 'kamu', 'keren', 'banget', 'cari', 'posisi', 'buka', 'ruangnya']",Positif
"['debut', 'kluivert', 'mengecewakan', 'timnas', 'indonesia', 'remuk', 'redam', 'di', 'tangan', 'australia', 'garuda', 'dirujak', 'kanguru']",Positif
"['tidak', 'usah', 'sedih', 'eli', 'memang', 'bego', 'saja', 'noh', 'ketua', 'federasi']",Positif
"['kamu', 'keren', 'eli']",Positif
"['kamu', 'keren', 'eli']",Positif
"['pemain', 'kelas', 'dunia']",Positif
"['eli', 'gacor', 'ih']",Positif
"['romeny', 'ini', 'satu', 'kepingan', 'terakhir', 'yang', 'dibutuhkan', 'sty', 'yaitu', 'striker', 'tajam', 'ketika', 'pondasi', 'belakang', 'sudah', 'solid', 'tengahnya', 'sudah', 'jalan', 'meski', 'kadang', 'angin', 'an', 'juga', 'tapi', 'tidak', 'se', 'flop', 'tadi', 'tapi', 'malah', 'dirusak', 'manuver', 'federasi', 'padahal', 'target', 'juga', 'begitu', 'saja', 'entah', 'tujuannya', 'untuk', 'apa']",Positif
"['tetap', 'semangat', 'eli', 'kita', 'balas', 'gbk']",Positif
"['tetap', 'semangat', 'eliano']",Positif
['semangat'],Positif
"['eli', 'makasihh', 'tetap', 'semangat']",Positif
"['kayaknya', 'kita', 'sebagai', 'fan', 'bukan', 'terlalu', 'cinta', 'atau', 'fanatik', 'ke', 'sty', 'tapi', 'lebih', 'ke', 'progress', 'yang', 'selama', 'ini', 'beliau', 'bangun', 'dari', 'situlah', 'baru', 'tumbuh', 'rasa', 'cinta', 'kepada', 'sosok', 'oppa', 'korea', 'ini', 'bro', 'dari', 'tidak', 'bisa', 'passing', 'bro', 'sampai', 'ada', 'di', 'ronde', 'ketiga']",Positif
"['gue', 'tidak', 'mau', 'tau', 'next', 'game', 'ole', 'ragnar', 'diduetin']",Positif
"['semangat', 'mas', 'pemain', 'kamu', 'terbaik', 'sing', 'bangsat', 'itu', 'federasi', 'dan', 'pelatihnya']",Positif
"['tidak', 'usah', 'ekspektasi', 'tinggi', 'ranking', 'fifa', 'tidak', 'turun', 'saja', 'sudah', 'alhamdulillah']",Positif
"['fokus', 'aff', 'saja', 'kelasnya', 'kan', 'cuma', 'disitu']",Positif
"['depan', 'sudah', 'bagus', 'giliran', 'belakang', 'yang', 'tidak', 'solid', 'karena', 'ganti', 'pemain', 'rido', 'jay', 'mess', 'hubner', 'tidak', 'maksimal']",Positif
"['next', 'harusnya', 'lebib', 'berani', 'tambah', 'amunisi', 'di', 'tengah', 'kalau', 'masih', 'mau', 'main', 'seperti', 'tadi', 'orang', 'diks', 'jay', 'ridho', 'verdonk', 'jenner', 'pelupessy', 'ragnar', 'marceng', 'struijk', 'romeny', 'atau', 'diks', 'jay', 'ridho', 'verdonk', 'reijnders', 'jenner', 'hubner', 'pelupessy', 'struijk', 'ragnar']",Positif
"['love', 'timnas', 'hate', 'pssi', 'kalian', 'tetap', 'tetap', 'tak', 'support', 'fokus', 'next', 'match', 'lawan', 'bahrain']",Positif
"['ole', 'romeny', 'mencetak', 'gol', 'perdana', 'for', 'timnas']",Positif
"['semoga', 'para', 'pemain', 'dapat', 'saling', 'berdiskusi', 'dan', 'berkomunikasi', 'untuk', 'membangun', 'chemistry', 'mereka', 'sebelum', 'pertandingan', 'melawan', 'bahrain', 'dan', 'dapat', 'menunjukkan', 'hasil', 'terbaik']",Positif
"['great', 'job', 'eliii', 'next', 'match', 'lebih', 'gacor', 'ya']",Positif
"['malam', 'ini', 'sudah', 'tidak', 'peduli', 'bagi', 'gua', 'dengan', 'hasil', 'itu', 'now', 'laga', 'home', 'wajib', 'win', 'hrga', 'mati', 'kalau', 'mereka', 'dengar', 'itu', 'kuping', 'tolong', 'pasang', 'orang', 'ini', 'emilpaes', 'rr', 'jay', 'hubner', 'diks', 'joeyivar', 'haye', 'verdonk', 'dengan', 'opsi', 'kalau', 'mees', 'dan', 'sandy', 'cereda', 'laga', 'kemarin']",Positif
"['andai', 'nih', 'anak', 'join', 'dari', 'awal', 'terlalu', 'banyak', 'peluang', 'yang', 'terbuang', 'sia', 'di', 'match', 'sebelumnya']",Positif
"['eli', 'yang', 'salah', 'itu', 'pssi', 'bukan', 'lu', 'semangat', 'yaaak', 'jangan', 'menyesal', 'sudah', 'pilih', 'indonesia']",Positif
"['love', 'buat', 'pemain']",Positif
"['kalau', 'kita', 'memang', 'percaya', 'proses', 'harusnya', 'kita', 'lebih', 'bersabar', 'sedikit', 'lagi', 'tapi', 'tetap', 'kita', 'kasih', 'dukungan', 'semangat', 'dan', 'kesempatan', 'untuk', 'coach', 'patrick']",Positif
"['cuma', 'ole', 'yang', 'oke']",Positif
"['pemain', 'sudah', 'melakukan', 'pekerjaannya', 'dengan', 'baik']",Positif
"['keep', 'your', 'head', 'up', 'stay', 'jumawa', 'walaupun', 'terbantai', 'kelasss', 'abang', 'ole']",Positif
"['oke', 'pembuktian', 'lawan', 'bahrain', 'kalau', 'hasilnya', 'tetap', 'sama', 'sih', 'tidak', 'tau', 'lagi', 'ya']",Positif
"['menang', 'ku', 'sanjung', 'kalah', 'tetap', 'ku', 'dukung', 'yuk', 'bisa', 'yuk']",Positif
"['terima', 'saja', 'hasilnya', 'namanya', 'juga', 'sepakbola', 'tim', 'australia', 'sudah', 'lama', 'terbentuk', 'nyetel', 'tuan', 'rumah', 'pula']",Positif
"['kekecewaan', 'kesedihan', 'dan', 'kemarahan', 'atas', 'hasil', 'lawan', 'australia', 'hari', 'ini', 'kita', 'jadikan', 'energi', 'lebih', 'dan', 'lampiaskan', 'nanti', 'saat', 'lawan', 'bahrain', 'dan', 'china', 'di', 'gbk', 'ayolah', 'pasti', 'bisa']",Positif
"['semangat', 'selalu', 'garuda', 'kalian', 'sudah', 'nunjukin', 'game', 'yang', 'bagus', 'cuma', 'keberuntungan', 'saja', 'belum', 'berpihak']",Positif
"['dua', 'pertandingan', 'lagi', 'bakal', 'nyetel', 'kalau', 'sudah', 'nyetel', 'lawan', 'jepang', 'pun', 'kita', 'bisa', 'point', 'vamos']",Positif
"['semangat', 'brokkk']",Positif
"['untuk', 'federasi', 'harusnya', 'sedikit', 'memahami', 'kekalahan', 'indonesia', 'di', 'china', 'dan', 'piala', 'aff', 'harusnya', 'federasi', 'memahami', 'hasil', 'minor', 'tersebut', 'terjadi', 'memang', 'blunder', 'sty', 'tapi', 'secara', 'keseluruhan', 'untuk', 'kualifikasi', 'round', 'sudah', 'di', 'trek', 'yang', 'benar']",Positif
"['dengan', 'formasi', 'yang', 'di', 'isi', 'bek', 'tengah', 'idzez', 'dan', 'mees', 'highers', 'yang', 'menerapkan', 'high', 'defence', 'masih', 'sering', 'tertinggal', 'ketika', 'terjadi', 'counter', 'attack', 'karena', 'pemain', 'ini', 'ketika', 'adu', 'speed', 'tidak', 'terlalu', 'cepat', 'maka', 'butuh', 'duet', 'seperti', 'rizki', 'ridho']",Positif
"['aku', 'tetap', 'mendukung', 'but', 'tidak', 'ada', 'namanya', 'proses', 'dan', 'progres', 'harus', 'bagus', 'tidak', 'ada', 'alasan', 'lagi', 'kerangka', 'sudah', 'di', 'bentuk', 'sudah', 'di', 'beton', 'sama', 'pelatih', 'sebelumnya', 'main', 'kayak', 'uler', 'kadut', 'habis', 'kalian', 'semua', 'exco', 'bubar', 'babi', 'gara-gara', 'kalian', 'juga']",Positif
"['kecewa', 'but', 'garuda', 'di', 'dadaku']",Positif
"['jay', 'idzez', 'memang', 'memiliki', 'postur', 'tinggi', 'dan', 'kokoh', 'tapi', 'jay', 'juga', 'masih', 'kurang', 'di', 'kecepatan', 'taktik', 'high', 'defence', 'ala', 'patrick', 'ini', 'membuat', 'lini', 'belakang', 'selalu', 'tertinggal']",Positif
"['thom', 'haye', 'itu', 'titik', 'lemah', 'ya', 'di', 'speed', 'dan', 'butuh', 'pemain', 'yang', 'bisa', 'jadi', 'tandem', 'duet', 'lini', 'tengah', 'yang', 'memiliki', 'ketenangan', 'bermain', 'dan', 'memiliki', 'speed', 'harusnya', 'ivar', 'jenner', 'menjadi', 'tandem', 'thom', 'haye']",Positif
"['tetap', 'semangat', 'abang']",Positif
"['butuh', 'waktu', 'untuk', 'chemistry', 'sebuah', 'team', 'work', 'biarpun', 'mereka', 'pemain', 'kelas', 'eropa', 'dan', 'lawan', 'sudah', 'siapkan', 'strategi', 'kita', 'harus', 'menang', 'telah', 'kalah', 'dengan', 'counter', 'attack']",Positif
"['semangat', 'masih', 'ada', 'lawan', 'bahrain', 'apapun', 'yang', 'terjadi', 'kita', 'selalu', 'mendukung', 'indonesia']",Positif
"['lawak', 'tim', 'baru', 'dibentuk', 'berharap', 'imbang', 'dengan', 'tim', 'yang', 'sudah', 'jadi']",Positif
"['tetap', 'semangat', 'garudakuayoo', 'berbenah', 'dan', 'melangkah', 'maju']",Positif
"['keep', 'moving', 'bro', 'kita', 'santuy', 'kok', 'orangnya']",Positif
"['jadi', 'wni', 'kuncinya', 'harus', 'sabar', 'sudah', 'itu', 'doang']",Positif
"['menurut', 'bebenah', 'saja', 'deh', 'tidak', 'usah', 'ada', 'media', 'day', 'media', 'day']",Positif
"['jangan', 'salahkan', 'pemain']",Positif
"['good', 'job', 'eli', 'suporter', 'pasti', 'dukung', 'timnas', 'berikan', 'yang', 'terbaik', 'untuk', 'pertandingan', 'besok', 'bro']",Positif
"['aku', 'tutup', 'ya', 'mustahil', 'tuhan', 'membawamu', 'sejauh', 'ini', 'hanya', 'untuk', 'gagal', 'perkuat', 'lagi', 'hubungan', 'sama', 'tuhan', 'perkuat', 'lagi', 'kerja', 'tim', 'ya', 'berdoa', 'semoga', 'pelatihnya', 'tidak', 'blunder', 'lagi', 'head', 'up', 'focus', 'on', 'next', 'match', 'gluck', 'bismillah', 'husnudzon']",Positif
"['masih', 'menyesak', 'timnas', 'kalah', 'tapi', 'gapapa', 'keep', 'itu', 'up', 'and', 'focus', 'next', 'match', 'boys']",Positif
"['saya', 'senang', 'banget', 'lihat', 'main', 'ya', 'tadi', 'keren', 'banget', 'next', 'lawan', 'bahrain', 'di', 'perbaiki', 'catatan', 'ya']",Positif
"['ganti', 'pelatih', 'itu', 'agar', 'memperbesar', 'peluang', 'lolos', 'piala', 'dunia']",Positif
"['setuju', 'tidak', 'kalau', 'tadi', 'kita', 'main', 'ya', 'keren', 'banget', 'next', 'lawan', 'bahrain', 'lebih', 'keren', 'lagi', 'ya']",Positif
"['calvin', 'verdonk', 'membawa', 'kebahagiaan', 'semoga', 'semua', 'pemain', 'timnas', 'semakin', 'lebih', 'baik', 'kayak', 'indonesia', 'kita']",Positif
"['kalah', 'ya', 'kalah', 'tidak', 'kiamat', 'kalau', 'kalah', 'masih', 'ada', 'peluang', 'lolos', 'ke', 'piala', 'dunia', 'lupakan', 'sty', 'tetap', 'semangat']",Positif
"['yang', 'perlu', 'diingat', 'nanti', 'lawan', 'bahrain', 'jangan', 'pernah', 'anggep', 'lawan', 'sepele', 'jangan', 'over', 'jumawa']",Positif
"['keren', 'banget', 'main', 'ya', 'tadinext', 'lebih', 'baik', 'ya']",Positif
"['bagus', 'ya']",Positif
"['keren', 'golnya', 'boysevaluasi', 'pertandingan', 'hari', 'inijgn', 'siakan', 'penalty', 'man', 'marking', 'di', 'kotak', 'penalty', 'juga', 'harus', 'hati', 'amp', 'terakhir', 'passing', 'ke', 'belakang', 'juga', 'error', 'yang', 'bikin', 'pemain', 'australia', 'one', 'on', 'one', 'dengan', 'paes', 'sok', 'boys', 'never', 'give', 'upfocus', 'untuk', 'next', 'match', 'di', 'jakarta']",Positif
"['emangat', 'ndonesia']",Positif
"['keren', 'el', 'tadi', 'hampir', 'next', 'lebih', 'sangarrr']",Positif
"['thanks', 'indah', 'banget', 'di', 'tonton', 'waktunya', 'istirahat', 'ya', 'dan', 'lebih', 'bagus', 'lagi', 'lawan', 'bahrain']",Positif
"['terima', 'kasih', 'ya', 'ole', 'ganti', 'baju', 'langsung', 'silir']",Positif
"['bro', 'ole', 'menggendong', 'tim']",Positif
"['nasi', 'jadi', 'bubur', 'wayahe', 'ngliwet', 'meneh', 'fokus', 'match', 'selanjutnya', 'saja']",Positif
"['belum', 'selesai', 'kami', 'menantimu', 'kembali', 'di', 'gbk', 'garuda', 'ku']",Positif
"['lihat', 'ole', 'jalannya', 'pincang', 'jadi', 'ingat', 'verdonk', 'pas', 'lawan', 'arab', 'kemarin', 'memang', 'mereka', 'berdua', 'nih', 'paru', 'ya', 'beruntung', 'banget', 'indonesia', 'punya', 'verdonk', 'dan', 'ole']",Positif
"['thanks', 'mas', 'ole', 'sudah', 'bergabung', 'di', 'timnas', 'garuda', 'dan', 'berkontribusi', 'gol', 'didebut', 'ya']",Positif
"['jika', 'permainan', 'dan', 'penguasaan', 'bola', 'belum', 'bisa', 'seirama', 'dengan', 'semua', 'pemain', 'mundur', 'semua', 'atur', 'strategi', 'kapten', 'tim', 'harus', 'bisa', 'melihat', 'pemain', 'atur', 'strategi', 'yang', 'lebih', 'baik', 'bertahan', 'serang', 'bertahan', 'serang', 'bertahan', 'serang']",Positif
"['semoga', 'match', 'kedepan', 'lebih', 'bagus', 'lagi', 'pemain', 'juga', 'masih', 'perlu', 'beradaptasi', 'dengan', 'game', 'plan', 'coach', 'patrick', 'kawal', 'dan', 'doa', 'indonesia', 'masuk', 'pildun', 'semangat']",Positif
"['gas', 'abang', 'eli']",Positif
"['akhirnya', 'punya', 'striker']",Positif
"['kepingan', 'terakhir', 'coach', 'sebelumnya', 'ini', 'tipikal', 'penyerang', 'yang', 'bisa', 'ngelewatin', 'lawan', 'bisa', 'pegang', 'bola', 'bisa', 'kirim', 'bola', 'ke', 'kotak', 'penalty', 'lawan', 'eli', 'hampir', 'buat', 'gol', 'bola', 'dari', 'ole', 'entah', 'lah', 'mungkin', 'belum', 'rezekinya', 'timnas', 'hari', 'ini']",Positif
"['semangat', 'abangku']",Positif
"['permainan', 'yang', 'epic', 'sedap', 'di', 'lihat', 'bangga', 'sama', 'timnas', 'garuda', 'tidak', 'menyangka', 'bisa', 'sampai', 'level', 'ini']",Positif
"['sesuai', 'namamu', 'abang', 'harus', 'tegar']",Positif
"['good', 'job', 'eliano', 'kami', 'bangga']",Positif
"['hancur', 'berantakan', 'di', 'australia', 'tapi', 'masih', 'ada', 'tiga', 'laga', 'sisa', 'untuk', 'menjaga', 'asa', 'bahrain', 'maret', 'china', 'juni', 'jepang', 'a', 'juni', 'tegakkan', 'kepalamu', 'dan', 'bangkit', 'garuda']",Positif
"['saran', 'saja', 'ini', 'buat', 'gebuk', 'bahrain', 'nanti', 'maret', 'dari', 'pelatih', 'online', 'buat', 'sudah', 'jangan', 'dirubah', 'lagi']",Positif
"['semangat', 'terus', 'garuda', 'kalian', 'semua', 'sudah', 'keren', 'kok']",Positif
"['semangat', 'untuk', 'semuanya', 'fokus', 'ke', 'pertandingan', 'selanjutnya']",Positif
"['tidak apa-apa', 'dik', 'semangat']",Positif
"['bukan', 'salah', 'kamu', 'dan', 'semua', 'pemain', 'di', 'timnas', 'tetapi', 'yang', 'salah', 'erick', 'tohir']",Positif
"['masih', 'terbawa', 'suasana', 'timnas', 'terbantai', 'padahal', 'secara', 'permainan', 'bagus']",Positif
"['kembali', 'lebih', 'kuatt', 'ya', 'untuk', 'match', 'selanjutnya']",Positif
"['tadi', 'hampir', 'gol', 'eli', 'tetap', 'semangat']",Positif
"['eli', 'kamu', 'hebat', 'hari', 'ini', 'tetap', 'semangat', 'buktikan', 'kalau', 'kamu', 'pemain', 'yang', 'hebat']",Positif
"['gas', 'abang', 'jangan', 'kasih', 'kendor']",Positif
"['terima', 'kasih', 'eli', 'atas', 'perjuangan', 'mu']",Positif
"['dengan', 'mentalitas', 'bermain', 'seperti', 'yang', 'ditunjukan', 'timnas', 'indonesia', 'tadi', 'tenang', 'dan', 'kuat', 'possesion', 'ball', 'saya', 'optimis', 'kita', 'akan', 'bisa', 'kalahkan', 'bahrain', 'dan', 'cina', 'di', 'gbk', 'tugas', 'kluivert', 'membenahi', 'defense', 'yang', 'belum', 'padu', 'kalau', 'bisa', 'pakai', 'justru', 'lebih', 'bagus']",Positif
"['rekor', 'terbaik']",Positif
"['fokus', 'next', 'game', 'evaluasi']",Positif
"['ole', 'romeny', 'pelita', 'pelipur', 'lara', 'sebuah', 'debut', 'yang', 'meyakinkan', 'ole', 'menunjukkan', 'atribut', 'sebagai', 'penyerang', 'komplit', 'first', 'touch', 'timing', 'akselerasi', 'kedewasaan', 'pergerakan', 'amp', 'pengambilan', 'keputusan', 'adalah', 'sekian', 'dari', 'yang', 'ia', 'tunjukkan', 'sore', 'tadi', 'wonderboy']",Positif
"['harus', 'menatap', 'ke', 'pertandingan', 'berikutnya', 'melawan', 'bahrain', 'china', 'amp', 'jepang', 'dengan', 'selalu', 'penuh', 'semangat', 'amp', 'bersatu', 'amp', 'kompak', 'amp', 'punya', 'nyali', 'yang', 'berkobar', 'kobar', 'untuk', 'menaklukkan', 'bahrain', 'china', 'amp', 'jepang', 'gol', 'ole', 'romney', 'pada', 'menit', 'ke', 'ke', 'gawang', 'australia', 'adalah', 'model', 'berharga']",Positif
"['semangat', 'eli', 'dan', 'terima', 'kasih', 'sudah', 'bermain', 'solid', 'hari', 'ini', 'semoga', 'besok', 'lawan', 'bahrain', 'bisa', 'cetak', 'gol', 'ke', 'gawang', 'bahrain']",Positif
"['tetap', 'semangat', 'memang', 'masih', 'ada', 'kesempatan', 'aman', 'saja']",Positif
"['asa', 'itu', 'masih', 'ada', 'walaupun', 'kesempatan', 'ya', 'tinggal', 'pertandingan', 'yaitu', 'lawan', 'bahrain', 'china', 'amp', 'jepang', 'tidak', 'usah', 'gentar', 'walaupun', 'kalah', 'dengan', 'australia', 'pada', 'kesempatan', 'yang', 'lain', 'harus', 'kita', 'balas']",Positif
"['masih', 'ada', 'harapan', 'di', 'laga', 'home']",Positif
"['semangat', 'timnas', 'pantang', 'menyerah', 'bisa', 'tidak', 'mogok', 'main', 'meminta', 'ganti', 'pelatih']",Positif
"['goodjob', 'eli', 'terima', 'kasih', 'perjuangannya', 'semangat', 'terus', 'ya']",Positif
"['masih', 'ada', 'harapan']",Positif
"['stay', 'strong', 'ely', 'next', 'match', 'kita', 'bantai', 'itu', 'bahrain']",Positif
"['sekarang', 'saatnya', 'kita', 'sebagai', 'suporter', 'tetap', 'memberikan', 'dukungan', 'penuh', 'menurut', 'teman', 'alinea', 'apa', 'yang', 'perlu', 'diperbaiki', 'agar', 'semakin', 'kuat']",Positif
"['agak', 'berat', 'memang', 'setelah', 'lihat', 'bahrain', 'yang', 'hari', 'ini', 'main', 'solid', 'lawan', 'jepang', 'meskipun', 'kalah', 'tapi', 'gue', 'masih', 'menaruh', 'sedikit', 'harapan', 'karena', 'main', 'home', 'mari', 'kita', 'lihat', 'hari', 'selasa']",Positif
"['para', 'pemain', 'hari', 'ini', 'sudah', 'all', 'out', 'menang', 'kalah', 'bangga', 'masih', 'ada', 'pertandingan', 'untuk', 'timnas', 'kita', 'jepang', 'cica', 'sananta']",Positif
"['seharusnya', 'kita', 'berterimakasih', 'kepada', 'pelatih', 'timnas', 'yang', 'baru', 'berkat', 'strategi', 'beliau']",Positif
"['sty', 'adalah', 'masa', 'lalu', 'sekarang', 'tinggal', 'menunggu', 'hasil', 'penampilan', 'timnas', 'bersama', 'kluivert', 'kalau', 'timnas', 'lolos', 'ke', 'piala', 'dunia', 'semua', 'akan', 'memuji', 'tapi', 'kalau', 'gagal', 'ya', 'terima', 'kasih', 'atas', 'keputusan', 'amp', 'dukungan', 'kalian', 'yang', 'ternyata', 'tidak', 'tepat', 'amp', 'tidak', 'bijak']",Positif
"['semoga', 'yang', 'terbaik', 'saja', 'buat', 'timnas', 'indonesia', 'tidak', 'mood', 'dari', 'kemarin']",Positif
"['membanyaki', 'latihan', 'ya', 'mumpung', 'ada', 'waktu', 'lawan', 'bahren']",Positif
"['tenang', 'secara', 'statistik', 'indonesia', 'unggul', 'dari', 'australia']",Positif
"['kalau', 'target', 'awal', 'ronde', 'yaudah', 'fokus', 'ronde', 'saja', 'tidak', 'usah', 'ngerubah', 'target', 'terus', 'jadi', 'mengharap', 'lolos', 'langsung', 'berat', 'atuh', 'ah']",Positif
"['nah', 'ini', 'baru', 'suporter', 'sejati']",Positif
"['timmas', 'kalah', 'saja', 'kubelain', 'apalagi', 'kamu']",Positif
"['tetap', 'konsisten', 'capt', 'rizky', 'ridho', 'kembali', 'bermain', 'bersama', 'timnas', 'indonesia', 'meski', 'masuk', 'di', 'babak', 'kedua']",Positif
"['penampilan', 'oke', 'eliano', 'reijnders', 'bersama', 'timnas', 'indonesia']",Positif
"['untuk', 'ketum', 'pssi', 'berikutnya', 'kalau', 'bisa', 'ambil', 'pelatih', 'dari', 'italia', 'saja', 'sesekali', 'belajar', 'taktikal', 'kan', 'keren', 'juga', 'tidak', 'harus', 'total', 'football', 'atau', 'sepakbola', 'indah', 'mulu', 'tapi', 'kalau', 'itu', 'tidak', 'sanggup', 'tolong', 'balikin', 'sty', 'saja', 'sudah', 'cukup']",Positif
"['biasanya', 'habis', 'timnasday', 'kita', 'jadi', 'hadirin', 'sidang', 'jumat', 'yang', 'berbahagia']",Positif
"['selamatkan', 'timnasku', 'ya', 'allah']",Positif
"['mau', 'marah', 'mau', 'kesel', 'mau', 'menangis', 'tapi', 'ya', 'sudahlah', 'tetap', 'kalah', 'didukung', 'menang', 'disanjung', 'tanggal', 'nanti', 'menang', 'jadi', 'harga', 'mati', 'bahrain', 'bisa', 'menahan', 'cuma', 'kebobolan', 'lawan', 'jepang', 'berarti', 'kita', 'kudu', 'hati', 'banget', 'secara', 'kita', 'kebobolan', 'pas', 'lawan', 'jepang']",Positif
"['kalah', 'dari', 'australia', 'bukan', 'aib', 'mereka', 'tim', 'dengan', 'peringkat', 'dunia', 'jauh', 'di', 'atas', 'kita', 'mereka', 'tim', 'mapan', 'langganan', 'piala', 'dunia', 'ayo', 'move', 'on']",Positif
"['plis', 'stop', 'menyerang', 'pemain', 'alah', 'masih', 'ada', 'match', 'besok', 'biar', 'kuat', 'mental', 'dulu', 'rehat', 'dulu', 'stop', 'bombardirnya']",Positif
"['permainan', 'yang', 'apik', 'abang', 'olee']",Positif
"['berikan', 'yang', 'terbaik', 'sisa', 'pertandingan', 'hidup', 'mati']",Positif
"['coba', 'tengok', 'kitta', 'masih', 'berada', 'di', 'posisi', 'ke', 'ayolah', 'guys', 'dukung', 'timnas', 'dong']",Positif
"['berdiri', 'tegak', 'timnasku']",Positif
"['hancur', 'berantakan', 'di', 'australia', 'tapi', 'masih', 'ada', 'tiga', 'laga', 'sisa', 'untuk', 'menjaga', 'asa', 'bahrain', 'maret', 'china', 'juni', 'jepang', 'a', 'juni', 'tegakkan', 'kepalamu', 'dan', 'bangkit', 'garuda']",Positif
"['untuk', 'timnas', 'indonesia', 'tetap', 'semangat', 'terus', 'berjuang', 'untuk', 'mengharumkan', 'nama', 'bangsa', 'salam', 'olahraga']",Positif
"['para', 'pemain', 'hari', 'ini', 'sudah', 'all', 'out', 'menang', 'kalah', 'bangga', 'masih', 'ada', 'pertandingan', 'untuk', 'timnas', 'kita', 'jepang', 'cica', 'sananta']",Positif
"['sepak', 'bola', 'kita', 'keren', 'kan']",Positif
"['kevin', 'diks', 'pemain', 'yang', 'bisa', 'bawa', 'tim', 'naik', 'semangat', 'pokoknya', 'mari', 'kita', 'fokus', 'pertandingan', 'lawan', 'bahrain', 'cina', 'jepang', 'mees', 'sananta', 'pssi', 'kontol', 'cica', 'kalah']",Positif
"['banyak', 'pelajaran', 'yang', 'bisa', 'kita', 'ambil', 'dari', 'kota', 'ini', 'tetap', 'semangat', 'terus', 'garudaku', 'ig']",Positif
"['kangen', 'trio', 'ridho', 'jay', 'hubner', 'paten', 'kokoh', 'solid']",Positif
"['mengganti', 'sty', 'dengan', 'jajaran', 'pelatih', 'belanda', 'agar', 'selaras', 'dengan', 'skuad', 'timnas', 'saat', 'ini', 'sekilas', 'mungkin', 'merupakan', 'ide', 'yang', 'bagus', 'dari', 'pssi']",Positif
"['sabar', 'sabar', 'masih', 'ada', 'lawan', 'china', 'sama', 'bahrain', 'sabar', 'baru', 'match', 'pertama', 'sabar', 'masih', 'adaptasi']",Positif
"['ini', 'adalah', 'tim', 'kepelatihan', 'terbaik', 'yang', 'kita', 'miliki']",Positif
"['masih', 'bisa', 'lah', 'asal', 'kagak', 'kayak', 'tadi', 'saja', 'line', 'up', 'kacau', 'taktik', 'amburadul']",Positif
"['meski', 'bukan', 'hasil', 'yang', 'diharapkan', 'tapi', 'apapun', 'itu', 'dan', 'terus', 'berdoa', 'semoga', 'indonesia', 'lolos', 'piala', 'dunia', 'tegakkan', 'kepala', 'dan', 'terus', 'semangat', 'buat', 'para', 'pemain', 'dan', 'staf', 'timnas']",Positif
"['sudah', 'menerima', 'kedatangan', 'pelatih', 'baru', 'berharap', 'hasilnya', 'lebih', 'baik', 'atau', 'sama', 'tapi', 'yasudahlah', 'goodluck', 'next', 'match']",Positif
"['terima', 'kasih', 'sudah', 'berjuang', 'jay', 'dan', 'kawan', 'kawan']",Positif
"['wow', 'ngeri', 'banget', 'total', 'football', 'pelatih', 'sebelum', 'sebelumnya', 'mana', 'bisa']",Positif
"['walau', 'kalah', 'gue', 'tetap', 'dukung', 'indonesia', 'luhur', 'cinta', 'tanah', 'airku', 'sds', 'swara', 'dari', 'selatan', 'album', 'idola', 'gue', 'lewat']",Positif
"['tetap', 'dukung', 'timnas', 'kalah', 'bukan', 'berarti', 'menang']",Positif
"['mari', 'move', 'on', 'next', 'match', 'jay', 'idzes', 'harus', 'diikutsertakan', 'dalam', 'pemilihan', 'pemain', 'pakai', 'belum', 'kenal', 'pemain', 'kita', 'duet', 'jayridho', 'ivarthom', 'adalah', 'salah', 'satu', 'yang', 'tidak', 'bisa', 'dipisahkan', 'itu', 'juga', 'membantu', 'pas', 'menang', 'lawan', 'arab', 'kemarin']",Positif
"['salah', 'satu', 'aspek', 'positif', 'dari', 'pertandingan', 'tadi', 'adalah', 'ole', 'romeny', 'semoga', 'ke', 'depannya', 'dia', 'bisa', 'dijadikan', 'pusat', 'permainan']",Positif
"['bismillah', 'focus', 'for', 'the', 'next', 'match', 'masih', 'ada', 'harapan', 'menang', 'kali', 'amin', 'keep', 'your', 'head', 'up']",Positif
"['gue', 'tetap', 'bangga', 'kalian', 'cuma', 'kurang', 'beruntung', 'kalau', 'soal', 'permainan', 'australia', 'sudah', 'babak', 'belur']",Positif
"['jangan', 'bersedih', 'timnas', 'indonesia', 'masih', 'berpeluang', 'lolos', 'ke', 'putaran', 'kualifikasi', 'piala', 'dunia']",Positif
"['sabar', 'guys', 'masih', 'ada', 'games', 'lagi', 'plus', 'kualifikasi', 'play', 'off', 'yakin', 'lolos', 'kagak']",Positif
"['stop', 'bully', 'pemain', 'kita', 'harus', 'sedikit', 'kritik', 'pelatih', 'karena', 'posisi', 'pemain', 'suruhan', 'pelatih', 'next', 'pelatih', 'harus', 'mengerti', 'sama', 'keadaan', 'pemain', 'dia', 'clopnya', 'sama', 'siapa', 'dan', 'posisinya', 'dimana']",Positif
"['tetap', 'semangat', 'timnas', 'indonesia', 'follow']",Positif
"['tolong', 'banget', 'ya', 'pssi', 'pelatih', 'dan', 'staff', 'kepelatihan', 'timnas', 'tolong', 'banget', 'pertahanan', 'kita', 'tuh', 'harus', 'kuat']",Positif
"['gue', 'malas', 'menghujat', 'pemain', 'tidak', 'salah', 'juga', 'sih', 'mereka', 'kalian', 'juga', 'pasti', 'tahulah', 'yang', 'harus', 'dihujat', 'itu', 'siapa', 'jadi', 'tidak', 'usah', 'menghujat', 'pemainnya']",Positif
"['sumpah', 'masih', 'kagum', 'sama', 'ole', 'romeny', 'keren', 'banget', 'kamu', 'memang', 'ole', 'ada', 'yang', 'nge', 'tweet', 'gue', 'yakin', 'ole', 'nyetak', 'gol', 'dan', 'leterally', 'gol', 'dong', 'dan', 'itu', 'dari', 'ole', 'next', 'wishlist', 'beli', 'jersey', 'ini']",Positif
"['semoga', 'pas', 'lawan', 'bahrain', 'ada', 'kombinasi', 'ridhoidzes', 'di', 'belakang', 'hayeivan', 'di', 'lini', 'tengah', 'amp', 'ragnarromeny', 'di', 'lini', 'depan', 'lupakan', 'kekalahan', 'lawan', 'australia', 'wajib', 'dapat', 'poin', 'pas', 'lawan', 'bahrain', 'maju', 'terus', 'indonesia']",Positif
"['masih', 'ada', 'kesempatan', 'lolos', 'piala', 'dunia', 'dengan', 'syarat', 'bisa', 'mengalahkan', 'bahrain', 'sama', 'china', 'di', 'kandang', 'yokbisa', 'yuk']",Positif
"['jangan', 'pemain', 'yang', 'dihujat', 'ya', 'sob', 'kalian', 'tau', 'kan', 'siapa', 'yang', 'mestinya', 'dihujat']",Positif
"['uburubur', 'ikan', 'lele', 'sekarang', 'kasih', 'semangat', 'buat', 'timnas', 'indonesia', 'lawan', 'bahrain', 'saja', 'boleh']",Positif
"['pemain', 'tidak', 'ada', 'yang', 'salah', 'mereka', 'sudah', 'berjuang', 'gue', 'rispek']",Positif
"['terimakasih', 'sudah', 'berjuang', 'untuk', 'hari', 'ini', 'kedepan', 'tidak', 'boleh', 'kalah', 'lagi', 'kami', 'selalu', 'setia', 'mendukung', 'timnas', 'sepak', 'bola', 'indonesiaseperti', 'ya', 'belum', 'bisa', 'lolos', 'langsung', 'dan', 'harus', 'melalui', 'skenario', 'ke', 'untuk', 'lolos', 'wc', 'bismillah', 'optimis']",Positif
"['tenang', 'guys', 'lawan', 'bahrain', 'pasti', 'menang']",Positif
"['bahrain', 'bisa', 'lebih', 'baik', 'lagi', 'dan', 'we', 'can', 'win', 'the', 'game', 'semangat', 'timnas', 'garuda']",Positif
"['jangan', 'terlalu', 'berlarut', 'bangkit', 'yuk', 'masih', 'ada', 'beberapa', 'match', 'lagi', 'please', 'jangan', 'pada', 'hujat', 'pemainnya', 'guys', 'keep', 'support']",Positif
"['intinya', 'harapan', 'lolos', 'pildun', 'masih', 'ada', 'sekarang', 'finish', 'rank', 'yang', 'paling', 'realiatis', 'kalau', 'bisa', 'sapu', 'bersih', 'round', 'juga', 'lolos', 'pildun']",Positif
"['ole', 'hari', 'ini', 'mainnya', 'gacorrr', 'pekerja', 'keras', 'totalitas', 'sayang', 'rekannya', 'kurang', 'gacor', 'first', 'impression', 'ya', 'keren']",Positif
"['sebenarnya', 'permainan', 'sudah', 'bagus', 'ball', 'posession', 'yang', 'diharapin', 'juga', 'tercapai', 'cuma', 'belum', 'takdir', 'saja', 'buat', 'menang', 'selalu', 'berdoa', 'next', 'game', 'kita', 'menang', 'terus']",Positif
"['yang', 'kecewa', 'silakan', 'menepi', 'yang', 'setia', 'tetap', 'dukung', 'king', 'indonesia']",Positif
"['ole', 'terima kasih', 'ya']",Positif
"['katanya', 'ini', 'tim', 'kepelatihan', 'terbaik', 'yang', 'pernah', 'dimiliki']",Positif
"['nanti', 'lawan', 'bahrain', 'cina', 'jepang', 'kita', 'harus', 'bangkit', 'semangat', 'garuda']",Positif
"['sangat', 'menikmati', 'timnas', 'vs', 'aust', 'di', 'bawah', 'asuhan', 'terkhusus', 'di', 'babak', 'ke', 'timnas', 'lebih', 'berani', 'berbanding', 'tbalik', 'saat', 'di', 'asuh', 'sty', 'melawan', 'australia', 'gbk', 'permainan', 'membosankan', 'makan', 'ini', 'dewi', 'fortuna', 'belum', 'berpihak', 'pada', 'patrick']",Positif
"['staf', 'pelatih', 'hebat', 'timnas', 'belanda']",Positif
"['salah', 'satu', 'motm', 'ya', 'timnas', 'ku', 'sampai', 'nge', 'freeze', 'lihat', 'beliau', 'pas', 'masuk', 'lapangan', 'keren', 'banget']",Positif
"['menyala', 'kapten', 'kuuu']",Positif
"['sumpah', 'mereka', 'punya', 'peran', 'semua', 'sih', 'kemarin', 'keren']",Positif
"['the', 'only', 'patrick', 'yang', 'tangguh', 'untuk', 'timnas', 'indonesia']",Positif
"['real', 'coach', 'baru', 'ini']",Positif
"['jagoan', 'gua', 'nih', 'timnas', 'indonesia']",Positif
"['semenjak', 'timnas', 'indonesia', 'menang', 'lawan', 'bahrain', 'mood', 'gue', 'auto', 'begini']",Positif
"['tidak', 'normal', 'ini', 'permainan', 'calvin', 'verdonk', 'bagus', 'mulu', 'perfomancenya', 'dari', 'day']",Positif
"['kelas', 'memang', 'match', 'kemarin']",Positif
"['tunjukkan', 'martabatmu']",Positif
"['lain', 'kali', 'lebih', 'tenang', 'dan', 'klinis', 'di', 'depan', 'gawang', 'ya', 'bro', 'coba', 'tanya', 'kakakmu']",Positif
"['calvin', 'verdonk', 'el', 'konsisten', 'dia', 'mengingatkan', 'gue', 'sama', 'pesepakbola', 'di', 'era', 'sebelum', 'munculnya', 'instagram', 'latihan', 'main', 'bola', 'pulang', 'tipe', 'pemain', 'yang', 'lifestylenya', 'simpel', 'duels', 'won', 'tackles', 'clearances']",Positif
"['gua', 'jatuh', 'cinta', 'banget', 'sudah', 'sumpah', 'sama', 'ridho']",Positif
"['good', 'luck', 'abang', 'sandyyy', 'jangan', 'lupa', 'katakata', 'hari', 'ini']",Positif
"['mudik', 'dengan', 'gembira', 'yeyyytrimakasih']",Positif
"['umpan', 'yang', 'bagus', 'dari', 'kakak', 'ricky', 'buat', 'dek', 'eliano', 'lain', 'kali', 'lebih', 'tenang', 'ya', 'dek']",Positif
"['kemarin', 'ada', 'yang', 'banggakan', 'penguasaan', 'bola', 'walaupun', 'kalah', 'dibantai']",Positif
"['kakak', 'ricky', 'keren', 'banget', 'mainnya', 'semalam']",Positif
"['terbaik', 'memang']",Positif
"['kelas', 'itu', 'riski', 'ridho', 'sumpah', 'tiap', 'dia', 'main', 'di', 'timnas', 'selalu', 'main', 'bagus']",Positif
"['lets', 'go', 'coach', 'patrick', 'alex', 'pastoor', 'and', 'landzaat', 'kepada', 'kalian', 'mimpi', 'indonesia', 'kami', 'gantungkan']",Positif
"['semoga', 'bisa', 'masuk', 'piala', 'dunia']",Positif
"['apresiasi', 'buat', 'talenta', 'lokal', 'dari', 'timur', 'semoga', 'selalu', 'konsisten', 'dan', 'dapat', 'banyak', 'menit', 'bermain']",Positif
"['tidak', 'usah', 'sok', 'ngide', 'lagi', 'ya', 'squadnya', 'sudah', 'pakem', 'banget', 'yang', 'match', 'kemarin', 'sudah']",Positif
"['kambuaya', 'juga', 'keren', 'banget', 'min']",Positif
"['moment', 'paling', 'keren', 'verdonk', 'waktu', 'menang', 'sprint', 'halau', 'serangan', 'balik', 'pemain', 'bahrain', 'keren', 'benar', 'memang', 'el', 'konsisten', 'lopy']",Positif
"['request', 'buat', 'para', 'coach', 'line', 'up', 'kemarin', 'jangan', 'diubah', 'lagi', 'chemistry', 'ya', 'sudah', 'dapat', 'banget', 'kemarin']",Positif
"['kau', 'keren', 'banget', 'abang', 'selamat', 'atas', 'kemenangannya']",Positif
"['luar', 'biasa', 'abangkuh', 'next', 'cetak', 'gol', 'ya', 'abang']",Positif
"['terima', 'kasih', 'atas', 'segala', 'perjuangannya', 'ya', 'semangat', 'terus', 'kalian', 'dan', 'semoga', 'sehat', 'selalu']",Positif
"['cengg', 'next', 'match', 'cetak', 'gol', 'ya']",Positif
"['terima', 'kasih', 'banyak', 'ya', 'abang', 'sih', 'you']",Positif
"['curi', 'poin', 'lebih', 'dari', 'cukup']",Positif
"['contoh', 'lain', 'marc', 'kalau', 'dan', 'ricky', 'kambuaya', 'dua', 'pemain', 'yang', 'bersinar', 'di', 'timnas', 'di', 'masa', 'yang', 'sama', 'tapi', 'ketika', 'kalau', 'sudah', 'tersingkir', 'kakak', 'ricky', 'tetap', 'dipanggil', 'why', 'karena', 'perbedaan', 'attitude', 'keduanya']",Positif
"['contoh', 'paling', 'nyata', 'rizki', 'ridho', 'saya', 'masih', 'ingat', 'setahun', 'yang', 'lalu', 'ketika', 'banyak', 'naturalisasi', 'di', 'posisi', 'bek', 'dia', 'bisa', 'saja', 'perlahan', 'tersingkirkan', 'kenyataannya', 'dia', 'tetap', 'pilihan', 'favorit', 'baik', 'di', 'era', 'sty', 'dan', 'pakai']",Positif
"['pemain', 'diaspora', 'datang', 'membawa', 'kebiasaan', 'profesional', 'dan', 'mentalitas', 'yang', 'bagus', 'karena', 'lingkungan', 'sepakbola', 'di', 'sana', 'yang', 'mendukung', 'tidak', 'asalan', 'mau', 'bersaing', 'dan', 'siap', 'dengan', 'segala', 'konsekuensi']",Positif
"['dulu', 'ketika', 'pot', 'pemain', 'indonesia', 'sepenuhnya', 'berisi', 'pemain', 'liga', 'lokal', 'persaingan', 'tidak', 'seketat', 'sekarang', 'pemain', 'yang', 'walaupun', 'mungkin', 'bermain', 'apik', 'tapi', 'attitude', 'buruk', 'akan', 'tetap', 'merasa', 'di', 'posisi', 'nyaman', 'toh', 'tetap', 'dipanggil', 'di', 'timnas']",Positif
"['pendapat', 'saya', 'ini', 'mungkin', 'klise', 'karena', 'sudah', 'banyak', 'yang', 'berpendapat', 'sama', 'tapi', 'keberadaan', 'pemain', 'diaspora', 'ini', 'membantu', 'bukan', 'hanya', 'dari', 'hasil', 'tapi', 'standar', 'pemain', 'liga', 'lokal', 'harusnya']",Positif
"['naturalisasi', 'meningkatkan', 'taraf', 'dan', 'standar', 'pemain', 'liga', 'lokal', 'utas']",Positif
"['wkwkwwkwk', 'king', 'indonesia', 'menang', 'itu', 'lawan', 'bahrain', 'bakalan', 'lolos', 'piala', 'dunia']",Positif
"['walaupun', 'main', 'bentar', 'tapi', 'assistnya', 'itu', 'world', 'class', 'sayang', 'jadi', 'gol']",Positif
"['selanjut', 'ya', 'kami', 'pecinta', 'timnas', 'ingin', 'melihat', 'mu', 'mencetak', 'gool']",Positif
"['best', 'permainan', 'indah', 'ngubah', 'permainan', 'banget']",Positif
"['tidak', 'usah', 'khawatir', 'sudah', 'pasti', 'point', 'diperoleh', 'di', 'bawah', 'racikan', 'pakai', 'tidak', 'bermaksud', 'meremahkan', 'ini', 'karena', 'pakai', 'akan', 'punya', 'jauh', 'lebih', 'banyak', 'waktu', 'untuk', 'latihan', 'dan', 'atur', 'strategi', 'plus', 'kohesi', 'tim', 'juga', 'melonjak']",Positif
"['statistik', 'tidak', 'penting', 'yang', 'jelas', 'hasil', 'menang', 'itu', 'trpenting']",Positif
"['suka', 'banget', 'dengan', 'permainan', 'kemarin', 'sangat', 'rapi', 'dan', 'tidak', 'ada', 'human', 'error', 'dalam', 'setengah', 'lapangan', 'di', 'wilayah', 'kita', 'thank', 'you', 'boys', 'keep', 'up', 'the', 'good', 'work']",Positif
"['tolong', 'kasih', 'tau', 'pak', 'kluivert', 'min', 'saat', 'ini', 'jangan', 'ubah', 'susunan', 'pemain', 'dulu', 'sudah', 'pakem', 'ini']",Positif
"['setuju', 'dia', 'kalau', 'di', 'lapangan', 'tau', 'harus', 'bagaimana', 'bertindak', 'satset', 'tenang', 'tapi', 'stamina', 'dan', 'tak', 'tik', 'dia', 'main', 'selalu', 'gongg', 'cocok', 'buat', 'posisi', 'penyerang', 'juga', 'mantap', 'idola', 'gue']",Positif
"['starting', 'terbaik', 'untuk', 'sekarang']",Positif
"['terima kasih', 'banyak', 'untuk', 'kalian', 'semoga', 'kalian', 'semakin', 'cinta', 'negeri', 'ini']",Positif
"['tolong', 'pakai', 'starting', 'line', 'ini', 'lagi', 'buat', 'next', 'match']",Positif
"['next', 'match', 'bantai', 'negara', 'pembuat', 'barang', 'kau', 'ya', 'garuda', 'kuuu']",Positif
"['next', 'bisa', 'jadi', 'starter', 'juga', 'bung', 'ricky', 'nih']",Positif
"['line', 'up', 'yang', 'berhasil']",Positif
"['bangga', 'pada', 'kapten', 'kita', 'rizky', 'ridho', 'rizky', 'ridho', 'benarbenar', 'memberikan', 'segalanya', 'di', 'kualifikasi', 'piala', 'dunia', 'zona', 'asia', 'dengan', 'semangat', 'juang', 'untuk', 'merah', 'putih', 'ia', 'menjadi', 'sosok', 'inspiratif', 'buat', 'kita', 'semua']",Positif
"['semangat', 'eliano', 'jangan', 'lupa', 'belajar', 'finishing', 'dengan', 'kak', 'tijjani', 'oke']",Positif
"['semangaaat', 'terus', 'eli', 'you', 'must', 'score', 'ini', 'june', 'bro']",Positif
"['belajar', 'finishing', 'eli', 'takutnya', 'next', 'match', 'digantiin', 'fery', 'pahabol']",Positif
"['diam', 'dan', 'bermainlah', 'definisi', 'buaya', 'sesungguhnya']",Positif
"['sekalinya', 'main', 'langsung', 'memukau']",Positif
"['mode', 'ultimate', 'kambuaya', 'itu']",Positif
"['gacor', 'banget', 'kakak', 'ricky', 'nih']",Positif
"['diam', 'di', 'bangku', 'cadangan', 'bergerak', 'umpan', 'trivela']",Positif
"['wajib', 'main', 'di', 'awal', 'menit', 'pas', 'lawan', 'china']",Positif
"['tipikal', 'pemain', 'yang', 'mau', 'berjuang']",Positif
"['beratttapi', 'masih', 'bisa', 'sangat', 'bisa']",Positif
"['apresiasi', 'untuk', 'para', 'pelatih', 'dan', 'stafnya', 'merekalah', 'sosok', 'di', 'balik', 'layar', 'yang', 'membangkitkan', 'kembali', 'optimisme', 'seluruh', 'indonesia']",Positif
"['berekspektasi', 'boleh', 'saja', 'tapi', 'jangan', 'tinggi', 'kenapa', 'tau', 'sendiri', 'kan', 'habit', 'suporter', 'kita', 'yang', 'penting', 'pas', 'lawan', 'china', 'kita', 'wajib', 'menang', 'hukumnya', 'wajib', 'setidaknya', 'posisi', 'no', 'untuk', 'ke', 'playoff', 'masih', 'ada']",Positif
"['sementara', 'pola', 'bek', 'masih', 'terbaik', 'buat']",Positif
"['mantap', 'kasih', 'mereka', 'beasiswa', 'kuliah']",Positif
"['alhamdulillahakhirnya', 'poin', 'menambah', 'vibe', 'lebaran', 'nih', 'thankyou', 'all', 'players', 'pastoor']",Positif
"['satu', 'kepingan', 'ditemukan', 'lagi', 'good', 'job', 'jo']",Positif
"['sudah', 'entar', 'lawan', 'china', 'dibikin', 'serangan', 'begini', 'saja', 'ye', 'min']",Positif
"['kita', 'melupakan', 'segala', 'permasalahan', 'dinegeri', 'ini', 'terimakasih', 'untuk', 'kalia', 'yang', 'sudah', 'berjuang', 'sepenuh', 'hati']",Positif
"['ditunggu', 'umpanumpan', 'cantik', 'berbuah', 'gol', 'lainnya', 'ya', 'ole', 'dan', 'marceng']",Positif
"['sosok', 'yang', 'sangat', 'penting', 'menurut', 'admin', 'dalam', 'pertandingan', 'tadi', 'malam', 'joey', 'pelupessy', 'duetnya', 'dengan', 'thom', 'haye', 'dilini', 'tengah', 'membuat', 'lini', 'tengah', 'sangat', 'balance', 'dari', 'transisi', 'menyerang', 'ke', 'bertahan', 'atau', 'sebaliknya']",Positif
"['justin', 'hubner', 'preman', 'kesayangan', 'masyarakat']",Positif
"['bagaimana', 'paes', 'tidak', 'merasa', 'lebih', 'aman', 'kalau', 'trio', 'coba', 'ini', 'main', 'cara', 'mereka', 'pindah', 'dari', 'mode', 'menyerang', 'ke', 'bertahan', 'serapi', 'ini', 'bahrain', 'menyerang', 'dari', 'sayap', 'kanan', 'mereka', 'langsung', 'on', 'position', 'ridho', 'ngejar', 'jay', 'intercept', 'kalau', 'jay', 'gagal', 'justin', 'sudah', 'standby']",Positif
"['untuk', 'urusan', 'sepak', 'bola', 'indonesia', 'saat', 'ini', 'sedang', 'bersuka', 'cita', 'berkat', 'kemenangan', 'atas', 'bahrain', 'semalam']",Positif
"['selamat', 'untuk', 'atas', 'kemenangan', 'melawan', 'bahrain', 'semangat', 'juang', 'dan', 'kerja', 'keras', 'kalian', 'menginspirasi', 'seluruh', 'negeri', 'terus', 'melaju', 'terus', 'berprestasi', 'sumber', 'foto', 'kevin', 'pramudya', 'utama']",Positif
"['akhirnya', 'terjawab', 'alex', 'tapi', 'kluivert', 'manut', 'aku', 'saja', 'cuk', 'ujarnya', 'singkat', 'padat', 'jelas', 'hasilnya', 'pertahanan', 'kuat', 'bisa', 'tiga', 'poin']",Positif
"['trivela', 'yang', 'sangat', 'indah', 'diciptakan', 'oleh', 'kambuaya', 'pada', 'pertandingan', 'kontra', 'bahrain', 'malam', 'tadi', 'bergabung', 'dari', 'bangku', 'cadangan', 'dirinya', 'langsung', 'menunjukan', 'permainan', 'kualitas', 'dunia', 'his', 'name', 'is', 'kambuaya']",Positif
"['rabu', 'pagi', 'ceria', 'yang', 'cerah', 'karena', 'menang']",Positif
"['kami', 'juga', 'bangga', 'bro']",Positif
"['kalian', 'super', 'keren']",Positif
"['ini', 'bukan', 'tentang', 'saya', 'ini', 'tentang', 'tim', 'meski', 'mendapat', 'sanjungan', 'tinggi', 'atas', 'penampilan', 'apiknya', 'semalam', 'joey', 'pelupessy', 'tetap', 'rendah', 'hati']",Positif
"['alhamdulillah', 'hadiah', 'lebaran', 'yang', 'indah', 'kemenangan', 'atas', 'bahrain', 'di', 'gbk', 'terima', 'kasih', 'garuda']",Positif
"['terbang', 'terus', 'garudaku', 'selamat', 'timnas']",Positif
"['sangat', 'percaya diri', 'pts', 'krusial', 'menanti', 'lawan', 'china', 'di', 'gbk', 'wajib', 'menang']",Positif
"['iya', 'alhamdulillah', 'bisa', 'bantuin', 'bahrain', 'mudik', 'selamat', 'berlebaran', 'dengan', 'bahagia', 'untuk', 'seluruh', 'masyarakat', 'indonesia']",Positif
"['langsung', 'ngonten', 'kemenangan', 'melawan', 'bahrain', 'malam', 'tadi', 'membuktikan', 'kita', 'berhasil', 'bangkit', 'setelah', 'kalah', 'melawan', 'australia', 'sebelumnya', 'kita', 'berhasil', 'bangkit', 'dengan', 'meraih', 'kemenangan', 'atas', 'arab', 'saudi', 'usai', 'kalah', 'dari', 'jepang']",Positif
"['masih', 'ada', 'waktu', 'mengasah', 'finishing', 'biar', 'makin', 'gacor']",Positif
"['bangga', 'walo', 'terkapar', 'di', 'rs', 'tapi', 'jadi', 'happy', 'karena', 'timnas', 'bisa', 'secured', 'points', 'main', 'ya', 'super', 'keren', 'menang', 'dari', 'bahrain']",Positif
"['luar', 'biasa', 'rizki', 'ridho', 'salut', 'keren', 'respect']",Positif
"['terima', 'kasih', 'atas', 'perjuangan', 'tanpa', 'lelah', 'laga', 'selanjutnya', 'kita', 'optimis', 'juga', 'raih', 'poin', 'bagaimana', 'menurut', 'sobi', 'ok', 'pertandingan', 'tadi', 'malam']",Positif
"['dukun', 'top', 'indonesia', 'harus', 'dikerahkan', 'agar', 'menang', 'lawan', 'china', 'dan', 'jepang']",Positif
"['yang', 'mana', 'saja', 'bersyukur', 'indonesia', 'menang', 'bersyukur', 'kalau', 'dapat', 'gaga', 'beruntung', 'mulu', 'kalau', 'untuk', 'tidak']",Positif
"['sediakan', 'panggung', 'buat', 'king', 'indonesia', 'di', 'piala', 'dunia']",Positif
"['tidak', 'banyak', 'maunya', 'tapi', 'doa', 'yang', 'terbaik', 'buat', 'timnas', 'kita']",Positif
"['apapun', 'hasilnya', 'timnas', 'di', 'era', 'sekarang', 'adalah', 'yang', 'terbaik']",Positif
"['patrick', 'dan', 'jajarannya', 'harus', 'mengavaluasi', 'terus', 'setelah', 'pertandingan']",Positif
"['jika', 'kita', 'lolos', 'piala', 'dunia', 'alangkah', 'eforia', 'indonesia', 'sangat', 'rame']",Positif
"['harapan', 'kami', 'semua', 'timnas', 'lolos', 'ditangan', 'patrick', 'kluivert']",Positif
"['harus', 'mengakui', 'bahwa', 'timnas', 'kita', 'sekarang', 'sudah', 'sangat', 'meningkat', 'pesat']",Positif
"['terharu', 'bangga', 'emosional', 'melihat', 'dan', 'menyaksikan', 'langsung', 'pertandingan', 'timnas']",Positif
"['sudah', 'tidak', 'ada', 'waktu', 'buat', 'mengatai', 'para', 'staf', 'yang', 'harus', 'kita', 'lakukan', 'adalah', 'mendukung', 'secara', 'penuh', 'agar', 'masuk', 'ke', 'piala', 'dunia']",Positif
"['timnas', 'yang', 'selalu', 'meningkat', 'secara', 'permainan', 'tinggal', 'di', 'poles', 'sedikit', 'lagi', 'nih']",Positif
"['ayo', 'tunjukkan', 'bahwa', 'garuda', 'bisa', 'terbang', 'di', 'kanca', 'dunia']",Positif
"['tidak', 'ada', 'kesamaan', 'pelatih', 'lama', 'dan', 'pelatih', 'baru', 'semuanya', 'timnas', 'indonesia', 'kita', 'harus', 'dukung']",Positif
"['hal', 'yang', 'sangat', 'patut', 'untuk', 'dibanggakan', 'di', 'indonesia', 'cuman', 'sepak', 'bola', 'ya']",Positif
"['ayo', 'hargai', 'hasil', 'timnas', 'baik', 'pemain', 'maupun', 'pelatih']",Positif
"['ayo', 'pemain', 'kita', 'sudah', 'banyak', 'yang', 'jam', 'terbang', 'ya', 'tidak', 'kalengkaleng']",Positif
"['semangat', 'terus', 'timnas', 'ku', 'doa', 'yang', 'terbaik', 'buat', 'kita', 'semua']",Positif
"['lets', 'go', 'timnas', 'semua', 'orang', 'berharap', 'kepadamu']",Positif
"['cie', 'bentar', 'lagi', 'tidak', 'dukung', 'negara', 'lain', 'tetapi', 'dukung', 'negara', 'sendiri']",Positif
"['bangkit', 'dari', 'keterpurukan', 'abang']",Positif
"['out', 'tidak', 'lo']",Negatif
"['team', 'bagus', 'diacak', 'ya', 'begini']",Negatif
"['ide', 'siapa', 'ganti', 'pelatih', 'mengaku', 'gaaa']",Negatif
"['wkwk', 'tidak', 'minat', 'menonton', 'bola', 'semenjak', 'ganti', 'coach', 'dan', 'lihat', 'sendiri', 'kan', 'orang', 'sini', 'itu', 'tidak', 'bisa', 'maju', 'karena', 'sudah', 'disetting', 'dari', 'atas', 'biar', 'kita', 'begini', 'begini', 'saja', 'wkwk', 'mamam', 'tuh', 'taktik', 'taktik', 'an', 'kopyor']",Negatif
"['dan', 'bertanggung', 'jawab', 'penuh', 'atas', 'kekalahan', 'ini']",Negatif
"['terimakasih', 'pak', 'dengan', 'bapuknya', 'timnas', 'kita', 'sekarang', 'terus', 'minimkan', 'prestasi', 'maksimalkan', 'korupsi']",Negatif
"['kena', 'tulah', 'mecat', 'pelatih', 'seenaknyasampai', 'menit', 'tadi', 'sudah', 'dilindes', 'wkwkwk', 'mamam']",Negatif
"['sudah', 'ah', 'bubar', 'saja', 'tidak', 'ada', 'harapan', 'yang', 'iming', 'masih', 'punya', 'harapan', 'hanya', 'buzzer', 'patrick', 'sudah', 'dibilang', 'kita', 'butuh', 'bukti', 'dan', 'aksi', 'dilapangan', 'tidak', 'hanya', 'janji', 'manis', 'dari', 'patrick', 'star', 'indonesia', 'is', 'done']",Negatif
"['mental', 'fan', 'saja', 'down', 'apalagi', 'mental', 'pemain', 'ingat', 'proses', 'bukan', 'budaya', 'kita', 'omom', 'budaya', 'kita', 'adalah', 'hasil', 'iya', 'hasil', 'wo', 'saja', 'dapat']",Negatif
"['ini', 'mah', 'sama', 'saja', 'kayak', 'sty', 'cokkk', 'bubar', 'saja', 'ini', 'negara', 'pemerintah', 'bobrok', 'sepakbola', 'hancur', 'bulu', 'tangkis', 'hancur', 'korupsi', 'dimana', 'dll', 'tidak', 'ada', 'yang', 'bisa', 'di', 'banggakan', 'indon', 'ini']",Negatif
"['tertara', 'banget', 'di', 'logonya', 'kemarin']",Negatif
"['bagus', 'senang', 'dengernya', 'sekarang', 'jadi', 'fokus', 'mereka', 'hanya', 'satu', 'an', 'allout', 'di', 'orang', 'die', 'mentality', 'and', 'diehard', 'passion', 'for', 'indonesia', 'against', 'bahrain', 'ini', 'gbk']",Negatif
"['out', 'lo', 'tuh', 'anjing']",Negatif
"['balik', 'lagi', 'ke', 'belanda', 'sudah', 'kamu', 'pak', 'tua']",Negatif
"['erik', 'out', 'duluan', 'sebelum', 'pakai']",Negatif
"['kluivert', 'out', 'tidak', 'ada', 'alesan', 'lagi', 'pakai', 'kudu', 'out']",Negatif
"['yups', 'pikir', 'bikin', 'timnas', 'kayak', 'bikin', 'mie', 'instan', 'ngelola', 'hancur', 'sama', 'saja', 'kayak', 'ikut', 'ngelola', 'negara', 'hancur', 'juga']",Negatif
"['kalau', 'main', 'nih', 'begini', 'nas', 'timnas', 'lo', 'defend', 'cerdas', 'attack', 'jitu', 'jadinya', 'permainan', 'cantik', 'tapi', 'ngegolin']",Negatif
"['sudah', 'dikasih', 'informasinya', 'masih', 'saja', 'tanya', 'bocahhh', 'bocahhh', 'wkwk']",Negatif
"['sih', 'petrik', 'malah', 'diam', 'saja', 'sudah', 'tau', 'ketinggalan', 'jauh', 'minimal', 'aturr', 'strategi', 'baru']",Negatif
"['gegabah', 'sekali', 'menggantikan', 'sty', 'di', 'tengah', 'asa', 'indonesia', 'masuk', 'pildun', 'terbukti', 'keputusan', 'itu', 'gagal', 'pada', 'pertandingan', 'sore', 'ini']",Negatif
"['akun', 'judol', 'di', 'gawe', 'akun', 'timnas', 'ya', 'ini', 'gambaranya']",Negatif
"['kalau', 'kalah', 'begini', 'tidak', 'perlu', 'bulek', 'rik']",Negatif
"['ternyata', 'patrick', 'star', 'sama', 'patrick', 'kluivert', 'sama', 'tolol']",Negatif
"['prediksi', 'gue', 'kayak', 'ya', 'lini', 'belakang', 'bobrok', 'pssi', 'pecat', 'sty', 'berharap', 'bisa', 'lebih', 'baik', 'marah', 'hancur', 'sty', 'di', 'korea', 'pasti', 'geleng', 'kepala']",Negatif
"['coach', 'diganti', 'salah', 'alasan', 'karena', 'timnya', 'kalah', 'atau', 'sering', 'kalah', 'tapi', 'anda', 'mengganti', 'coach', 'timnas', 'supaya', 'kalah', 'kalau', 'negara', 'takut', 'sama', 'mafia', 'judi', 'bubarkan', 'saja']",Negatif
"['lupa', 'kalau', 'dulu', 'era', 'sty', 'juga', 'dibantai', 'iraq', 'dengan', 'skor', 'yang', 'sama', 'lupa', 'waktu', 'itu', 'mark', 'kalau', 'juga', 'masuk', 'starter', 'eh', 'malah', 'blunder', 'gol', 'iraq', 'dari', 'kesalahan', 'mark', 'kalau']",Negatif
"['pertandingan', 'hari', 'ini', 'sudah', 'jelas', 'tidak usah', 'ngelak', 'lagi']",Negatif
"['entah', 'bagaimana', 'nasibmu', 'nanti', 'saat', 'melawan', 'bahrain', 'dan', 'china']",Negatif
"['mak', 'ampun', 'kali', 'sama', 'skor', 'ya']",Negatif
"['tohir', 'kamu', 'tanggung', 'jawab', 'sudah', 'bawa', 'nih', 'klui', 'kluian', 'kamu', 'mundur', 'saja', 'sebelum', 'mundur', 'bawa', 'balik', 'sty']",Negatif
"['mampus', 'et', 'kena', 'karma', 'mampusss']",Negatif
"['tumben', 'tidak', 'posting', 'muka', 'sedih', 'pak', 'menteri', 'bumn']",Negatif
"['mending', 'war', 'takjil', 'anjing', 'dari', 'pada', 'menonton', 'timnas']",Negatif
['kocak'],Negatif
"['untuk', 'pertahanan', 'masih', 'jago', 'sty', 'sorry', 'tapi', 'sayang']",Negatif
"['awowkwowkwok', 'digoreng', 'brand', 'cik']",Negatif
"['patrick', 'kluivert', 'tidak', 'punya', 'strategi', 'untuk', 'menyerang', 'dan', 'bertahan', 'akibatnya', 'timnas', 'garuda', 'kalah', 'jika', 'kalah', 'telak', 'erick', 'thohir', 'benar', 'blunder', 'pilih', 'pelatih']",Negatif
"['menang', 'possession', 'bisa', 'menyerang', 'bukan', 'berarti', 'menguasai', 'pertandingan', 'sepakbola', 'gacuman', 'main', 'bagus', 'pemerintah', 'tolol']",Negatif
"['pas', 'punya', 'striker', 'pelatihnya', 'kayak', 'kontol']",Negatif
"['dipikir', 'pakai', 'logika', 'kamu', 'saja', 'ganti', 'di', 'tengah', 'jalan', 'saat', 'kualifikasi', 'menyisakan', 'laga', 'masuk', 'akal', 'tidak']",Negatif
"['oalah', 'tapi', 'ya', 'baguslah', 'langsung', 'grecep', 'diganti', 'setidaknya', 'ffi', 'sedikit', 'lebih', 'baik', 'dari', 'induknya', 'sih', 'pssi', 'karena', 'mereka', 'akhirnya', 'sadar', 'diri']",Negatif
"['betul', 'fatal', 'kali', 'keputusan', 'et', 'new', 'coach', 'surely', 'need', 'adaptation', 'sedangkan', 'kita', 'hanya', 'punya', 'sisa', 'match', 'sebelum', 'lawan', 'aussie', 'match', 'bukan', 'untuk', 'trial', 'setiap', 'laga', 'bagaikan', 'final']",Negatif
"['sudah', 'abang', 'di', 'akunnya', 'kalau', 'ini', 'akun', 'cuma', 'buat', 'federasi', 'tok']",Negatif
"['bukan', 'kalah', 'tapi', 'ambyaarrr']",Negatif
"['menyerang', 'menyerang', 'kebobolan', 'pssi', 'goblok']",Negatif
"['pemain', 'kelas', 'dunia', 'pelatih', 'kelas', 'dunia', 'malah', 'dipecat', 'dan', 'diganti', 'pelatih', 'tarkam', 'mau', 'kebobolan', 'total', 'berapa', 'lagi', 'nih', 'pelatih', 'miskin', 'taktik', 'tidak', 'bisa', 'defence']",Negatif
"['dasar', 'tidak', 'pintar', 'hewan', 'yang', 'menggonggong']",Negatif
"['pelatih', 'sudah', 'standar', 'dunia', 'malah', 'diganti', 'oleh', 'pelatih', 'tarkam', 'suka', 'judi', 'lagi', 'kocak']",Negatif
"['keputusan', 'blunder', 'dari', 'pssi', 'yang', 'terlalu', 'cepat', 'memutuskan', 'kontrak', 'dengan', 'sty', 'di', 'masa', 'seperti', 'ini']",Negatif
"['pemain', 'kelas', 'dunia', 'pelatih', 'kelas', 'dunia', 'malah', 'dipecat', 'dan', 'diganti', 'pelatih', 'tarkam']",Negatif
"['minggu', 'kelabu', 'untuk', 'seluruh', 'fan', 'pendukung', 'italia', 'dan']",Negatif
"['menambah', 'pemain', 'naturalisasi', 'malah', 'kena', 'bantai', 'wkwkwkwk', 'lucu']",Negatif
"['kluivert', 'masang', 'aussie', 'over', 'ngelatih', 'cuma', 'ngisi', 'waktu', 'luang', 'disela', 'masang', 'taruhan']",Negatif
"['gue', 'cuma', 'replay', 'momen', 'ole', 'romeny', 'ngegol', 'doang']",Negatif
"['melihat', 'ulang', 'malah', 'bikin', 'menambah', 'sakit', 'hati', 'lagi', 'min', 'astaghfirullah']",Negatif
"['kan', 'eric', 'tohir', 'yang', 'bikin', 'timnas', 'ini', 'back', 'tapi', 'lagi', 'pertandingan', 'sudah', 'mepet', 'eh', 'dia', 'ganti', 'pelatih']",Negatif
"['erick', 'erick', 'menghilangkan', 'momentum', 'chemistry', 'timnas', 'saja', 'kamu']",Negatif
"['minimal', 'bayar', 'hutang', 'dulu', 'sebelum', 'mau', 'masuk', 'piala', 'dunia']",Negatif
"['apakah', 'akan', 'lolos', 'ke', 'putaran', 'final', 'piala', 'dunia']",Negatif
"['tanggung', 'jawab', 'tidak', 'lo']",Negatif
"['baru', 'berasa', 'sedihnyaa', 'btw', 'kenapa', 'sih', 'harus', 'subcribe', 'dulu', 'buat', 'mengetik', 'panjang']",Negatif
"['memang', 'yakin', 'bisa', 'mengalahkan', 'bahrain', 'dan', 'china', 'itu', 'pertanyaan', 'pentingnya', 'melihat', 'permainan', 'lawan', 'australia', 'dimana', 'defender', 'letoy', 'dan', 'organisasi', 'serta', 'taktik', 'permainan', 'random', 'spesimistis', 'dengan', 'pelatih', 'baru', 'bisa', 'memperbaikinya', 'dalam', 'waktu', 'hari']",Negatif
"['kocak', 'ah']",Negatif
"['kapan', 'mau', 'mundur', 'dari', 'jabatan', 'ketua']",Negatif
"['kabari', 'kalau', 'sudah', 'last', 'day', 'at', 'the', 'office', 'hahahah']",Negatif
"['halahhh', 'halahhh', 'hancur']",Negatif
"['kalau', 'katanya', 'percaya', 'proses', 'kenapa', 'sty', 'ditendang', 'anjir', 'tidak', 'habis', 'fikir']",Negatif
"['karma', 'itu', 'namanya']",Negatif
"['nih', 'main', 'tuh', 'kayak', 'begini', 'mamam', 'noh', 'possesion', 'kamu', 'mau', 'bawa', 'pulang', 'bola', 'apa', 'poin']",Negatif
"['gimmick', 'banyakan', 'drama', 'kamu']",Negatif
"['mampus', 'kamu', 'anjing']",Negatif
"['mamam', 'noh', 'umpanan', 'samping', 'kiri', 'kanan', 'terus', 'kerebut', 'counter', 'attack', 'berujung', 'goal']",Negatif
"['kepala', 'bapak', 'kau', 'thanks']",Negatif
"['pssi', 'tolol']",Negatif
"['hahh', 'kamu', 'tolol', 'apa', 'bagaimana', 'sih', 'ole', 'saja', 'baru', 'dinaturalisasi', 'kemarin']",Negatif
"['mamam', 'tuh', 'total', 'football', 'anjing']",Negatif
"['kembalikan', 'sty']",Negatif
"['skalian', 'planga', 'plongo', 'terus', 'bikin', 'negara', 'nyungsep']",Negatif
"['harusnya', 'masih', 'sty', 'yang', 'ngelatih', 'kemarin']",Negatif
"['bisa', 'di', 'bisa', 'di', 'bayangkan', 'apabila', 'indonesia', 'amit', 'amit', 'kalah', 'lawan', 'bahrain', 'sugbk', 'yang', 'seharusnya', 'tempat', 'sakral', 'namun', 'berubah', 'menjadi', 'tempat', 'colosium', 'yang', 'penuh', 'caci', 'maki', 'dan', 'sorakan']",Negatif
"['indak', 'ada', 'pergerakan', 'ndan', 'melihat', 'hasil', 'kemarin', 'timnas', 'dibuat', 'kayak', 'semacam', 'latihan', 'tembak']",Negatif
"['itu', 'mah', 'team', 'cadangan', 'belanda', 'ke', 'lima']",Negatif
"['wkwk', 'ternyata', 'korsel', 'lebih', 'bagus', 'dari', 'belanda', 'walaupun', 'bahasa', 'makan', 'tuh', 'hujatan', 'makaannn']",Negatif
"['hahahaha', 'endon', 'bodoh']",Negatif
"['main', 'high', 'defensive', 'line', 'amp', 'aggresive', 'lawan', 'tim', 'sekelas', 'aussie', 'sih', 'ada', 'gila', 'gila', 'ya', 'juga', 'kluivert', 'mana', 'tengah', 'ya', 'haye', 'di', 'bantu', 'nathan', 'amp', 'lino', 'yang', 'di', 'babak', 'mereka', 'kemana', 'pergantian', 'pemain', 'yang', 'telat', 'banget', 'skema', 'build', 'up', 'amp', 'final', 'third', 'yang', 'jelek', 'lagi', 'lagi', 'masalah', 'decision', 'making']",Negatif
"['tau', 'kan', 'perbedaan', 'nya', 'sama', 'ya', 'jelas', 'beda', 'sty', 'membangun', 'itu', 'semua', 'kurang', 'lebih', 'tahun', 'membangun', 'camistry', 'antara', 'anak', 'nya', 'semua', 'tidak', 'instan', 'dan', 'berproses', 'lah', 'sudah', 'jadi', 'tinggal', 'sempurnakan', 'malah', 'zoonk']",Negatif
"['ya', 'bagaimana', 'ya', 'menjabat', 'jabatan', 'federasi', 'kok', 'memakai', 'ego', 'sentimen', 'pribadi', 'wowkwkwkwkkw']",Negatif
"['kecewa', 'sama', 'hasil', 'timnas', 'indonesia', 'vs', 'australia', 'btw', 'yang', 'mau', 'kredit', 'bisa', 'dm', 'saja', 'ya']",Negatif
"['mana', 'hasil', 'akhir', 'matchnya', 'tol', 'kontlo']",Negatif
"['balikin', 'sty', 'tidak', 'woii']",Negatif
"['bodohnya', 'pelatih', 'ini', 'sih', 'nathan', 'tidak', 'diganti', 'cok']",Negatif
"['bu', 'buat', 'parlay', 'kak', 'wkwk']",Negatif
"['ku', 'bantu', 'tertawa', 'lepas', 'lega', 'sesuai', 'prediksi', 'pribadi']",Negatif
"['gila', 'banget', 'nih', 'permainan', 'acak', 'an', 'blunder', 'banget', 'nol', 'besar', 'strategi', 'saja', 'kga', 'jelas', 'bagaimana', 'pas', 'entar', 'lawan', 'bahrain', 'ini', 'aduh', 'puyeng', 'banget', 'gue', 'dahlah', 'pak', 'erik', 'tidak', 'usah', 'banyak', 'cingcong', 'pokoknya', 'balikin', 'sty', 'pas', 'lawan', 'bahrain']",Negatif
"['terlalu', 'banyak', 'influencer', 'mengelilingi', 'timnas', 'benar', 'benar', 'telanjang', 'koyoke', 'sementara', 'ostrali', 'hampir', 'tidak', 'ada', 'yang', 'di', 'expose', 'begitu', 'ketemu', 'langsung', 'di', 'hajar', 'entek', 'wes']",Negatif
"['kontol', 'kamu', 'semua']",Negatif
"['balbalan', 'pakai', 'perasaan', 'teori', 'darimana', 'itu', 'kau', 'yang', 'mulai', 'kau', 'yang', 'mengahiri', 'ten', 'hag', 'mungkin', 'masih', 'di', 'mu', 'sekarang']",Negatif
"['hahahahahahahahahahahahahahahahahahahaha', 'kasihan', 'sekali', 'federasi', 'satu', 'ini']",Negatif
"['padahal', 'tahun', 'lalu', 'sudah', 'ada', 'contoh', 'kali', 'lawan', 'australia', 'dimana', 'pas', 'pertemuan', 'pertama', 'main', 'terbuka', 'hasilnya', 'kalah', 'dan', 'main', 'lebih', 'bertahan', 'berhasil', 'menahan', 'imbang', 'masa', 'iya', 'tim', 'pelatih', 'tidak', 'mengalisa', 'pertadingan', 'tersebut']",Negatif
"['bubarkan', 'pssi', 'timnas', 'malah', 'jadi', 'kacau', 'begini', 'bukan', 'tambah', 'baik', 'malah', 'di', 'obokobok']",Negatif
"['mau', 'jadi', 'presiden', 'abang', 'kasih', 'saja']",Negatif
"['fan', 'timnas', 'andai', 'saja', 'pelatihnya', 'bukan', 'patrick', 'kluivert']",Negatif
"['sty', 'yang', 'tidak', 'bisa', 'bahasa', 'inggris', 'itu', 'lebih', 'tau', 'kapasitas', 'pemainnya', 'daripada', 'patrick', 'yang', 'bisa', 'bahasa', 'belanda', 'itu']",Negatif
"['erick', 'tohir', 'memang', 'diakui', 'punya', 'duit', 'bahkan', 'bisa', 'beli', 'club', 'sepak', 'bola', 'tapi', 'bukan', 'bearti', 'paham', 'taktik', 'permainan', 'sepak', 'bola', 'sampai', 'disini', 'paham', 'kalian', 'jayanya', 'timnas', 'indonesia', 'bukan', 'di', 'era', 'erick', 'tohir', 'tapi', 'kepemimpinan', 'sebelumnya']",Negatif
"['sangat', 'memalukan', 'gue', 'sudah', 'tidak', 'bisa', 'mengomong', 'apa', 'kecuali', 'kalian', 'kebun', 'binatang']",Negatif
"['bagaimana', 'katanya', 'kehalan', 'komunikasi', 'ini', 'komunikasi', 'sudah', 'sama', 'tapi', 'kebanrai', 'kata', 'ku', 'mah', 'mending', 'jadi', 'penyepong', 'sty', 'deh', 'ah', 'tolol', 'memang', 'kalean', 'semua']",Negatif
"['total', 'football', 'sudah', 'indak', 'jaman', 'bahkan', 'sudah', 'terlalu', 'kuno', 'bahkan', 'sekelas', 'barcelona', 'saja', 'sudah', 'bermain', 'direct', 'football']",Negatif
"['apa', 'itu', 'proses', 'kami', 'mau', 'ya', 'hasil', 'instan', 'proses', 'telah', 'di', 'buang', 'dengan', 'di', 'pecat', 'ya', 'sty']",Negatif
"['patrick', 'kluivert', 'bikin', 'timnas', 'indonesia', 'terkapar', 'kok', 'cuma', 'plangaplongo']",Negatif
"['kebangetan', 'ini']",Negatif
"['untung', 'ya', 'kecewa', 'berat', 'asli']",Negatif
"['prediksi', 'ane', 'timnas', 'bakal', 'kesulitan', 'dan', 'semakin', 'suram', 'semoga', 'prediksi', 'ane', 'salah']",Negatif
"['ndasmu', 'kata', 'prabowo']",Negatif
['monyeet'],Negatif
"['percuma', 'di', 'swansea', 'dia', 'latihan', 'mulu', 'main', 'kagak']",Negatif
"['emosi', 'terwakilkan']",Negatif
"['ingat', 'ini', 'bukan', 'salah', 'pemain', 'atau', 'pelatih', 'yang', 'salah', 'itu', 'yang', 'mengganti', 'pelatih', 'di', 'tengah', 'jalan', 'yaitu', 'dan', 'sudah', 'tahu', 'masih', 'berkompetisi', 'malah', 'diganti', 'sudah', 'tahu', 'latihan', 'itu', 'cuma', 'hari', 'sebelum', 'match', 'day', 'malah', 'digantitolol']",Negatif
"['pahamkan', 'kenapa', 'sty', 'sering', 'counter', 'attacksedikti', 'parkir', 'bus', 'ya', 'ini', 'begini']",Negatif
"['tagar', 'mengema', 'di', 'media', 'sosial', 'bangun', 'timnas', 'indonesia', 'tahun', 'dihancurkan', 'kurun', 'waktu', 'menit']",Negatif
"['lucu', 'banget', 'fak']",Negatif
"['timnas', 'kalah', 'telak', 'akibat', 'ulah', 'pssi', 'dengan', 'buru', 'ganti', 'coach', 'sty']",Negatif
"['iya', 'karena', 'semua', 'thread', 'dan', 'argumen', 'kamu', 'sudah', 'patah', 'sama', 'realita', 'kamu', 'cuma', 'bisa', 'bilang', 'sty', 'out', 'sty', 'out', 'kayak', 'orang', 'autis', 'dongok']",Negatif
"['pengin', 'tau', 'kondisi', 'pak', 'et', 'lawan', 'china', 'pas', 'kalah', 'gimmicknya', 'menyandar', 'didinding', 'apakah', 'setelah', 'dibantai', 'begini', 'beliau', 'menempel', 'didinding', 'kayak', 'spiderman']",Negatif
"['sekolah', 'pada', 'sampai', 'sarjana', 'otaknya', 'cuma', 'pada', 'jadi', 'panjangan', 'doang']",Negatif
"['kamu', 'kak', 'penikmat', 'argumen', 'selalu', 'bersuara', 'tentang', 'politik', 'dengan', 'cara', 'kasar', 'di', 'akun', 'kamu', 'sini', 'kata', 'ini', 'gue', 'kagak', 'mempan', 'sekali', 'lagi', 'gue', 'ketik', 'kagak', 'mempan', 'mau', 'kamu', 'pakai', 'akun', 'kosongan', 'pp', 'template', 'kosong', 'lah', 'aktivis', 'sty', 'lah', 'kagak', 'peduli', 'gue', 'orang', 'stynya', 'sudah', 'out', 'hahha', 'mampus']",Negatif
"['mampus', 'mampus', 'bubar', 'saja', 'kamu', 'pada', 'tolol']",Negatif
"['sty', 'memang', 'tidak', 'cocok', 'menjadi', 'head', 'coach', 'timnas', 'tapi', 'mungkin', 'sty', 'cocok', 'jadi', 'ketua', 'umum', 'federasi']",Negatif
"['sih', 'paling', 'merangkul', 'suasana', 'ruang', 'ganti']",Negatif
"['mana', 'et', 'suruh', 'dia', 'tanggung', 'jawab']",Negatif
"['kalau', 'yang', 'penting', 'sty', 'out', 'berarti', 'kamu', 'memang', 'haters', 'sty', 'mending', 'hapus', 'tweet', 'sok', 'bijak', 'jijik', 'gua', 'bacanya']",Negatif
['cuih'],Negatif
"['sty', 'out', 'sty', 'out', 'puas', 'puas', 'puas', 'kesel', 'ya', 'gue', 'mah', 'ogah']",Negatif
"['erik', 'blunder', 'lu', 'tidak', 'ketolong', 'lu']",Negatif
"['sarkas', 'apa', 'itu', 'kurang', 'paham', 'arti', 'ya', 'intinya', 'opini', 'saya', 'seperti', 'itu', 'melihat', 'pertandingan', 'kemarin', 'sore', 'dan', 'senang', 'banget', 'bangga', 'bermain', 'seperti', 'itu', 'semoga', 'next', 'bisa', 'menang', 'ya']",Negatif
"['kalah', 'sih', 'wajar', 'saja', 'tapi', 'bukan', 'juga', 'goblok']",Negatif
"['iya', 'gantinya', 'el', 'judol', 'tidak', 'becus', 'ngelatih', 'timnas', 'new', 'era', 'new', 'era', 'tolol', 'dongok', 'mak', 'kamu', 'lonte', 'anjing']",Negatif
"['mau', 'jersey', 'apapun', 'terserah', 'pecundang', 'goblog']",Negatif
"['arya', 'sinulingga', 'sih', 'paling', 'timnas', 'buat', 'timnas', 'indonesia', 'kembali', 'ke', 'dna', 'awal', 'suka', 'kalah']",Negatif
"['apik', 'seragam', 'anyar', 'langsung', 'kalah', 'besar']",Negatif
"['erick', 'thohir', 'memang', 'selayaknya', 'mundur', 'dari', 'pssi', 'biaya', 'besar', 'tak', 'sebanding', 'dengan', 'prestasi', 'sudah', 'bagus', 'shin', 'tae', 'yong', 'di', 'ganti', 'parah']",Negatif
"['tidak usah', 'jadi', 'buzzer', 'ajg', 'kalau', 'sudah', 'salah', 'ya', 'salah', 'saja', 'memang', 'tolol']",Negatif
"['timnas', 'indonesia', 'pernah', 'punya', 'pelatih', 'dari', 'luar', 'negeri', 'yang', 'berhasil', 'menumbangkan', 'negaranya', 'sendiri']",Negatif
"['apa', 'bisa', 'lebih', 'buruk', 'lagi']",Negatif
"['federasi', 'gblg']",Negatif
"['sudah', 'tidak', 'mau', 'tau', 'prosesnya', 'sekarang', 'waktunya', 'melihat', 'hasil', 'ini', 'kan', 'mau', 'kalian']",Negatif
"['strategi', 'permainan', 'tidak', 'jelas', 'starting', 'xi', 'nguawur', 'total', 'football', 'tolol', 'football', 'logical', 'fallacy', 'banyak', 'fan', 'adalah', 'membela', 'el', 'bintang', 'laut', 'karena', 'pemain', 'belum', 'beradaptasi', 'padahal', 'sudah', 'tau', 'pertandingan', 'penting', 'masih', 'saja', 'dipaksa', 'beradaptasi']",Negatif
"['bayaran', 'pemainnya', 'pakai', 'oplosan', 'pertamax', 'sihjadi', 'tidak', 'gacor']",Negatif
"['pak', 'kluivert', 'soal', 'timnas', 'kita', 'tidak', 'ada', 'waktu', 'banyak', 'jangan', 'bacot', 'soal', 'trust', 'the', 'proccess', 'saya', 'dan', 'juta', 'jiwa', 'lainnya', 'percaya', 'kita', 'bisa', 'pak', 'jadi', 'tolong', 'jangan', 'membunuh', 'mimpi', 'itu', 'kalah', 'wajar', 'tapi', 'kalau', 'kelewat', 'wajar', 'cbs']",Negatif
"['padahal', 'konon', 'dia', 'pernah', 'manage', 'klubklub', 'di', 'italia', 'harusnya', 'kalau', 'pernah', 'manage', 'klub', 'di', 'italia', 'otaknya', 'makin', 'moncer', 'karena', 'ada', 'pengalamannya', 'daripada', 'manage', 'klub', 'lokal']",Negatif
"['debut', 'yang', 'mengesankan', 'cukup', 'apa', 'yang', 'kau', 'di', 'harapkan', 'pemain', 'anak', 'bangsa', 'hanya', 'sebagai', 'bangku', 'cadangan', 'bagaimana', 'mau', 'maju', 'sepakbola', 'negara', 'ini']",Negatif
"['entah', 'apa', 'yang', 'ada', 'dalam', 'pikiran', 'patrick', 'kluivert', 'saat', 'indonesia', 'takluk', 'secara', 'telak', 'dari', 'australia', 'dengan', 'skor']",Negatif
"['dulu', 'bisa', 'seri', 'kok', 'ini', 'tolong', 'di', 'jelaskan', 'dengan', 'seksama', 'apa', 'tidak', 'ada', 'analisis', 'itu', 'waktu', 'match', 'dulu', 'lawan', 'ausie', 'yang', 'seri', 'apa', 'kurang', 'itu', 'menit', 'kemarin', 'babak', 'prtama', 'buat', 'berpikir', 'what', 'the', 'fuck', 'jika', 'cuma', 'ingin', 'kalah', 'kagak', 'usah', 'beli', 'pelatih', 'se', 'asistennya', 'kocak', 'bobrok', 'banget']",Negatif
"['harusnya', 'belajar', 'dari', 'arab', 'ish', 'ganti', 'pelatih', 'bukan', 'solusi', 'debutannya', 'malah', 'musuh', 'australia', 'dikantongi', 'kangguru', 'kan', 'lawan', 'jepang', 'saja', 'ini', 'sudah', 'sejauh', 'ini', 'tidak', 'banyak', 'yang', 'menerima', 'alasan', 'adaptasi', 'preett', 'kata', 'gue']",Negatif
"['orba', 'kalau', 'bertanya', 'balik']",Negatif
"['ini', 'sih', 'tahi']",Negatif
"['pelakunya', 'kau', 'cari', 'tidak', 'ketemu', 'tidak', 'apa', 'kau', 'lindungi', 'sih', 'pelaku']",Negatif
"['trio', 'jir', 'yang', 'membentuk', 'tembok', 'kokoh', 'di', 'pertahanan', 'garuda']",Negatif
"['mantap', 'keputusan', 'yang', 'tidak', 'masuk', 'akal', 'tolol']",Negatif
"['ogah', 'kalau', 'cuma', 'gol', 'mau', 'ya', 'point', 'absolutely']",Negatif
"['memang', 'kebiasaan', 'nih', 'pemainnya', 'sudah', 'difitnah', 'dihujat', 'tapi', 'tetap', 'saja', 'diam', 'kocak', 'kalau', 'menang', 'muncul', 'semua', 'depan', 'media', 'aktif', 'di', 'sosial', 'media', 'ya', 'heran', 'memang']",Negatif
"['terlalu', 'jauh', 'mending', 'ke', 'asia', 'dulu']",Negatif
"['makanya', 'jangan', 'gengsi', 'jangan', 'nurutin', 'nafsu', 'atasan', 'apalagi', 'mendengarkan', 'pakai', 'tolol', 'football', 'pundit', 'demi', 'terlihat', 'beda', 'dari', 'pelatih', 'sebelumnya', 'buat', 'apa', 'nguasain', 'bola', 'ir', 'menyerang', 'teros', 'kalau', 'gagal', 'bawah', 'poin']",Negatif
"['kalau', 'di', 'pemerintah', 'kuvert', 'ini', 'seperti', 'kambing', 'hitam', 'otak', 'dibelakangnya', 'disembunyikan']",Negatif
"['kalau', 'mayoritas', 'pemain', 'liga', 'kayak', 'dia', 'mah', 'kita', 'tidak', 'perlu', 'repot', 'mencari', 'diaspora']",Negatif
"['anak', 'anjing']",Negatif
"['vibesnya', 'berasa', 'aff', 'anjg']",Negatif
"['mbamas', 'asli', 'sakit', 'banget', 'di', 'tiktok', 'ada', 'juga', 'yang', 'bilang', 'dia', 'nyogok', 'coach', 'biar', 'dimainin', 'padahal', 'pemain', 'lain', 'yang', 'jarang', 'finishing', 'dengan', 'baik', 'juga', 'ada', 'dia', 'loh', 'baru', 'kali', 'langsung', 'pada', 'koarkoar']",Negatif
"['ngawuawu', 'tenan', 'mainmu', 'cak']",Negatif
"['naturalisasi', 'gaya', 'main', 'begitu', 'cuma', 'bisa', 'kasih', 'gol', 'mimpi', 'masuk', 'pildun']",Negatif
"['jujurly', 'eweuh', 'aura', 'pelatih']",Negatif
"['untung', 'sty', 'tidak', 'menonton', 'langsung', 'di', 'gbk', 'semisal', 'menonton', 'gemuruh', 'itu', 'teriak', 'shin', 'tae', 'yong', 'shin', 'tae', 'yong']",Negatif
"['kalau', 'pemain', 'liga', 'lokal', 'cuma', 'bisa', 'mencibir', 'tidak', 'mau', 'menunjukkan', 'apa', 'kayak', 'beberapa', 'pemain', 'yang', 'sudah', 'ya', 'bagaimana', 'mau', 'dipanggil', 'dibanding', 'dengan', 'pemain', 'diaspora', 'yang', 'upload', 'instagram', 'ya', 'saja', 'maksimal', 'postingan', 'tiap', 'bulannya', 'lebih', 'profesional']",Negatif
"['latihan', 'nendang', 'maring', 'kakange', 'ya', 'mas']",Negatif
"['salah', 'pecat', 'pelatih', 'salah', 'pilih', 'pelatih']",Negatif
"['halah', 'halahhh']",Negatif
"['finishing', 'tidak', 'ada', 'yang', 'bagus', 'katanya', 'pemain', 'top', 'eropa']",Negatif
"['coba', 'tonton', 'ulang', 'jamannya', 'coach', 'sin', 'sama', 'permain', 'timnas', 'di', 'match', 'ini']",Negatif
"['federasi', 'harusnya', 'speak', 'up', 'lah', 'gila', 'saja', 'pemainnya', 'diserang', 'bertubitubi', 'sama', 'pejabruts', 'sok tau']",Negatif
"['bisa', 'juga', 'nih', 'orang', 'pemerintahan', 'naturalisasi', 'juga']",Negatif
"['bahagia', 'dengan', 'mereka', 'tidak', 'dengan', 'federasi']",Negatif
"['perbedaan', 'susunan', 'line', 'up', 'timnas', 'indonesia', 'vs', 'bahrain', 'dan', 'australia', 'line', 'up', 'shin', 'tae', 'yong', 'tetap', 'yang', 'terbaik']",Negatif
"['sanak', 'kalau', 'ketemu', 'sama', 'kluivert', 'bulan', 'nanti', 'tolong', 'kunci', 'pintu', 'kamar', 'hotelnya']",Negatif
"['katanya', 'sih', 'emil', 'audero', 'kalau', 'gagal', 'save', 'jadinya', 'emil', 'au', 'sudah']",Negatif
"['eh', 'bentar', 'gue', 'sudah', 'lama', 'tidak', 'menonton', 'bola', 'ini', 'timnas', 'kok', 'banyak', 'bule']",Negatif
"['hahahahaha', 'kebantai', 'paham', 'kan', 'ganti', 'pelatih', 'tidak', 'se', 'instan', 'itu', 'balikin', 'sty']",Negatif
"['pelatih', 'baru', 'minim', 'prestasi', 'langsung', 'dikasih', 'pr', 'buat', 'kualifikasi', 'piala', 'dunia', 'lawan', 'australia', 'minimal', 'ujicoba', 'dulu', 'lawan', 'persikabo']",Negatif
"['kita', 'percayaa', 'hasil', 'yang', 'instantinstant', 'saja']",Negatif
"['buat', 'malu']",Negatif
"['nathan', 'anjing', 'pokoknya']",Negatif
"['main', 'jelas', 'buzerp', 'erick', 'tohir', 'kemana', 'ya']",Negatif
"['memang', 'lawak', 'banget', 'sih', 'erick', 'wkwk', 'makan', 'tuh', 'total', 'football']",Negatif
"['mending', 'mundur', 'saja', 'sih', 'jangan', 'terlalu', 'jumawa', 'yang', 'hasilnya', 'malah', 'ancuran']",Negatif
"['dasar', 'pelatih', 'kulit', 'hitam', 'goblok']",Negatif
"['hubner', 'kebanyakan', 'pacaran', 'jadi', 'tidak', 'fokus', 'ke', 'peforma']",Negatif
"['kita', 'mau', 'instan']",Negatif
"['kluivert', 'ini', 'percaya', 'diri', 'tidak', 'sih', 'bisa', 'bawa', 'indonesia', 'sudah', 'sejauh', 'ini', 'loh', 'malah', 'kebantai']",Negatif
"['anjing', 'lah', 'malas', 'buka', 'gembok', 'tapi', 'mau', 'emil']",Negatif
"['attacking', 'football', 'orgasm', 'tidak', 'penting', 'menang', 'yang', 'penting', 'menyerang']",Negatif
"['secepat', 'ini', 'melupakan', 'sty']",Negatif
"['demi', 'satu', 'impian', 'yang', 'kerap', 'ganggu', 'tidurmu']",Negatif
"['belum', 'ada', 'dan', 'belum', 'kelihatan', 'taktik', 'jitu', 'dari', 'pelatih', 'yang', 'ditunjukkan', 'masih', 'ambyar']",Negatif
"['begini', 'loh', 'maksudnya', 'diprovide', 'atletnya', 'bukan', 'cuma', 'fisik', 'tapi', 'mental', 'juga', 'penting', 'heran']",Negatif
"['yaudasi', 'yang', 'penting', 'jago', 'saja']",Negatif
"['kenapa', 'tidak', 'ada', 'ole', 'dari', 'match', 'saja', 'sih', 'ajgg']",Negatif
"['asbun', 'banget', 'anjing', 'tapi', 'lucu']",Negatif
"['kudu', 'mencari', 'pemain', 'yang', 'finishing', 'ya', 'sempurna', 'untuk', 'sekarang', 'kekurangan', 'ya', 'di', 'finishing', 'ya', 'walau', 'passing', 'ya', 'masih', 'agak', 'berantakan']",Negatif
"['kenapa', 'sih', 'langsung', 'nyorot', 'wowo', 'sumpah', 'gua', 'tidak', 'mengerti', 'anjing', 'sampai', 'sekarang']",Negatif
"['masih', 'ada', 'saja', 'yang', 'tidak', 'setuju', 'naturalisasi', 'coba', 'cek', 'dompetnya', 'janganjangan', 'ada', 'kita', 'pdip']",Negatif
"['lucu', 'banget', 'hahahha', 'dengan', 'hasil', 'yang', 'sangat', 'mengecewakan']",Negatif
"['hindia', 'belanda', 'ini', 'mah']",Negatif
"['kelihatan', 'banget', 'abang', 'bodo', 'turunannya']",Negatif
"['federasi', 'aneh', 'yang', 'ganti', 'pelatih', 'di', 'tengah', 'turnamen', 'dengan', 'kondisi', 'tim', 'yang', 'baik', 'sajadahlah', 'erick', 'thohir', 'kamu', 'fokus', 'saja', 'benahi', 'bumn', 'yang', 'banyak', 'rugi', 'dan', 'korup', 'tidak', 'usah', 'mengurusi', 'bola', 'lagi', 'serahkan', 'pada', 'ahlinyalihat', 'hasil', 'dan', 'permainan', 'timnas', 'lawan', 'australia', 'kangen', 'sty']",Negatif
"['yang', 'menyarankan', 'ganti', 'pelatih', 'kamu', 'adalah', 'otak', 'perusak', 'timnas', 'alasan', 'komunikasi', 'taiii']",Negatif
"['erick', 'thohir', 'tidak', 'cuma', 'merugikan', 'banyak', 'vendor', 'bumn', 'tapi', 'juga', 'mengecewakan', 'hati', 'pecinta', 'sepakbola', 'indonesia']",Negatif
"['sejak', 'kapan', 'bangsa', 'belanda', 'suka', 'kepada', 'indonesia', 'cc', 'pak', 'yth', 'percuma', 'bayar', 'pemain', 'hasilnya', 'nol', 'pak', 'trimsss']",Negatif
"['goblok', 'lah', 'kamu', 'semua', 'se', 'federasi', 'federasi', 'pssi', 'tolol', 'ganti', 'pelatih', 'akibatnya', 'begini', 'tanggung', 'jawab', 'monyettt', 'gua', 'tidak', 'memaklumi', 'pelatih', 'baru', 'siapa', 'suruh', 'kamu', 'pecat', 'tbtb', 'tanpa', 'ada', 'isu', 'apapun', 'memang', 'federasi', 'korup', 'mafia', 'semua', 'isinya', 'najis']",Negatif
"['makin', 'tidak', 'jelas']",Negatif
"['yang', 'bisanya', 'team', 'ini', 'menunggu', 'moment', 'dan', 'bisa', 'bisanya', 'lo', 'rubah', 'itu', 'demi', 'hasutan', 'coach', 'tidak', 'ngecoach']",Negatif
"['sudah', 'lah', 'memang', 'dagelan', 'segala', 'ganti', 'pelatih', 'sih']",Negatif
"['kluivert', 'selesai', 'full', 'time', 'langsung', 'out', 'saja', 'lah']",Negatif
"['jadi', 'sampah']",Negatif
"['mirip', 'banget', 'fajar', 'sad', 'boy']",Negatif
"['emil', 'cleansheet', 'soalnya', 'takut', 'jejak', 'digital', 'bapaknya', 'ke', 'up', 'lagi']",Negatif
"['erick', 'thohir', 'tuh', 'terlalu', 'banyak', 'jabatan', 'jadi', 'puyeng']",Negatif
"['tujuan', 'diganti', 'jajaran', 'kepelatihan', 'secara', 'dadakan', 'tuh', 'apa', 'sih', 'hasil', 'kan', 'bukan', 'lagi', 'proses', 'yang', 'bilang', 'wajar', 'sih', 'patrick', 'baru', 'ngelatih', 'hari', 'dll', 'tapi', 'kan', 'pemain', 'juga', 'sudah', 'bagus', 'semua', 'jadi', 'gue', 'bodo', 'amat', 'mau', 'ya', 'hasil', 'bukan', 'lagi', 'proses']",Negatif
"['tidak', 'ada', 'alasan', 'sih', 'pantek', 'ini', 'harus', 'out', 'ketua', 'pssi', 'juga']",Negatif
"['kenapa', 'fan', 'timnas', 'kecewa', 'karena', 'mereka', 'sudah', 'berkorban', 'apapun', 'demi', 'tapi', 'malah', 'dihancurkan', 'oleh', 'sampai', 'sini', 'paham']",Negatif
"['oh', 'ini', 'total', 'football', 'kalah', 'total', 'hasilnya']",Negatif
"['naturalisasi', 'di', 'tambah', 'lumayan', 'banyak', 'banyak', 'pemain', 'dari', 'zamannya', 'sty', 'bukanya', 'makin', 'bagus', 'malah', 'balik', 'ke', 'zaman', 'gelapan']",Negatif
"['emil', 'bpk', 'kamu', 'tidak', 'mengambek', 'apaya']",Negatif
"['goblok', 'banget', 'sumpah', 'asuu']",Negatif
"['beliau', 'ini', 'tidak', 'terlihat', 'kusut', 'yang', 'kusut', 'alex', 'pastoor']",Negatif
"['jelek', 'banget', 'menang', 'karena', 'gol', 'penalty', 'padahal', 'lawannya', 'china']",Negatif
"['mamam', 'sudah', 'tuh']",Negatif
"['ya', 'allah', 'pengin', 'teriak', 'gooolll', 'tolong', 'bagi', 'gol', 'ya', 'allah']",Negatif
"['kok', 'bisa', 'ajggg', 'katanya', 'ganti', 'pelatih', 'biar', 'menyerang', 'ternyata', 'tidak', 'verhenti', 'keserang']",Negatif
"['jadi', 'anomali', 'begini', 'di', 'tangan', 'penjudi', 'wkwkwk']",Negatif
"['kocak', 'kamu', 'patrickada', 'ridho', 'malah', 'sandypelatih', 'lawak']",Negatif
"['pemain', 'belanda', 'kontol']",Negatif
"['kamu', 'makan', 'tuh', 'belandabelandaan', 'kntol']",Negatif
"['hasil', 'wawancara', 'saat', 'natal', 'tidak', 'pernah', 'bohong']",Negatif
"['harus', 'banget', 'ganti', 'pelatih']",Negatif
"['mampus', 'hahahahahahahah', 'erick', 'thohir', 'anjing', 'selamat', 'kamu', 'sudah', 'ngerusak', 'chemistry', 'yang', 'susah', 'payah', 'di', 'bangun', 'sama', 'sty', 'bangsat', 'makan', 'noh', 'total', 'football', 'tahi', 'anjinggg']",Negatif
"['ah', 'sty', 'mah', 'bagus', 'karena', 'pemainanya', 'kebanyakan', 'bule', 'ya', 'wkwowkwok', 'makan', 'tuh', 'ajg', 'wkwkwkw']",Negatif
"['hancur', 'cuy', 'mari', 'latihan', 'dulu']",Negatif
"['teruslah', 'mengocok', 'patrick']",Negatif
"['banyak', 'peluang', 'yang', 'ah', 'sudahlah']",Negatif
"['mengapai', 'capek', 'ganti', 'pelatih', 'amp', 'bayar', 'pesangon', 'kalau', 'ujung', 'sty', 'juga', 'bisa', 'anjir', 'banyak', 'sabar']",Negatif
"['tidak', 'ada', 'alasan', 'lagi', 'ya', 'petrik']",Negatif
"['terima', 'kasih', 'telah', 'memecat', 'sty', 'tolol', 'ttd', 'pemain', 'ke']",Negatif
"['cuma', 'lawan', 'jepang', 'yang', 'kecewa', 'saat', 'digbk']",Negatif
"['jelek', 'mainnya', 'cuma', 'menang', 'beruntung']",Negatif
"['abang', 'kapan', 'main', 'horor', 'lagi']",Negatif
"['masih', 'kurang', 'sreg', 'saja', 'lihat', 'mainnya', 'golnya', 'juga', 'hasil', 'giveaway', 'tapi', 'tidak apa-apa', 'lah', 'yang', 'penting', 'point']",Negatif
"['babak', 'pertama', 'anjir', 'boring', 'banget', 'babak', 'kedua', 'anjir', 'senam', 'jantung', 'begini', 'cokkk', 'wellekome', 'tapi', 'round']",Negatif
"['sudahlah', 'apa', 'lagi', 'yang', 'mau', 'diharapkan', 'gulingkan', 'rezim']",Negatif
"['wkwkwk', 'indonesia', 'gelap']",Negatif
"['sokan', 'ganti', 'pelatih', 'di', 'tengah', 'kompetisi']",Negatif
"['apa', 'yang', 'mau', 'diharapkan', 'dari', 'pelatih', 'medioker']",Negatif
"['sama', 'sama', 'dongo', 'ya']",Negatif
"['indonesia', 'lolos', 'juga', 'belum', 'sudah', 'pestapesta', 'sudah', 'bagibagi', 'hadiah', 'ejakulasi', 'dini']",Negatif
"['kalian', 'jangan', 'diam', 'saja', 'lakukan', 'sesuatu', 'pernyataan', 'jepang', 'sudah', 'buat', 'gelisah', 'sebagai', 'anak', 'bangsa', 'mau', 'ke', 'pildun', 'tapi', 'jangan', 'dipermalukan', 'begitu', 'tidak', 'ada', 'perlawanan', 'sekali', 'memalukan', 'ganti', 'pelatih', 'seperti', 'kalian', 'berani', 'ganti', 'shin', 'tae', 'yong', 'jepang']",Negatif
"['dari', 'awal', 'gue', 'salah', 'satu', 'yang', 'mengkritik', 'keputusan', 'patrick', 'kluivert', 'jadi', 'pelatih', 'track', 'record', 'jele', 'modal', 'legend', 'tim', 'gede', 'saja', 'tidak', 'cukup', 'pssi', 'harus', 'bertanggung', 'jawab']",Negatif
"['dapat', 'rolex', 'lagi', 'tidak', 'wo', 'ijin', 'arahan', 'mohon', 'tanya', 'itu', 'uang', 'dari', 'mana', 'ya', 'wkwk']",Negatif
"['pantesan', 'cuma', 'bisa', 'menyandar', 'amp', 'cuma', 'bisa', 'menyerang', 'yang', 'tidak', 'sepaham', 'sama', 'dia', 'kerdil']",Negatif
"['gendut', 'masalah', 'komunikasi', 'nih', 'gendut', 'marselino', 'tidak', 'mau', 'belajar', 'bahasa', 'belanda']",Negatif
"['memang', 'tolol', 'sih', 'erick', 'thohir']",Negatif
"['nah', 'ini', 'baru', 'benar', 'lolos', 'wc', 'dulu', 'baru', 'dikasih', 'hadiah', 'bukan', 'dikasih', 'rolex', 'dulu', 'padahal', 'wcq', 'belum', 'selesai', 'ngeflop', 'kan', 'jadinya', 'mana', 'shot', 'pula']",Negatif
"['iya', 'tau', 'kita', 'beda', 'level', 'dengan', 'jepang', 'tapi', 'tidak', 'shot', 'juga', 'kali', 'taktik', 'juga', 'tidak', 'jelass', 'arah', 'tidak', 'tau', 'mau', 'kemana', 'untung', 'ada', 'save', 'emil', 'yang', 'bikin', 'kita', 'tidak', 'hahahahhaha']",Negatif
"['mengaca', 'kalian']",Negatif
"['out', 'sudah', 'anjinggg']",Negatif
"['memang', 'anjing', 'nih', 'pelatih', 'tidak', 'bisa', 'banget', 'buat', 'skema', 'permainan']",Negatif
"['ada', 'ivar', 'yang', 'benaran', 'pemain', 'tengah', 'malah', 'mainin', 'nathan', 'anjing', 'pelatih', 'tolol']",Negatif
"['garagara', 'sih', 'patrick', 'sontoloyo', 'itu']",Negatif
"['sepak', 'bola', 'babak', 'belur', 'sumber', 'daya', 'alam', 'kita', 'ya', 'babak', 'belur', 'yang', 'belum', 'babak', 'belur', 'itu', 'bapak', 'yang', 'berkuasa', 'tahun']",Negatif
"['lucu', 'sih', 'cuma', 'kesian', 'sama', 'timnas']",Negatif
"['pssi', 'cuma', 'persatuan', 'sepakbola', 'naturalisasi']",Negatif
"['timnas', 'indonesia', 'dibantai', 'jepang', 'udahan', 'dulu', 'deh', 'main', 'kingkingan', 'follow', 'amp', 'join', 'biar', 'tidak', 'ketinggalan', 'berita', 'viral', 'lainnya', 'adobet', 'min', 'depo', 'rp', 'bonus', 'new', 'member']",Negatif
"['jangan', 'lupa', 'kita', 'sudah', 'dibantai', 'habis', 'abisan', 'sama', 'jepang']",Negatif
"['makan', 'tuh', 'main', 'king', 'king', 'an', 'kontol']",Negatif
"['tidak', 'ada', 'lagi', 'proses']",Negatif
"['pelatih', 'busuk']",Negatif
"['bisakah', 'sty', 'kembali', 'untuk', 'timnas', 'bijimanapun', 'dia', 'punya', 'taktik', 'dan', 'disiplin', 'yang', 'kwat']",Negatif
"['makannya', 'sadar', 'diri', 'timnas', 'kita', 'itu', 'belum', 'selevel', 'tidak usah', 'merasa', 'jadi', 'raksasa', 'kalau', 'nyatanya', 'ampas', 'apalagi', 'exco', 'ya', 'yang', 'banyak', 'bacot', 'tuh']",Negatif
"['penjudi', 'kok', 'ditunjuk', 'jadi', 'pelatih', 'jangan', 'dia', 'pasang', 'taruhan', 'ke', 'australia', 'lagi']",Negatif
"['wkwk', 'biasa', 'saja', 'ternyata', 'permainannya', 'operoper', 'dibelakang', 'terus', 'oper', 'sayap', 'crossing', 'deh', 'asooyyy', 'liga', 'indonesia', 'banget', 'ini', 'mah', 'wkwk']",Negatif
"['duh', 'malu', 'sama', 'pilihan', 'pssi']",Negatif
"['capek', 'bangsat', 'kalau', 'harus', 'dukung', 'negara', 'orang', 'terus', 'nanti', 'di', 'piala', 'dunia', 'fwc', 'saatnya', 'mendukung', 'negara', 'sendiri', 'masih', 'ada', 'waktu', 'untuk', 'berbenah', 'aing', 'percaya', 'sih', 'alex', 'pastoor', 'berpikir', 'keras', 'mempersiapkan', 'racikan', 'resep', 'istimewa', 'untuk', 'indonesia', 'yuk', 'bisa']",Negatif
"['lah', 'mukanya', 'hilang']",Negatif
"['untung', 'live', 'timnas', 'sore', 'coba', 'kalau', 'tengah', 'malam', 'rugi', 'banget', 'ini', 'lihat', 'negara', 'di', 'bantai']",Negatif
"['kembali', 'ke', 'setelan', 'pabrik']",Negatif
"['goal', 'kekalahan', 'yang', 'sangat', 'memalukan', 'rolex', 'tidak', 'mempan', 'beri', 'hadiah', 'ferrari', 'satu', 'satu', 'ke', 'mungkin', 'bisa', 'menang']",Negatif
"['emil', 'sendiri', 'yang', 'main', 'waktu', 'lawan', 'jepang']",Negatif
"['meminta', 'maaf', 'diterima', 'bila', 'kalian', 'semua', 'lolos', 'ke', 'piala', 'dunia', 'lawan', 'jepang', 'saja', 'tidak', 'mau', 'belajar', 'malah', 'mingkem', 'main', 'eropa', 'dimana', 'kok', 'kalah', 'breeding', 'sama', 'jepang', 'rolex', 'saja', 'dibanggakan', 'main', 'bola', 'kalian', 'bukan', 'main', 'rolex']",Negatif
"['tidak', 'dikasih', 'jam', 'rolex', 'juga', 'lawan', 'jepang', 'mah', 'bakal', 'kebantai']",Negatif
"['rapor', 'pemain', 'kali', 'ini', 'di', 'bawah', 'kkm', 'semua', 'ya', 'tolong', 'besok', 'remedial', 'dulu']",Negatif
"['high', 'pressure', 'taiii', 'pemain', 'kita', 'belum', 'siapp', 'cokk', 'pada', 'sabar', 'ngapa', 'sih', 'kalau', 'sama', 'pelatih', 'anjir', 'tapi', 'ini', 'sudah', 'kelewatan', 'ganti', 'di', 'tengah', 'kompetisi']",Negatif
"['sudah', 'ya', 'nyebut', 'king', 'indonya', 'kita', 'habis', 'diobokobong', 'abang', 'jepang', 'soalnya']",Negatif
"['ini', 'mah', 'jauh', 'panggang', 'dari', 'api', 'ex', 'pemilik', 'klub', 'ternama', 'tapi', 'federasinya', 'amburadul', 'liganya', 'ruwet', 'mending', 'slow', 'saja', 'saat', 'ini', 'belum', 'saatnya', 'pssi', 'masuk', 'pildun', 'lah', 'liganya', 'ditata', 'dulu', 'yang', 'benar']",Negatif
"['di', 'mata', 'jepang', 'kalian', 'hanyalah', 'pecundang', 'hasil', 'impor']",Negatif
"['kurangnya', 'masih', 'banyak', 'banget', 'beknya', 'kalah', 'cepat', 'depannya', 'tidak', 'mau', 'ngoper', 'bola', 'tahu', 'tidak', 'ada', 'liganya', 'tapi', 'yuk', 'girls', 'berbenah', 'buat', 'match', 'selanjutnya', 'walaupun', 'berat', 'karena', 'kontra', 'malaysia']",Negatif
"['terlalu', 'mnjajah', 'gasi', 'abang']",Negatif
"['aish', 'kelewat', 'bodoh', 'ini', 'mah']",Negatif
"['ya', 'setidaknya', 'kan', 'tidak', 'kebantai', 'kayak', 'begini', 'juga', 'lah', 'ampun', 'banget', 'gua']",Negatif
"['pemain', 'anak', 'cucu', 'hindia', 'belanda', 'yang', 'dulu', 'kakek', 'neneknya', 'kita', 'usir']",Negatif
"['sampai', 'bisa', 'lakukan', 'kesalahan', 'fatal', 'begitu', 'ampun', 'ampun']",Negatif
"['coba', 'saja', 'isinya', 'orang', 'indonesia', 'semua', 'pasti', 'menang']",Negatif
"['kalah', 'telak', 'anjir', 'indonesia']",Negatif
"['dahlah', 'goblok', 'banget', 'anjing']",Negatif
"['kata', 'harus', 'terlalu', 'berlebihan', 'ya', 'kali', 'lawan', 'brunei']",Negatif
"['jangan', 'kan', 'shots', 'corner', 'saja', 'tidak', 'dapat']",Negatif
"['oh', 'btw', 'setelah', 'malah', 'dari', 'jepang', 'semalem', 'sih', 'patrick', 'malah', 'jalan', 'japan', 'di', 'jepang', 'itu', 'juga', 'pakai', 'duit', 'negara', 'dia', 'jalan', 'jalannya', 'bukannya', 'evaluasi', 'malah', 'rekreasi', 'pelatih', 'bangsat', 'pssi', 'tolol']",Negatif
"['wkwkwk', 'kayak', 'zaman', 'dulu', 'wkwkwk', 'terbantai']",Negatif
"['pelatih', 'harusnya', 'melihat', 'situasi', 'dan', 'menyesuaikan', 'strategi', 'segera', 'setelah', 'perkembangan', 'ke', 'arah', 'merugikan', 'kelamaan', 'mikir', 'atau', 'indak', 'terfikir']",Negatif
"['makan', 'tuh', 'sepakbola', 'indah']",Negatif
"['benar', 'di', 'luar', 'nalar', 'kok', 'bisa', 'tidak', 'ada', 'shot', 'samsek', 'seenggaknya', 'ada', 'lah', 'yang', 'mencoba', 'ngeshoot', 'dari', 'jauh', 'wkwkwk']",Negatif
"['sih', 'doyan', 'jumawa', 'ternyata', 'enol', 'besar']",Negatif
"['bukan', 'bangkit', 'dari', 'kekalahan', 'ini', 'mah', 'bangkit', 'dari', 'kubur']",Negatif
"['piala', 'dunia', 'pildun', 'hahahah', 'bodo', 'bodo', 'je', 'indog', 'serupa', 'najis', 'babi', 'sudah', 'hina', 'ya']",Negatif
"['kemarin', 'bilang', 'tidak usah', 'percaya', 'proses', 'kan', 'ya', 'oke', 'ya']",Negatif
"['sudah', 'tidak', 'beres', 'banget', 'nih']",Negatif
"['kemarin', 'malam', 'vs', 'jepang', 'score', 'tv', 'saya', 'saya', 'tendang', 'hancur', 'rusak', 'saya', 'sekarang', 'tidak', 'punya', 'tv', 'pak']",Negatif
"['nah', 'ini', 'saya', 'sepakat', 'harus', 'di', 'kasih', 'hadiah', 'sebagai', 'apresiasi', 'tapi', 'bukan', 'hanya', 'bola', 'semua', 'yang', 'berprestasi', 'membawa', 'harum', 'nama', 'negara', 'harus', 'di', 'apresiasi']",Negatif
"['indonesia', 'boleh', 'kalah', 'secara', 'penguasaan', 'bola', 'dan', 'jumlah', 'gol', 'dari', 'jepang', 'tapi', 'indonesia', 'tidak', 'akan', 'kalah', 'dalam', 'jumlah', 'pengangguran', 'dan', 'tingkat', 'korupsi']",Negatif
"['abang', 'jepang', 'main', 'tanpa', 'kiper', 'juga', 'sudah', 'menang', 'lagi', 'serius', 'amat', 'abang', 'lawan', 'negara', 'yang', 'mau', 'hancur']",Negatif
"['kalau', 'menang', 'dapat', 'apa', 'ya', 'rumah', 'makin', 'cemburu', 'saja', 'atlet', 'atlet', 'cabang', 'orang', 'lain', 'padahal', 'sumbangsih', 'mereka', 'untuk', 'negara', 'juga', 'besar']",Negatif
"['jika', 'tidak', 'hari', 'ini', 'mungkin', 'minggu', 'depan', 'jika', 'tidak', 'minggu', 'ini', 'mungkin', 'bulan', 'depan']",Negatif
"['jam', 'rolex', 'lawan', 'jam', 'terbang']",Negatif
"['pelatih', 'kayak', 'tahi']",Negatif
"['pakai', 'setara', 'pelatih', 'tarkam', 'anjing']",Negatif
"['jika', 'tidak', 'hari', 'ini', 'mungkin', 'minggu', 'depan', 'jika', 'tidak', 'minggu', 'ini', 'mungkin', 'bulan', 'depan', 'jika', 'tidak', 'bulan', 'ini', 'mungkin', 'tahun', 'depan']",Negatif
"['sesuai', 'perkiraan', 'setidaknya', 'tidak', 'sampai']",Negatif
"['lo', 'semua', 'harus', 'musahabah', 'diri', 'kalau', 'belum', 'pantas', 'ke', 'wc', 'daripada', 'lolos', 'tapi', 'bikin', 'rekor', 'kebobolan', 'terbanyak']",Negatif
"['aku', 'tidak', 'mau', 'menonton', 'lagi', 'kemarin', 'menonton', 'vs', 'jepang', 'aku', 'spot', 'jantung', 'aku', 'khawatir', 'spot', 'jantung', 'lagi', 'kalau', 'menonton']",Negatif
"['kamu', 'jauh', 'sekali', 'dari', 'ini']",Negatif
"['halaahh', 'paling', 'kalah', 'lagi', 'di', 'round', 'timnas', 'lawak']",Negatif
"['bangsa', 'besar', 'wajar', 'kalau', 'kalah', 'besar', 'juga']",Negatif
"['tenang', 'biasa', 'lawan', 'tim', 'hebat', 'dan', 'dibantai', 'pula', 'nanti', 'kalau', 'lawan', 'tim', 'mediokerlemah', 'bakal', 'menang', 'telak']",Negatif
"['padahal', 'banyak', 'pemain', 'naturalisasi']",Negatif
"['iran', 'dan', 'irak', 'ketawa']",Negatif
"['ya', 'memang', 'pemainnya', 'timnas', 'pada', 'medioker', 'ditambah', 'pelatihnya', 'baru', 'medioker', 'juga', 'apa', 'tidak', 'makin', 'hancur', 'tuh', 'timnas', 'wkwkwk']",Negatif
"['senggol', 'ah']",Negatif
"['merindukan', 'saaat', 'dulu', 'piala', 'asia', 'yang', 'timnas', 'ya', 'minim', 'politik']",Negatif
"['polesan', 'ya', 'di', 'tendang', 'goal', 'polesan', 'setahun', 'di', 'hapus', 'gol', 'setengah', 'lusin']",Negatif
"['wkkwkowlkwokwkwkk', 'proses', 'apa', 'anjing']",Negatif
"['kapok', 'syukurin', 'kamu']",Negatif
"['kebobolan', 'gol']",Negatif
"['di', 'bantai', 'tapi', 'pundit', 'pundit', 'kesayangan', 'warga', 'indonesia', 'pada', 'anteng', 'ya', 'beda', 'banget', 'pas', 'sty', 'yang', 'memegang', 'kalau', 'kena', 'bantai', 'duh', 'takutnyeu', 'itu', 'yang', 'kritik']",Negatif
"['lolos', 'dulu', 'baru', 'dikasih', 'ya']",Negatif
"['lebih', 'realistis', 'nanti', 'menang', 'match', 'di', 'piala', 'asia', 'piala', 'dunia', 'cuma', 'berpartisipasi', 'saja']",Negatif
"['efek', 'makan', 'jam', 'rolex', 'jadi', 'keselek', 'kosong']",Negatif
"['kekalahan', 'besar', 'untuk', 'bangsa', 'yang', 'besar']",Negatif
"['jika', 'masih', 'dilatih', 'kluivert', 'dkkbabak', 'ke', 'indonesia', 'hanya', 'akan', 'jadi', 'bulanan', 'berani', 'taruhan', 'main', 'cuma', 'modal', 'semangat', 'doanggak', 'ada', 'taktik', 'tidak', 'ada', 'serangan', 'tembakanpelatih', 'liga', 'saja', 'lebih', 'hebat', 'dari', 'kluivertkembalikan', 'sty']",Negatif
"['bukan', 'masalah', 'ya', 'tapi', 'tanpa', 'serangan', 'satupun', 'tak', 'ada', 'shootmaun', 'cuma', 'kayak', 'tarkam', 'anak', 'sdmodal', 'semangat', 'doangtanpa', 'taktikkluivert', 'amp', 'timnya', 'tak', 'punya', 'ilmu', 'sepakbola', 'apapun', 'berani', 'taruhan', 'babak', 'ind', 'cuma', 'akan', 'jadi', 'bulanankembalikan', 'sty']",Negatif
"['punya', 'mimpi', 'atau', 'cita', 'setinggi', 'langit', 'itu', 'tidak apa-apa', 'tapi', 'yang', 'salah', 'menggantungkan', 'cita', 'ke', 'federsai', 'sepakbola', 'bobrok', 'mott', 'kui', 'otw', 'pildun', 'jembittt']",Negatif
"['tidak apa-apa', 'kalah', 'anggep', 'saja', 'friendly', 'match', 'sudah', 'lolos', 'juga', 'ke', 'next', 'round', 'tapi', 'tetap', 'latihan', 'lah', 'goblok', 'jangan', 'jalan', 'di', 'jepang', 'dan', 'foto', 'di', 'hari', 'pertama', 'kebiasaan', 'lo', 'jelek', 'kntl', 'away', 'tuh', 'buat', 'bertanding', 'bukan', 'plesiran']",Negatif
"['bukan', 'di', 'maki', 'maki', 'wajarlah', 'diberi', 'kritikan', 'masukan', 'cuma', 'sudah', 'terlalu', 'sering', 'buat', 'sesuatu', 'yang', 'kagak', 'berubah', 'ya', 'nitizen', 'taulah', 'mana', 'yang', 'harus', 'di', 'kritisi', 'dan', 'semua', 'pelaku', 'sepakbola', 'di', 'negara', 'manapun', 'sama', 'sok', 'pejabat', 'pssi', 'ya', 'saja', 'yang', 'kagak', 'sadar']",Negatif
"['percumahh', 'kagak', 'mau', 'belajar', 'sukanya', 'seremonial', 'doang']",Negatif
"['ternyata', 'ini', 'kode']",Negatif
"['ini', 'kalahnya', 'tidak', 'main', 'sih', 'no', 'shoot', 'no', 'chance', 'besar', 'meskipun', 'sudah', 'lolos', 'ini', 'mngecewakan', 'perbaikan', 'harus', 'dlakukan', 'percuma', 'lolos', 'piala', 'dunia', 'kalau', 'hanya', 'jadi', 'lumbung', 'gol', 'sudahi', 'pemikiran', 'sudah', 'berusaha', 'sudah', 'berjuang', 'karena', 'lawan', 'tim', 'besar', 'itu', 'mental', 'inferior']",Negatif
"['timnas', 'busuk']",Negatif
"['kalah', 'kualitas', 'kalah', 'ball', 'possession', 'kalah', 'semuanya', 'kalah', 'telakk', 'dengan', 'skuat', 'kayak', 'begini', 'itu', 'kegedean', 'banget', 'dan', 'tidak', 'bisa', 'menyalahkan', 'satu', 'orang', 'doang', 'semuanya', 'under', 'perform', 'moga', 'round', 'bisa', 'berbenah']",Negatif
"['bukan', 'melebihlebihkan', 'sty', 'karena', 'sty', 'juga', 'sama', 'kalah', 'kebantai', 'tapi', 'bedanya', 'pada', 'saat', 'sty', 'ngelatih', 'indonesia', 'dapat', 'chemistry', 'dipertandingan', 'bukan', 'yang', 'ini', 'benerbener', 'statistik', 'ya', 'hampir', 'semua']",Negatif
"['statistik', 'apaan', 'ini', 'woi', 'buset', 'sudah']",Negatif
"['jam', 'ya', 'disuruh', 'dibalikin', 'tidak', 'wkwk']",Negatif
"['yang', 'penting', 'kan', 'dapat', 'rolex']",Negatif
"['kalah', 'sudah', 'diperkirakantp', 'kalau', 'sampai', 'mah', 'duh', 'semoga', 'tidak', 'patah', 'semangat']",Negatif
"['mana', 'nih', 'katanya', 'kiper', 'standar', 'eropa', 'pemain', 'seria', 'a', 'malah', 'kebobolan', 'kocak', 'banget', 'emil']",Negatif
"['mau', 'berharap', 'apa', 'kalau', 'federasi', 'disini', 'masih', 'bobrok']",Negatif
"['sudah', 'dari', 'dulu', 'polanya', 'kalau', 'timnas', 'ketemu', 'pejabat', 'pasti', 'alamat', 'kalah']",Negatif
"['diajari', 'main', 'bola', 'nih']",Negatif
"['alhamdulillah', 'dibantai']",Negatif
"['ya', 'ampun', 'jadi', 'dejavu', 'tahun', 'saat', 'belandaindonesia', 'diobrakabrik', 'jepang']",Negatif
"['diluar', 'soal', 'beda', 'kelas', 'permainan', 'timnas', 'ibarat', 'adonan', 'cuma', 'bahan', 'saja', 'tapi', 'tidak', 'pakai', 'racikan', 'jadi', 'tidak', 'ngembang', 'miskin', 'taktik', 'jarak', 'satu', 'pemain', 'dan', 'lainnya', 'kejauhan', 'dipress', 'dkit', 'looos', 'bola', 'sudah', 'maju', 'depan', 'mundur', 'lagi', 'karena', 'tidak', 'ada', 'support', 'sudah', 'kalah', 'ketimpa', 'giant']",Negatif
"['memang', 'federasi', 'tahi']",Negatif
"['mana', 'tahu', 'bos', 'wong', 'gerbong', 'pengurus', 'pssi', 'saja', 'diisi', 'oleh', 'kroninya', 'et']",Negatif
"['saya', 'tidak', 'benci', 'dengan', 'yang', 'saya', 'benci', 'adalah', 'keputusan', 'otoriter', 'sih', 'yang', 'dengan', 'se', 'mena', 'memecat', 'pelatih', 'yang', 'jelas', 'sudah', 'membawa', 'dari', 'masa', 'kegelapan', 'jika', 'indonesia', 'gagal', 'ke', 'pildunbiang', 'keroknya', 'ketum', 'pssi']",Negatif
"['coba', 'kalau', 'mees', 'yang', 'begini', 'sudah', 'dihujat', 'dibilang', 'tidak', 'nasionalis', 'dipaksa', 'kasih', 'hasil', 'mri']",Negatif
"['memang', 'jepang', 'itu', 'levelnya', 'di', 'atas', 'tapi', 'kalau', 'kalahnya', 'seperti', 'itu', 'sih', 'mendingan', 'pakai', 'pelatih', 'liga', 'saja', 'ketika', 'tmnas', 'kalah', 'dengan', 'pemain', 'naturalisasi', 'yang', 'pas', 'pas', 'an', 'melawan', 'pemain', 'inti', 'jepang']",Negatif
"['beda', 'level', 'jepang', 'sudah', 'levelnya', 'pildun', 'kalau', 'indonesia', 'masih', 'level', 'runner', 'up', 'aff', 'mau', 'gonta', 'ganti', 'platih', 'sampai', 'sribu', 'kali', 'tetap', 'saja']",Negatif
"['biar', 'kluivert', 'makin', 'sadar', 'kalau', 'timnas', 'mainnya', 'sejelek', 'itu']",Negatif
"['knapa', 'harus', 'dari', 'jepang', 'yang', 'nyata', 'siyulid', 'di', 'ikuti', 'pokoknya', 'kita', 'ke', 'zimbabwe', 'saja', 'lah', 'kiblatnya']",Negatif
"['yang', 'penting', 'sudah', 'dapat', 'rolex']",Negatif
"['berak', 'santai', 'apanya', 'kebantai', 'iya', 'mana', 'shots', 'anjinkkk', 'semua', 'se', 'tim', 'tim', 'melempem', 'kayak', 'kerupuk', 'seblak', 'baru', 'ketemu', 'jepang', 'sudah', 'jadi', 'yupi', 'kamu', 'pada', 'timnasindonesia']",Negatif
"['beda', 'kelas', 'yang', 'membagun', 'dari', 'grassroot', 'dengan', 'yang', 'asal', 'comot', 'bulebule']",Negatif
"['ya', 'bisa', 'kalau', 'spirit', 'konoha', 'sudah', 'cabut', 'dari', 'indonesia']",Negatif
"['kekuatan', 'asing', 'yang', 'sangat', 'luar', 'biasa']",Negatif
"['sangat', 'prihatin', 'dengan', 'jam', 'mewah', 'kemarin', 'tidak', 'tepat', 'waktudiundang', 'makin', 'ri', 'saja', 'sudah', 'apresiasi', 'besar', 'perlu', 'oleh', 'baru', 'lolos', 'bukan', 'putaran', 'final', 'bagaimana', 'bisa', 'tegak', 'kepala', 'dapat', 'jam', 'mahal', 'kok', 'sampai', 'olehny', 'malah', 'jadi', 'beban', 'ya']",Negatif
"['hahahahaha', 'pendukungnya', 'anti', 'kritik', 'kasihan', 'ya', 'indonesia', 'gha', 'akan', 'disebut', 'king', 'karena', 'masih', 'kalah', 'lawan', 'jepang']",Negatif
"['yakin', 'gua', 'akan', 'lolos', 'pildun', 'kalau', 'pelatihnya', 'sih', 'kupret', 'sih', 'keblinger', 'putaran', 'sty', 'ngadepin', 'semua', 'peserta', 'grup', 'di', 'putaran', 'ke', 'cuma', 'ngadepin', 'arab', 'doang', 'dan', 'hasilnya', 'menang', 'artinya', 'sty', 'sudah', 'mempelajari', 'tim', 'lawan', 'dari', 'putaran']",Negatif
"['untung', 'kalah', 'kalau', 'menang', 'timnas', 'bisa', 'lupa', 'diri', 'bahwa', 'lawan', 'di', 'putaran', 'tidak', 'lebih', 'ringan']",Negatif
"['alhamdulillah', 'min', 'timnas', 'rolex', 'keok', 'sukurin', 'aku', 'bangga', 'kalian', 'keok', 'selamat', 'atay', 'efouria', 'tahi', 'itu']",Negatif
"['rolexnya', 'dikembalikan', 'indak', 'nih', 'aman', 'masih', 'ada', 'ronde', 'ke']",Negatif
"['wkwkwk', 'mau', 'kasihan', 'tapi', 'mengapai']",Negatif
"['tim', 'belanda', 'kalah', 'di', 'jepang']",Negatif
"['pejabatnya', 'anti', 'kritik', 'pendukungnya', 'anti', 'kritik', 'juga', 'didikan', 'arya', 'sinu', 'memang', 'beda']",Negatif
"['wkwkkw', 'tahi', 'lo', 'semua', 'bilang', 'timnas', 'main', 'jelek', 'langsung', 'dibilang', 'buzzer', 'sty']",Negatif
"['anti', 'kritik', 'banget', 'sih', 'goblok', 'bagaimana', 'mau', 'maju', 'sepakbola', 'indonesia']",Negatif
"['bangsa', 'yang', 'besar', 'ekekkw', 'besar', 'kepala', 'kelas', 'lawan', 'malesia', 'saja', 'sudah', 'kecroh', 'mah', 'gayeng']",Negatif
"['minimal', 'shoot', 'blok']",Negatif
"['goblok', 'perbandingan', 'dengan', 'match', 'sebelumnya', 'tolol', 'shoot', 'itu', 'apa', 'dasar', 'hewan', 'berkaki', 'sepuluh']",Negatif
"['minimal', 'rolex', 'dibalikin', 'sih']",Negatif
"['yang', 'penting', 'bisa', 'mengomong', 'inggris', 'alias']",Negatif
"['dikasih', 'rolex', 'mainya', 'jelek']",Negatif
"['suruh', 'jangan', 'banyak', 'bacot', 'biar', 'tidak', 'blunder', 'pak']",Negatif
"['hati', 'tidak pernah', 'kebobolan', 'sampai', 'kocak']",Negatif
"['sudah', 'ya', 'kalau', 'ketemu', 'jepang', 'tidak usah', 'mengaku', 'king', 'lagi', 'home', 'sudah', 'gol', 'away', 'malah', 'parah', 'gol']",Negatif
"['bagai', 'langit', 'dan', 'bumi']",Negatif
"['timnas', 'belanda', 'juga', 'belum', 'tentu', 'menang', 'lawan', 'jepang', 'apa', 'lagi', 'cuman', 'kumpulan', 'pemain', 'belanda', 'yang', 'tidak', 'kepakai', 'di', 'negaranya']",Negatif
"['sudah', 'gue', 'bilang', 'kita', 'tidak usah', 'ganti', 'ganti', 'pelatih', 'dulu', 'sampai', 'kontrak', 'habis', 'tapi', 'bajingan', 'semua']",Negatif
"['tim', 'sudah', 'full', 'bule', 'kok', 'masih', 'saja', 'kalah', 'begitu', 'gayanya', 'selangit', 'kemarin', 'pakai', 'joget', 'joget', 'dikandang', 'wowo', 'wkwk', 'losers']",Negatif
"['menyesal', 'tidak', 'lihat', 'matchnya', 'padahal', 'mau', 'support', 'nippon', 'ngebantai', 'tim', 'jam', 'rolex']",Negatif
"['yang', 'seharusnya', 'langsung', 'berangkat', 'ke', 'jpg', 'malah', 'bagibagi', 'jam', 'dulu']",Negatif
"['makanya', 'kemarin', 'jangan', 'dikasih', 'rolex', 'min', 'kasih', 'seiko', 'saja']",Negatif
"['kan', 'sudah', 'pakai', 'naturalisasi', 'masih', 'kalah', 'kelas', 'saja', 'bagaimana', 'sih']",Negatif
"['ganti', 'kelamin', 'saja']",Negatif
"['rooster', 'pemain', 'potensial', 'tapi', 'tidak bisa', 'di', 'utilisasi', 'maksimal', 'jarak', 'terlalu', 'lebar', 'tidak ada', 'build', 'up', 'offense', 'dari', 'belakang', 'cuma', 'ngandelin', 'traditional', 'play', 'long', 'pas', 'ke', 'depan', 'sory', 'but', 'timnas', 'era', 'evan', 'dimas', 'amp', 'ivan', 'kolev', 'its', 'way', 'better', 'tahan', 'this', 'era', 'sty', 'kluivert']",Negatif
"['lebih', 'butuh', 'jam', 'terbang', 'daripada', 'jam', 'rolex']",Negatif
"['tewas', 'menggemaskan']",Negatif
"['makan', 'tuh', 'rolex']",Negatif
"['gara', 'rolex', 'ngasihnya', 'tidak', 'di', 'lempar', 'sih', 'harusnya', 'di', 'lempar', 'kayak', 'waktu', 'beliau', 'bagi', 'kaos', 'biar', 'hoki']",Negatif
"['mana', 'katanya', 'tim', 'kepelatihan', 'terbaik', 'yang', 'pernah', 'ada']",Negatif
"['ruang', 'situ', 'kosong', 'melompong', 'terus', 'anjinggg', 'nathan', 'malas', 'jemput', 'bola', 'cenderung', 'melihati', 'doang', 'kagak', 'ada', 'inisiativ', 'jadinya', 'pemain', 'belakang', 'ya', 'bingung', 'tidak', 'cocok', 'haye', 'tandem', 'nathan', 'njing']",Negatif
"['menyaksikan', 'timnya', 'ngejar', 'pantat']",Negatif
"['anjir', 'mengakak', 'gue', 'goblok', 'kelihatan', 'banget', 'cuman', 'peliharaan', 'buat', 'bikin', 'geli']",Negatif
"['sbnernya', 'disini', 'sudah', 'pasrah']",Negatif
"['tidak', 'apa', 'kalah', 'yang', 'penting', 'sudah', 'dapat', 'rolex']",Negatif
"['stamina', 'kalah', 'jauh']",Negatif
"['ku', 'tinggal', 'bikin', 'kopi', 'bentar', 'ke', 'dapur', 'sudah', 'kebantai', 'saja']",Negatif
"['mabok', 'rolex', 'nih', 'pastinya']",Negatif
"['ganti', 'pelatih', 'dipastikan', 'lolos', 'pildun', 'sty', 'dengan', 'squad', 'yang', 'ada', 'main', 'lebih', 'baik', 'ketika', 'lawan', 'jepang', 'argentina', 'arab', 'saudi', 'dan', 'tim', 'tim', 'kuat', 'lainnya', 'byangkan', 'sty', 'dengan', 'squad', 'yang', 'ada', 'saat', 'ini', 'sudah', 'pasti', 'digilas', 'tuh', 'tim', 'tim', 'timur', 'tengah', 'yang', 'ada']",Negatif
"['kalah', 'tambah', 'naturalisasi', 'menang', 'gala', 'dinner', 'gift', 'program', 'pssi', 'kayak', 'orang', 'sudah', 'tidak', 'bisa', 'mikir']",Negatif
"['satu', 'yang', 'pasti', 'mainnya', 'kayak', 'tahi']",Negatif
"['mana', 'ini', 'towel', 'dan', 'pengikutnya', 'buka', 'mata', 'kamu', 'semua', 'coach', 'sty', 'lebih', 'besar', 'dari', 'coach', 'bintang', 'laut']",Negatif
"['ditinggal', 'berak', 'bentar', 'sudah']",Negatif
"['mungkin', 'setelah', 'kemarin', 'dapat', 'rolex', 'pas', 'lawan', 'jepang', 'dijanjiin', 'mobil', 'esemka']",Negatif
"['daripada', 'match', 'tadi', 'away', 'lebih', 'seru', 'yang', 'pas', 'home', 'era', 'sty', 'gila', 'walaupun', 'kalah', 'juga', 'bisa', 'mengasih', 'perlawanan', 'ini', 'kalah', 'telak', 'tidak', 'ada', 'perlawanan', 'banget', 'ngepress', 'saja', 'ragu', 'ragu', 'pemainnya']",Negatif
"['bagaimana', 'nih', 'pendukung', 'timnas', 'begini', 'saja', 'sudah', 'ketar', 'ketir', 'bagaimana', 'nanti', 'pas', 'fifa', 'match', 'day', 'pasti', 'pelatih', 'ganti', 'taktik']",Negatif
"['yaelahh', 'bang', 'capek', 'kalau', 'blang', 'begini', 'mulu', 'yakali', 'mantan', 'pemilik', 'inter', 'kagak', 'mengerti', 'atau', 'memang', 'ah', 'sudahlahh']",Negatif
"['dapat', 'piring', 'cantik', 'enggak', 'ini', 'setengah', 'lusin', 'lo']",Negatif
"['gila', 'jepun', 'bantai', 'indonesia', 'pedih', 'amat']",Negatif
"['kluivert', 'tololnya', 'natural', 'lawan', 'langganan', 'piala', 'dunia', 'kok', 'berani', 'pakai', 'coba', 'dengan', 'playstyle', 'yang', 'asing', 'dari', 'yang', 'sering', 'mereka', 'mainin', 'di', 'klub', 'wingback', 'yang', 'kurang', 'kreatif', 'dm', 'yang', 'kayak', 'abang', 'di', 'inggris', 'terus', 'diajak', 'main', 'dan', 'striker', 'yang', 'otaknya', 'belum', 'sinkron']",Negatif
"['tiap', 'dibantai', 'jauh', 'tim', 'asia', 'begini', 'suka', 'mikir', 'ini', 'baru', 'lawan', 'tim', 'asia', 'saja', 'gap', 'ya', 'segini', 'dan', 'tim', 'asia', 'yang', 'ngebantai', 'bantai', 'ini', 'bahkan', 'tidak', 'pernah', 'berbicara', 'banyak', 'di', 'piala', 'dunia', 'apalagi', 'mengomongkan', 'perancis', 'jerman', 'argentina']",Negatif
"['terlena', 'karena', 'rolex']",Negatif
"['coba', 'tanya', 'langsung', 'kepada', 'ketum', 'kenapa', 'tidak', 'mengambil', 'pemain', 'dari', 'penjajah', 'jepang', 'dan', 'lebih', 'memilih', 'pemain', 'dari', 'penjajah', 'belanda']",Negatif
"['yang', 'penting', 'sudah', 'dapat', 'jam', 'rolex', 'yang', 'ratusan', 'juta', 'wkwkwk']",Negatif
"['kalau', 'begini', 'dapetnya', 'pasti', 'jam', 'dinding']",Negatif
"['tembakan', 'ke', 'gawang', 'jepang', 'tembakan', 'kebijakan', 'yang', 'mempersulit', 'rakyat', 'tak', 'terhingga']",Negatif
"['nathan', 'itu', 'cadangan', 'mati', 'di', 'swansea', 'mengapa', 'ditempatkan', 'sebagai', 'dm', 'dan', 'terbukti', 'selalu', 'bikin', 'blunder', 'di', 'tengah', 'menit', 'tanpa', 'sentuhan', 'taktik', 'apapun', 'dari', 'kluivert', 'di', 'sidney', 'stadium', 'semua', 'gol', 'australia', 'terjadi', 'dengan', 'sangat', 'mudah']",Negatif
"['mangkanya', 'jangan', 'terlalu', 'di', 'anak', 'emaskan', 'mbok', 'kasih', 'ke', 'atlet', 'cabor', 'lain', 'yang', 'minimum', 'dana', 'maksimum', 'prestasi', 'begitu', 'loh']",Negatif
"['kemarin', 'alasan', 'ya', 'kendala', 'bahasa', 'sekarang', 'tahi']",Negatif
"['yaudah', 'kita', 'ambil', 'perbandingan', 'pas', 'piala', 'asia', 'bagaimana', 'jepun', 'full', 'squad', 'kita', 'belum', 'banyak', 'pemain', 'se', 'wah', 'sekarang', 'bagaimana', 'menonton', 'tidak', 'pas', 'piala', 'asia']",Negatif
"['malu', 'sama', 'rolex', 'atuh', 'and', 'itu', 'rolex', 'bisa', 'dibalikin', 'ke', 'rakyat', 'indonesia', 'tidak', 'ya', 'buat', 'makan', 'bergizi', 'gratismbg']",Negatif
"['awkwoowkwk', 'sosoan', 'mau', 'masuk', 'pildun']",Negatif
"['tapi', 'dari', 'statistik', 'match', 'sebelumnya', 'lawan', 'jepun', 'hari', 'ini', 'sebuah', 'kemunduran', 'abangku']",Negatif
"['ketika', 'tingginya', 'harapan', 'dihantam', 'kenyataan']",Negatif
"['sama', 'kebantai', 'tidak', 'usak', 'sok', 'lebih', 'baik', 'paok', 'lo', 'mau', 'shot', 'tidak', 'jadi', 'gol', 'juga', 'gaguna', 'tolol']",Negatif
"['mau', 'main', 'di', 'neraka', 'juga', 'kalau', 'kalah', 'ya', 'kalah', 'saja', 'kebantai', 'ya', 'kebantai', 'saja', 'tidak', 'usah', 'banyak', 'alesan', 'paok']",Negatif
"['pembelajaran', 'buat', 'kita', 'jangan', 'jumawa', 'dulu', 'apalagi', 'sampai', 'bandingkan', 'sama', 'sebelumnya', 'sekarang', 'lihat', 'kan']",Negatif
"['babak', 'kedua', 'ganti', 'pelatih']",Negatif
"['tidak', 'ada', 'bedanya', 'sama', 'terbantai', 'mau', 'lo', 'shot', 'tapi', 'tidak', 'gol', 'buat', 'apa']",Negatif
"['orang', 'idiot', 'yang', 'bilang', 'beda', 'sama', 'kebantai', 'malah', 'dibandingkan', 'yang', 'dilihat', 'hasil', 'akhir', 'bukan', 'berapa', 'bisa', 'shot', 'akwowkwo']",Negatif
"['kesalahan', 'dan', 'adalah', 'menyuruh', 'tukang', 'judi', 'untuk', 'melatih', 'timnas', 'indonesia']",Negatif
"['apa', 'yang', 'beda', 'sama', 'terbantai', 'mau', 'kasih', 'shoot', 'kalau', 'tidak', 'gol', 'buat', 'apa']",Negatif
"['pelatih', 'ini', 'yang', 'memilih', 'siapa', 'sih']",Negatif
"['coba', 'bayangkan', 'dinegara', 'sendiri', 'menonton', 'timnas', 'sendiri', 'siaran', 'diacak', 'harus', 'beli', 'paket', 'menonton', 'sementara', 'mereka', 'dapat', 'rolex', 'hidup', 'jepang']",Negatif
"['rolex', 'yang', 'siasia']",Negatif
"['menang', 'lawan', 'bahrain', 'dan', 'china', 'kemarin', 'kita', 'hanya', 'beruntung', 'main', 'di', 'gbk', 'dan', 'harusnya', 'kita', 'malu', 'ngegolin', 'di', 'kandang', 'hanya', 'lewat', 'penalti', 'kalau', 'pakai', 'taktik', 'sty', 'golnya', 'pasti', 'bisa', 'lebih', 'dari', 'satu']",Negatif
"['belajar', 'mulu', 'tapi', 'tidak', 'pintar']",Negatif
"['di', 'hadapan', 'jepang', 'tidak', 'ada', 'itu', 'naturalisasi', 'semua', 'akan', 'di', 'netralisasi', 'menang', 'lawan', 'cina', 'hasil', 'pinalti', 'sudah', 'merasa', 'jagoan', 'di', 'mata', 'jepang', 'kalian', 'cuma', 'sampah', 'peradaban']",Negatif
"['skalian', 'pun', 'mundur', 'sudah', 'tidak', 'becus', 'buang', 'duit', 'negara', 'mending', 'buat', 'ikn', 'supaya', 'jangan', 'jadi', 'sarang', 'monyet', 'dan', 'babi']",Negatif
"['nice', 'try', 'disiplin', 'dulu', 'baru', 'rolex', 'waktu']",Negatif
"['kalau', 'kalah', 'dikasih', 'rolex', 'juga', 'tidak']",Negatif
"['sudah', 'benar', 'kata', 'gue', 'juga', 'apa', 'sty', 'saja', 'malah', 'memilih', 'coach', 'penjudi', 'cuih']",Negatif
"['berharap', 'menang', 'lawan', 'jepang', 'mah', 'kayak', 'bahlil', 'berharap', 'jadi', 'ganteng', 'atuh', 'mustahil']",Negatif
"['abang', 'sudah', 'abang']",Negatif
"['benar', 'gue', 'tidak', 'nontonudah', 'pasti', 'di', 'bantai']",Negatif
"['tidak apa-apa', 'sudah', 'dapat', 'rolex', 'juga']",Negatif
"['apa', 'kata', 'dunia']",Negatif
"['menang', 'dapat', 'rolex', 'kalah', 'main', 'roblox']",Negatif
"['padahal', 'disini', 'kalau', 'sudah', 'deadlock', 'begini', 'peran', 'arhan', 'bisa', 'di', 'andelin', 'buat', 'nyiptain', 'peluang', 'ini', 'yang', 'di', 'melakukan', 'sty', 'pas', 'piala', 'asia', 'kemarin', 'akhirnya', 'bisa', 'nyekor', 'lewat', 'lemparan', 'ke', 'dalam', 'arhan', 'pas', 'lawan', 'jepang']",Negatif
"['yang', 'penting', 'sudah', 'punya', 'rolex', 'mah', 'santai', 'saja']",Negatif
"['belum', 'apa', 'apa', 'sudah', 'dikasih', 'rolex', 'sih', 'wkwk']",Negatif
"['tidak apa-apa', 'yang', 'penting', 'sudah', 'dapat', 'jam', 'tangan']",Negatif
"['malu', 'sih', 'kebantai', 'begini']",Negatif
"['bagaimana', 'rasanya', 'digamparin', 'kenyataan', 'lur']",Negatif
"['waktunya', 'apa', 'abang', 'rolex', 'ya', 'waktunya', 'bilang', 'wajar', 'kalah', 'dari', 'jepang']",Negatif
"['eksperimen', 'itu', 'jangan', 'terlalu', 'sering']",Negatif
"['akibat', 'terlalu', 'percaya diri', 'lapis', 'dua', 'saja', 'apalagi', 'inti']",Negatif
"['terlalu', 'gelap', 'untuk', 'timnas', 'di', 'obok', 'obok', 'sama', 'jepang']",Negatif
"['kau', 'tidak', 'mengerti', 'dia', 'maunya', 'timnas', 'lolos', 'pildun', 'di', 'masa', 'jabatan', 'dia', 'bukan', 'pakai', 'cara', 'seperti', 'jepang', 'yang', 'memakam', 'waktu', 'lama']",Negatif
"['ini', 'benar', 'benar', 'kacau', 'sih', 'gakmau', 'out', 'nih']",Negatif
"['kalah', 'sih', 'kalah', 'tapi', 'ya', 'tidak', 'shoot', 'juga']",Negatif
"['jumawa', 'banget', 'sih', 'menang', 'dikit', 'jm', 'tangan', 'rolex', 'hadeh', 'gendut']",Negatif
"['aku', 'tadi', 'asbun', 'eh', 'ternyata', 'benaran', 'kena', 'bantai']",Negatif
"['kalau', 'ronde', 'kluivert', 'gagal', 'kagak', 'lolos', 'pildun', 'ayo', 'kita', 'rame', 'pagar', 'kluivert', 'out', 'kluivert', 'beri', 'kesempatan', 'dulu', 'ronde', 'kita', 'dukung', 'bersama', 'bro']",Negatif
"['ruang', 'ganti', 'harus', 'mencari', 'solusi', 'jika', 'memang', 'masih', 'begini', 'begini', 'saja']",Negatif
"['tapi', 'harus', 'diakui', 'pola', 'permainan', 'masih', 'bagus', 'era', 'sty', 'padahal', 'ini', 'jepang', 'sudah', 'lapis', 'ke', 'dua', 'loh', 'masih', 'tetap', 'ditekan', 'terus', 'bahkan', 'tidak bisa', 'bikin', 'shoot', 'sama', 'sekali', 'dipikir', 'kesalahan', 'sty', 'cuman', 'kalah', 'vs', 'china']",Negatif
"['federasinya', 'saja', 'tidak', 'percaya', 'proses', 'aowkwk', 'maunya', 'naturalisasi', 'terus', 'padahal', 'kembangin', 'liga', 'lebih', 'penting', 'buat', 'kematangan', 'timnas', 'sendiri', 'dalam', 'jika', 'panjang']",Negatif
"['tipikal', 'supporter', 'timnas', 'holland', 'mah', 'ach', 'mudahmudahan', 'kagak', 'lolos', 'kamu', 'anjing']",Negatif
"['memang', 'gue', 'bilang', 'kalah', 'ya', 'ya', 'kali', 'kalah', 'di', 'home', 'sudah', 'ada', 'tambahan', 'ole', 'dkk', 'yang', 'gue', 'kritik', 'jelas', 'kok', 'hasil', 'dari', 'penalti', 'di', 'laga', 'home', 'vs', 'china', 'tidak', 'bisa', 'dibanggakan', 'dengan', 'permainan', 'begitu']",Negatif
"['jepang', 'langganan', 'piala', 'dunia', 'kita', 'masih', 'langganan', 'capcut', 'kesenjangan', 'prestasi']",Negatif
"['mgknya', 'lolos', 'dulu', 'baru', 'dikasi', 'rolex']",Negatif
"['cuma', 'mau', 'bilang', 'di', 'era', 'sty', 'pemain', 'lokal', 'ya', 'pada', 'ada', 'mental', 'semua', 'lah', 'ini', 'wkwkwk', 'kocak', 'banget', 'anjing']",Negatif
"['dna', 'champion', 'tidak', 'ada', 'di', 'pemain', 'natur', 'dan', 'pelatih', 'baiknya', 'lain', 'waktu', 'natur', 'ditiadakan', 'tapi', 'pelatih', 'mahal', 'dan', 'punya', 'dna', 'champion', 'dihadirkan', 'seperti', 'jerman', 'misalnya']",Negatif
"['edan', 'tembakan', 'selama', 'menit']",Negatif
"['kayanya', 'yang', 'tidak', 'percaya', 'proses', 'federasi', 'ya', 'deh', 'termasuk', 'ketum', 'tuh', 'mecat', 'pelatih', 'di', 'tengah', 'tengah', 'kompetisi']",Negatif
"['keberatan', 'rolex', 'jadi', 'larinya', 'ngosan']",Negatif
"['timnas', 'indonesia', 'kebanyakan', 'makan', 'daging', 'qurban', 'abang', 'sudah', 'abang']",Negatif
"['shock', 'dikit', 'soalnya', 'prediksi']",Negatif
"['serius', 'bertanya', 'min', 'kenapa', 'laga', 'tandang', 'di', 'wcq', 'indonesia', 'tidak', 'pernah', 'menang', 'hasil', 'maksimalnya', 'cuma', 'seri']",Negatif
"['tidak', 'berharap', 'buat', 'menang', 'sih', 'ya', 'tapi', 'kalahnya', 'jangan', 'setengah', 'lusin', 'juga', 'kali']",Negatif
"['sangat', 'memalukan', 'hasilnya', 'tapi', 'jam', 'rolex', 'ya', 'bagus', 'dari', 'sih', 'gendut']",Negatif
"['memang', 'kualitas', 'jepang', 'diatas', 'timnas', 'tapi', 'kalau', 'kalah', 'jangan', 'sampai', 'lah']",Negatif
"['kutukan', 'timnas', 'indonesia', 'dipanggil', 'ke', 'istana']",Negatif
"['jangan', 'mau', 'dipermalukan', 'sama', 'antek', 'asing', 'kita', 'ini', 'bangsa', 'yang', 'besar', 'kasih', 'rolls', 'royce', 'biar', 'makin', 'topcer', 'timnas', 'kita']",Negatif
"['sudah', 'pasti', 'penyebabnya', 'karena', 'ada', 'campur', 'tangan', 'asing']",Negatif
"['harus', 'instan', 'abang', 'kan', 'sih', 'erick', 'butuh', 'pencitraan', 'buat', 'jabatan', 'dia', 'kalau', 'prosesnya', 'kelamaan', 'takut', 'sudah', 'tidak', 'menjabat', 'dong', 'maklum', 'pejabat', 'kebanyakan', 'gimmick']",Negatif
"['mending', 'main', 'gundu', 'saja', 'lah']",Negatif
"['sudah', 'dibilang', 'hilgers', 'sama', 'idzes', 'tidak', 'cocok', 'abang']",Negatif
"['piala', 'dunia', 'masih', 'jauh', 'belum', 'pantas', 'kita', 'ke', 'piala', 'dunia', 'hayo', 'berbenah', 'dan', 'belajar', 'membuat', 'timnas', 'ke', 'jepang', 'piala', 'dunia', 'masih', 'jauh', 'dari', 'harapan']",Negatif
"['gakpp', 'yang', 'penting', 'sudah', 'dapat', 'jam', 'rolex']",Negatif
"['kekalahan', 'ini', 'murni', 'campur', 'tangan', 'pihak', 'asing']",Negatif
"['gasanggup', 'menonton', 'lagi', 'trnyt', 'sudah', 'kalah']",Negatif
"['kemarin', 'saja', 'ngebet', 'banget', 'lolos', 'pildun', 'sampai', 'ganti', 'pelatih', 'ternyata', 'pelatih', 'yang', 'sekarang', 'lebih', 'tolol', 'ang', 'ang', 'ang']",Negatif
"['terbantai', 'wak']",Negatif
"['era', 'moderen', 'itu', 'main', 'tidak', 'perlu', 'cantik', 'yang', 'dibutuhkan', 'menang', 'bro', 'tidak', 'perlu', 'penguasaan', 'bola', 'walau', 'dalam', 'penguasaan', 'bola', 'yang', 'penting', 'menang', 'bro', 'karena', 'dalam', 'pertandingan', 'itu', 'yang', 'dibutuhkan', 'menang', 'bro', 'paham', 'apa', 'kagak', 'bro']",Negatif
"['sudah', 'lah', 'kembali', 'lagi', 'ke', 'setelan', 'pabrik', 'juara', 'dulu', 'aff', 'wkwwkk']",Negatif
"['selama', 'sepak', 'bola', 'masih', 'dijadikan', 'alat', 'politik', 'omong', 'kosong', 'sama', 'pembinaan', 'usia', 'muda', 'dan', 'infrastruktur', 'patokannya', 'tembus', 'piala', 'dunia', 'auto', 'nyapres']",Negatif
"['gapapa', 'gapapa', 'yang', 'penting', 'sudah', 'dapat', 'jam', 'rolex']",Negatif
"['tidak', 'pernah', 'espek', 'babak', 'pertama', 'kebobolan', 'banyak']",Negatif
"['kali', 'ini', 'jauh', 'tebakan', 'saya', 'hiks']",Negatif
"['tolong', 'bilang', 'pak', 'et', 'kapan', 'mundur', 'sekarang', 'nyeder', 'di', 'tembok', 'mana']",Negatif
"['bjirr', 'dibantai']",Negatif
"['permainan', 'paling', 'goblok', 'tolol', 'sampah', 'anjing', 'bangsat', 'semua', 'macam', 'itu', 'tidak', 'cukup', 'menggambarkan', 'betapa', 'jelek', 'dan', 'hancurnya', 'permainan', 'indonesia', 'malam', 'ini']",Negatif
"['awikwok', 'susah', 'susah', 'benerin', 'timnasnya', 'eh', 'tetap', 'kalah', 'mending', 'benerin', 'liga']",Negatif
"['pelatih', 'kok', 'duduk', 'di', 'bench', 'sementara', 'timnya', 'babak', 'belur', 'artinya', 'taktiknya', 'mentok']",Negatif
"['arya', 'suruh', 'keluar', 'bacotnya']",Negatif
"['makanya', 'jangan', 'terlalu', 'mudah', 'mengganti', 'pelatih', 'di', 'tengah', 'kompetisi', 'selamat', 'menikmati', 'pertandingan', 'dengan', 'zero', 'shoot', 'hahahaha', 'congrats']",Negatif
"['baru', 'jepang', 'saja', 'sudah', 'bagaimana', 'lawan', 'tim', 'lain']",Negatif
"['tolong', 'berbenah', 'min', 'bukan', 'menambah', 'pemain', 'naturalisasi', 'lagi']",Negatif
"['kita', 'tidak', 'menerima', 'alasan', 'butuh', 'proses', 'butuh', 'penyesuaian', 'butuh', 'chemistry', 'antara', 'pelatih', 'dan', 'pemain', 'dari', 'awal', 'ganti', 'pelatih', 'sudah', 'di', 'tuntut', 'wajib', 'menang', 'karena', 'memang', 'tim', 'sudah', 'terbentuk', 'harusnya', 'tidak', 'ada', 'alasan', 'apapun']",Negatif
"['minimal', 'menang', 'lawan', 'jepang', 'dulu', 'baru', 'dapat', 'rolex', 'wkwk']",Negatif
['tercengang'],Negatif
"['pulang', 'kerja', 'jam', 'dengan', 'semangat', 'penuh', 'mau', 'lihat', 'timnas', 'tercinta', 'eh', 'malah', 'kebobolan', 'setengah', 'lusin', 'apa', 'tidak', 'syok', 'jantung', 'ini']",Negatif
"['kocak', 'setengah', 'lusin']",Negatif
"['ya', 'jelas', 'bersih', 'abang', 'total', 'shot', 'shot', 'on', 'goal', 'corner', 'besar', 'semua', 'ini', 'ke', 'jepang', 'mau', 'match', 'apa', 'belanja', 'cantik', 'ngabisin', 'duit', 'rakyat', 'saja']",Negatif
"['uadah', 'mah', 'pemainnya', 'bule', 'mainnya', 'tidak', 'maksimal', 'mending', 'pemain', 'lokal', 'saja', 'semua', 'yang', 'full', 'percakapan', 'tidak', 'bakal', 'bikin', 'kecewa', 'asli']",Negatif
"['kebanyakan', 'dipuji']",Negatif
"['ada', 'peningkatan', 'pak', 'kemarin', 'lek', 'pertama', 'sekarang']",Negatif
"['keturunan', 'eropa', 'juga', 'grade', 'kalau', 'grade', 'a', 'terus', 'mereka', 'dipanggil', 'dinegara', 'mereka', 'asal', 'ya', 'pasti', 'bkl', 'tidak', 'mau', 'diajak', 'gabung']",Negatif
"['suka', 'tidak', 'suka', 'timnas', 'saat', 'lawan', 'jepang', 'di', 'era', 'sty', 'lebih', 'baik', 'ketimbang', 'kluivert', 'lihat', 'saja', 'statistik', 'amp', 'permainannya', 'timnasnya', 'sty', 'itu', 'masih', 'mengasih', 'perlawanan', 'amp', 'peluang', 'bagus', 'bisa', 'cetak', 'gol', 'loh', 'lah', 'yang', 'barusan', 'nendang', 'sekali', 'saja', 'tidak bisa', 'pula']",Negatif
"['harus', 'ganti', 'pelatih', 'sih', 'inimah', 'wkwkwk']",Negatif
"['el', 'bintang', 'laut', 'hobi', 'banget', 'kalah', 'dengan', 'skor', 'besar']",Negatif
"['bagaimana', 'sih', 'gara', 'tergiur', 'dikasih', 'rolex', 'sama', 'prabowo', 'malah', 'jadi', 'kalah', 'entar', 'disuruh', 'balikin', 'loh', 'rolexnya', 'ke', 'prabowo']",Negatif
"['berasa', 'di', 'jajah', 'lagi']",Negatif
"['pertandingan', 'ini', 'membuktikan', 'kalau', 'pelatih', 'kita', 'memang', 'medioker', 'tidak', 'mampu', 'mencari', 'solusi', 'saat', 'ada', 'masalah', 'tapi', 'bagaimana', 'lagi']",Negatif
"['baru', 'menang', 'sekali', 'itupun', 'lewat', 'penalti', 'sudah', 'seperti', 'dapat', 'trophy', 'bagus', 'kalah', 'telak', 'jadi', 'bisa', 'evaluasi', 'dan', 'biar', 'tidak', 'sombong', 'terlalu', 'dini']",Negatif
"['makan', 'tuh', 'timnas', 'instan', 'erick', 'erick', 'di', 'kasih', 'fakta', 'sama', 'jepang', 'kalau', 'timnas', 'yang', 'bagus', 'ya', 'timnas', 'yang', 'berkembang', 'dari', 'liga', 'lokal', 'yang', 'bagus', 'juga', 'ha', 'di', 'sini', 'ketumnya', 'saja', 'tidak', 'pernah', 'lihat', 'liga', 'lokal', 'wkwkw']",Negatif
"['lebih', 'percaya', 'sama', 'patrick', 'star', 'daripada', 'patrick', 'yang', 'lain']",Negatif
"['gila', 'tidak', 'menyangka', 'banget', 'bakal', 'di', 'bantai', 'wkwkwk']",Negatif
"['masih', 'ada', 'harapan', 'cuma', 'saja', 'kok']",Negatif
"['minimal', 'ada', 'goal', 'dari', 'kita']",Negatif
"['akhirnya', 'gwe', 'memilih', 'menonton', 'cokipop', 'dan', 'tidak', 'lanjutkan', 'menonton', 'ini']",Negatif
"['terbantaii', 'kawannn']",Negatif
"['tidak', 'layak', 'lolos', 'round', 'permainan', 'jelek', 'line', 'up', 'tidak', 'konsisten', 'pelatih', 'kocak', 'bukan', 'masalah', 'ada', 'anak', 'kesayangan', 'atau', 'apalah', 'tapi', 'kamu', 'ngelatih', 'harus', 'punya', 'komposisi', 'yang', 'pas', 'jadi', 'badut', 'sudah', 'di', 'round']",Negatif
"['dijajah', 'jepang', 'lagi']",Negatif
"['kenapa', 'setiap', 'kalah', 'dengan', 'timnegara', 'raksasa', 'selalau', 'dibilang', 'pelajaran', 'yang', 'berharga', 'kalau', 'masih', 'beropini', 'demikian', 'tidak', 'usah', 'ada', 'program', 'naturalisasi', 'pelatih', 'asing', 'sekalian', 'harusnya', 'sudah', 'dititik', 'kalau', 'kalahterbantai', 'narasinya', 'yang', 'benar', 'adalah', 'kami', 'malu']",Negatif
"['dilihat', 'dulu', 'stats', 'ya', 'total', 'shot', 'shot', 'on', 'goal', 'corner', 'besar', 'buang', 'duit', 'saja', 'jadi', 'ya']",Negatif
"['kalah', 'tambah', 'naturalisasi', 'menang', 'gala', 'dinner', 'gift', 'program', 'pssi']",Negatif
"['memang', 'layak', 'kalah', 'belum', 'kelasnya']",Negatif
"['efek', 'sudah', 'lolos', 'round', 'jadi', 'ogah', 'ogahan']",Negatif
"['apakh', 'indonesia', 'layak', 'masuk', 'piala', 'duniajawabannya', 'tidak']",Negatif
"['sudah', 'percaya diri', 'pakai', 'player', 'issue', 'malah', 'terbantai']",Negatif
"['sadar', 'diri', 'makanya', 'memakai', 'jalan', 'pintas', 'naturalisasi', 'dihajar', 'sama', 'tim', 'langganan', 'piala', 'dunia', 'langsung', 'diam', 'kan', 'kamu', 'lagian', 'memakai', 'pemaen', 'naturalisasi', 'grade', 'sama', 'semua', 'tidak', 'yang', 'tidak', 'bisa', 'bersaing', 'di', 'tim', 'elit']",Negatif
"['bjirr', 'setengah', 'lusin', 'cuy']",Negatif
"['lebih', 'parah', 'dari', 'pertandingan', 'awal']",Negatif
"['lagian', 'sudah', 'tau', 'kalah', 'pakai', 'bertanding', 'segala']",Negatif
"['dijajah', 'jepang', 'untuk', 'yang', 'kesekian', 'kalinya']",Negatif
"['jelek', 'banget', 'anjing', 'lepas', 'bola', 'mulu']",Negatif
"['tumben', 'romeny', 'kagak', 'cetak', 'goal']",Negatif
"['the', 'riil', 'kekuatan', 'asing']",Negatif
"['kwkwkw', 'badut', 'kalah', 'sama', 'lapis', 'jepang']",Negatif
"['gaya', 'bermainnya', 'jelek', 'dari', 'lawan', 'australia', 'bahrain', 'china', 'sampai', 'jepang']",Negatif
"['makan', 'itu', 'rolex', 'wkwkw']",Negatif
"['di', 'era', 'sty', 'kita', 'ada', 'peluang', 'ragnar', 'cetak', 'gol', 'awal', 'pertandingan', 'kita', 'bisa', 'nekan', 'jepang', 'ini', 'pemain', 'sudah', 'makin', 'bagus', 'permainan', 'menurun', 'salah', 'siapa', 'tidak', 'evaluasi', 'pssi', 'yang', 'dievaluasi']",Negatif
"['saya', 'curiga', 'ada', 'kekuatan', 'asing', 'yang', 'tidak', 'suka', 'timnas', 'kita', 'menang', 'lawan', 'jepang']",Negatif
"['tidak', 'usah', 'menyalahkan', 'pemain', 'salahkan', 'noh', 'federasi', 'pssi', 'goblog']",Negatif
"['dikasih', 'poin', 'dikasih', 'paham']",Negatif
"['yaudah', 'indak', 'apa', 'memang', 'kalah', 'kelas', 'tapi', 'kok', 'malah', 'makin', 'banyak', 'kalahnya']",Negatif
"['tidak bakal', 'ada', 'kemajuan', 'jika', 'pondasi', 'liga', 'indonesia', 'tidak', 'di', 'benahi', 'akan', 'sama', 'saja', 'dengan', 'cara', 'instant', 'tidak', 'akan', 'berhasil', 'wakakakakakakak']",Negatif
"['piala', 'dunia', 'tarkam']",Negatif
"['beda', 'kelas', 'ye', 'jepang', 'langganan', 'pildun', 'kita', 'masih', 'langganan', 'capcut']",Negatif
"['ganti', 'pelatih', 'dong']",Negatif
"['lawan', 'lapis', 'dua', 'dibikin', 'nguber', 'pantat', 'wkwkwkwk']",Negatif
"['rungkad', 'rungkad']",Negatif
"['ih', 'ksian', 'jangan', 'dibuli']",Negatif
"['bahkan', 'tim', 'penghuni', 'dasar', 'klasemen', 'grup', 'tidak', 'digelontor', 'setengah', 'lusin', 'baru', 'dikasih', 'lolos', 'kualifikasi', 'lanjutan', 'ditambah', 'jam', 'tangan', 'saja', 'sudah', 'angin', 'anginan', 'mengasih', 'perlawanan', 'kalah', 'sih', 'kalahtapi', 'tidak', 'begitu', 'juga', 'lah', 'memalukan', 'setengah', 'lusin']",Negatif
"['percaya', 'proses', 'kenapa', 'tidak', 'pakai', 'jasa', 'sty', 'kalau', 'itu', 'jadi', 'alasannya', 'ganti', 'pelatih', 'di', 'tengahtengah', 'kompetisi', 'harusnya', 'kualitas', 'yang', 'diberika', 'melebihi', 'pelatih', 'sebelumnya', 'pfffttt', 'enjoy', 'ur', 'choice']",Negatif
"['no', 'out', 'saja', 'pakai', 'yang', 'lebih', 'semangat', 'greget', 'mainnya']",Negatif
"['pelatih', 'apaan', 'anaknya', 'kebingungan', 'cuma', 'duduk', 'doang', 'ganti', 'saja', 'mending', 'pelatih', 'lokal']",Negatif
"['minimal', 'balikin', 'sty']",Negatif
"['tidak', 'usah', 'dipaksa', 'sih', 'kalau', 'belum', 'layak', 'lolos', 'pildun', 'paling', 'tidak', 'sudah', 'dapat', 'rolex']",Negatif
"['bukan', 'sebagai', 'pemuja', 'sty', 'tapi', 'sebagai', 'penggemar', 'sepakbola', 'timnas', 'indonesia', 'hanya', 'satu', 'kata', 'untuk', 'malam', 'ini', 'patrick', 'kluivert', 'ooouuuttt', 'kami', 'tidak', 'ingin', 'janji', 'lagi', 'tapi', 'bukti', 'dari', 'keseriusanmu']",Negatif
"['memang', 'beda', 'kelas', 'samurai', 'biru', 'habisi', 'skuad', 'garuda', 'dengan', 'skor', 'telak', 'di', 'suita', 'city', 'football', 'stadium', 'suita', 'selasa', 'sore', 'wib', 'ig', 'timnasindonesia']",Negatif
"['dikasih', 'paham', 'sampai', 'paham', 'betul']",Negatif
"['wasitnya', 'saja', 'tidak', 'sanggup', 'lihat', 'king', 'indonesia', 'dibantai']",Negatif
"['inilah', 'gambaran', 'piala', 'dunia', 'timnas', 'indonesia', 'belum', 'pantas', 'lolos', 'ke', 'piala', 'dunia', 'itu', 'baru', 'lawan', 'jepang', 'dihajar', 'belum', 'lagi', 'lawan', 'jerman', 'italia', 'spanyol', 'portugal', 'brazil', 'argentina', 'sudah', 'jangan', 'berharap', 'terlalu', 'jauh', 'berat', 'berat']",Negatif
"['guoblokk', 'makanya', 'jangan', 'euforia', 'kecepatan', 'cik', 'dikasih', 'paham', 'dan', 'diajari', 'caranya', 'main', 'bola', 'kan', 'tuh', 'sama', 'abang', 'jepang', 'retur', 'sudah', 'tuh', 'rolex', 'kalau', 'memang', 'benar', 'mainnya', 'di', 'round', 'baru', 'sudah', 'layak', 'dikasih', 'apresiasi', 'orang', 'kompetisi', 'masih', 'berjalan', 'begitu', 'cok']",Negatif
"['sesuai', 'dengan', 'bulan', 'ya']",Negatif
"['bilang', 'ke', 'arya', 'tidak usah', 'belagu', 'pssi', 'kerja', 'saja', 'yang', 'benar', 'tidak usah', 'nyir', 'orang', 'liga', 'ditengok', 'saja', 'tidak']",Negatif
"['timnas', 'problematik', 'begini', 'kok', 'mau', 'pildun']",Negatif
"['beda', 'kelas', 'sama', 'leg', 'pertamaa']",Negatif
"['alesannya', 'beda', 'kelas', 'bukannya', 'harusnya', 'kelasnya', 'sudah', 'setara', 'sudah', 'naturalisasi', 'pemain', 'eropa', 'ganti', 'pelatih', 'yang', 'lebih', 'hebat', 'masak', 'dibantai', 'begini', 'cok', 'nol', 'tembakan', 'pula']",Negatif
"['kita', 'bangsa', 'besar', 'besar', 'kalahnya']",Negatif
"['kita', 'ini', 'bangsa', 'yang', 'besar', 'iya', 'besar', 'kalahnya', 'abang', 'sudah', 'abang']",Negatif
"['indonesia', 'bakal', 'menang', 'lawan', 'jepang']",Negatif
"['tidak apa-apa', 'kan', 'memang', 'kalah', 'kualitasnya', 'tapi', 'ya', 'tidak', 'segini', 'juga', 'eh', 'embuh', 'lah']",Negatif
"['bek', 'jelek']",Negatif
"['menangis', 'di', 'bantai', 'habis', 'an']",Negatif
"['mending', 'sty', 'sih', 'ada', 'perlawanan']",Negatif
"['nyess', 'banget']",Negatif
"['karena', 'indonesia', 'yang', 'hancur', 'jadinya', 'kelihatan', 'jepang', 'kayak', 'op', 'banget', 'padahal', 'di', 'pildun', 'biasa', 'saja', 'abang', 'jepang']",Negatif
"['mamam', 'tuh', 'kepelatihan', 'terbaikk']",Negatif
"['tidak', 'habis', 'pikir', 'gue', 'ngegas', 'terus', 'tidak', 'mengasih', 'ampun', 'kayak', 'lagi', 'gebukin', 'begal', 'yang', 'ketangkep', 'rasanya', 'semangat', 'jepang', 'malam', 'ini']",Negatif
"['mungkin', 'arahannya', 'begini', 'main', 'saja', 'sudah', 'lari', 'kayak', 'mengapai', 'kayak', 'yang', 'penting', 'kelar', 'menit']",Negatif
"['dilihat', 'secara', 'permainan', 'dan', 'statistik', 'masih', 'mending', 'jaman', 'sty']",Negatif
"['emil', 'cuma', 'sampah']",Negatif
"['terlena', 'akan', 'souvenir', 'rollex', 'sehingga', 'perjuangannya', 'menjd', 'kendor', 'strategi', 'lemah', 'karena', 'merasa', 'kalahpun', 'bisa', 'lolos', 'ke', 'putaran', 'tidak', 'konsisten']",Negatif
"['tidak', 'menyangka', 'sekebobolan', 'ini']",Negatif
"['baru', 'babak', 'pertama', 'saja', 'sudah', 'kebantai']",Negatif
"['semangat', 'kan', 'sudah', 'dapat', 'jam', 'tangan']",Negatif
"['skalian', 'juga', 'dan', 'jajarannya', 'ngabjsin', 'anggaran', 'sudah', 'tidak', 'becus']",Negatif
"['hahaha', 'yang', 'vs', 'japan', 'a', 'yang', 'vs', 'japan', 'harus', 'diakui', 'kalau', 'round', 'sih', 'masih', 'sisa', 'kerja', 'keras', 'pelatih', 'lama', 'pembuktian', 'coach', 'pakai', 'di', 'round', 'baru', 'bisa', 'compare']",Negatif
"['baru', 'lawan', 'jepang', 'saja', 'tidak', 'dikasih', 'shot', 'onoff', 'target', 'sama', 'sekali']",Negatif
"['ganti', 'coach', 'lagi', 'bagaimana']",Negatif
"['lawan', 'australia', 'keok', 'kebantai', 'lawan', 'jepang', 'keok', 'kebantai', 'gaya', 'parkir', 'bus', 'sty', 'lebih', 'baik', 'daripada', 'sih', 'patrik', 'semoga', 'ada', 'evaluasi', 'besaran', 'karena', 'ronde', 'itu', 'juga', 'sulit', 'melawan', 'tim', 'arab']",Negatif
['mengsedih'],Negatif
"['kiri', 'kanannya', 'bocor', 'ridho', 'sama', 'verdonk', 'kemana', 'woy']",Negatif
"['tidak', 'dikasi', 'main']",Negatif
"['mending', 'tidak', 'usah', 'datang', 'dan', 'kalah', 'wo', 'saja', 'padahal', 'cuma', 'kalah', 'hemat', 'waktu', 'tenaga', 'dan', 'biaya']",Negatif
"['sudah', 'terlena', 'mendapatkan', 'rolex', 'jadi', 'santai', 'walaupun', 'kebantai']",Negatif
"['mangkanya', 'jangan', 'overproud', 'deh', 'tau', 'banyak', 'agenda', 'politiknya', 'hehehehehehehe']",Negatif
"['buset', 'tembakan', 'ke', 'gawang', 'padahal', 'lawan', 'lapis', 'ke', 'jaman', 'sty', 'masih', 'mendingan', 'dikit', 'ada', 'shoot', 'targetnya', 'walaupun', 'kalah', 'juga']",Negatif
"['timnas', 'kalah', 'kucaci', 'kebantai', 'kumaki']",Negatif
"['bagaimana', 'mau', 'ngegoal', 'peluang', 'saja', 'kagak', 'ada', 'beda', 'banget', 'sama', 'pelatih', 'sebelumnya']",Negatif
"['giliran', 'lawan', 'tim', 'besar', 'chemistry', 'ya', 'kagak', 'ada', 'anjing']",Negatif
"['setengah', 'lusin', 'anjing', 'dibantai', 'kak', 'jepang']",Negatif
"['bagaimana', 'nih', 'sudah', 'pemain', 'naturalisasi', 'tidak', 'juga', 'bisa', 'ngimbangin', 'jepang']",Negatif
"['diayam', 'ayamin', 'sama', 'jepang', 'wkwkwk']",Negatif
"['kalah', 'kucaci', 'menang', 'ku', 'maki']",Negatif
"['hahaha', 'goal', 'bukan', 'goal', 'dari', 'openplay']",Negatif
"['belum', 'terbentuk', 'chemistry', 'diantara', 'pemain', 'kita', 'tak', 'mudah', 'hadapi', 'se', 'kelas', 'jepangskill', 'teamwork', 'ya', 'cukup', 'bagus', 'para', 'pemain', 'jepangwalupun', 'dengan', 'naturalisasi', 'tak', 'mudah', 'lawan', 'jepang', 'yang', 'punya', 'skill', 'dan', 'teamwork', 'mumpuni']",Negatif
"['benaran', 'setengah', 'lusin', 'anjiggg']",Negatif
"['half', 'blood', 'lebih', 'banyak', 'rumput', 'lebih', 'bagus', 'dan', 'tim', 'kepelatihan', 'belanda', 'permainan', 'busuk', 'dan', 'tidak', 'ada', 'shoot', 'apalagi', 'on', 'target']",Negatif
"['buset', 'diayamayamin']",Negatif
"['akhirnya', 'selesai', 'juga', 'setiap', 'kedip', 'satu', 'gol', 'masuk']",Negatif
"['sama', 'sekali', 'tidak', 'ada', 'on', 'target', 'malah', 'lebih', 'baik', 'leg', 'ke', 'padahal', 'pemain', 'belandanya', 'lebih', 'bagus', 'yang', 'ini']",Negatif
"['kebanyakan', 'jogetjoget', 'tidak', 'jelas', 'sih', 'kemarin', 'mampus', 'malu']",Negatif
"['anying', 'ini', 'namanya', 'di', 'bantai']",Negatif
"['kalau', 'teknikal', 'pasan', 'taktikal', 'juga', 'tidak jelas', 'minimal', 'work', 'ratenya', 'diperbaiki', 'pak']",Negatif
"['bjir', 'dibabat']",Negatif
"['kalau', 'sty', 'sudah', 'materi', 'pemain', 'begini', 'sih', 'tidak', 'bakalan', 'sampai']",Negatif
"['sty', 'lihat', 'skornya', 'ketawa', 'mampus']",Negatif
"['selama', 'pertandingan', 'cuma', 'mengagumi', 'permainannya', 'kang', 'jepang', 'kapan', 'kita', 'bisa', 'kayak', 'begitu', 'ya']",Negatif
"['woy', 'tolol', 'match', 'home', 'lawan', 'jepang', 'mah', 'tidak', 'ada', 'bedanya', 'tolol', 'dipelihara']",Negatif
"['indonesia', 'hancur', 'lebur', 'sudara']",Negatif
"['ntahpelatih', 'atau', 'pemainnya', 'yang', 'jelas', 'permainan', 'belum', 'ada', 'perubahan', 'jangan', 'bicara', 'kualitas', 'lagi', 'faktanya', 'kali', 'dibantai', 'perlu', 'permainan', 'great', 'a', 'memalukan', 'dan', 'tak', 'enak', 'ditonton']",Negatif
"['eeehhh', 'jangan', 'salah', 'pak', 'sty', 'lawan', 'ausie', 'kita', 'bisa', 'imbang', 'pak', 'petrick', 'bagaimana']",Negatif
"['hahahaha', 'yang', 'penting', 'dapat', 'jam', 'rolex']",Negatif
"['sudah', 'pasti', 'kalah', 'sih', 'memang', 'tapi', 'ada', 'perlawanan', 'kayak', 'tapi', 'sudah', 'lah', 'wkwkwk']",Negatif
"['eksperimen', 'sih', 'iye', 'tapi', 'tidak', 'begini', 'juga']",Negatif
"['gue', 'pengennya', 'minimal', 'mainnya', 'kayak', 'piala', 'asia', 'kemarin', 'padahal', 'jepang', 'full', 'squad', 'waktu', 'piala', 'asia', 'tapi', 'kita', 'masih', 'bisa', 'melawan', 'imah', 'malah', 'begini', 'brok', 'mainnya', 'bertahan', 'tidak', 'dan', 'nyerangpun', 'enggak', 'shoot', 'pun', 'juga', 'telor', 'bahkan', 'menembak', 'burungpun', 'tidak', 'dikasih']",Negatif
"['pengin', 'lihat', 'full', 'team', 'pemain', 'naturalisasi', 'mulai', 'seperti', 'apa', 'kalau', 'cuma', 'habisin', 'duit', 'mending', 'di', 'bubarin', 'saja']",Negatif
"['paling', 'enggak', 'goal', 'lah', 'sudah', 'pakai', 'naturalisasi', 'juga']",Negatif
"['sungguh', 'memalukan', 'kalah', 'terlalu', 'telak', 'dan', 'tidak', 'ada', 'shoot', 'loh']",Negatif
['kontol'],Negatif
"['salut', 'buat', 'pemain', 'dengan', 'perjuangan', 'ya', 'sayang', 'ya', 'pelatih', 'ya', 'minim', 'strategi', 'masa', 'lawan', 'jepang', 'disamain', 'dengan', 'china']",Negatif
"['makan', 'tuh', 'king', 'king', 'an']",Negatif
"['sebenarnya', 'sudah', 'cukup', 'yakin', 'kita', 'akan', 'kalah', 'dari', 'jepang', 'tapi', 'menurutku', 'ini', 'kekalahan', 'yang', 'cukup', 'telak', 'buat', 'king', 'indonesia', 'sebagai', 'fan', 'berharap', 'ada', 'sedikit', 'perlawanan', 'tapi', 'ternyata', 'sangat', 'wow', 'sekali', 'cara', 'mainnya']",Negatif
"['berakhir', 'juga', 'penderitaan']",Negatif
"['gila', 'terbantai', 'secara', 'harfiah']",Negatif
"['tebakan', 'kirakira', 'bacotan', 'apa', 'yang', 'akan', 'keluar', 'dari', 'mulut', 'et', 'dan', 'as', 'setelah', 'ini', 'yang', 'benar', 'dapat', 'gopay', 'gocap']",Negatif
"['coach', 'kluivert', 'harus', 'bisa', 'lebih', 'memahami', 'sepak', 'bola', 'asia', 'australia', 'sekalipun', 'total', 'bertahan', 'melawan', 'jepang', 'arab', 'saudi', 'pun', 'bertahan', 'sehingga', 'bisa', 'menahan', 'imbang', 'dengan', 'segala', 'sisi', 'timnas', 'yang', 'timpang', 'racikan', 'bertahan', 'sty', 'masih', 'relevan']",Negatif
"['no', 'comment', 'hrpan', 'sebelum', 'match', 'jangan', 'lebih', 'dari', 'gol', 'ini', 'malah', 'lebih', 'prah']",Negatif
"['kayak', 'begini', 'mau', 'main', 'di', 'pildun', 'wkwkwkwkwkwk']",Negatif
"['petrik', 'kamu', 'bikin', 'puasa', 'orang', 'indonesia', 'batal', 'saja', 'ajg']",Negatif
"['jadi', 'bagaimana', 'bagusan', 'atau', 'hahaha', 'mamam', 'tuh', 'dinamika', 'komunikasi']",Negatif
"['masih', 'tidak', 'malu', 'kah', 'kalah', 'sama', 'negara', 'yang', 'development', 'sepak', 'bola', 'ya', 'dari', 'akar', 'rumput', 'yang', 'terbaik', 'di', 'asia', 'lebih', 'enak', 'naturalisasi', 'keturunan', 'kok', 'ya']",Negatif
"['mengakak', 'dibantai', 'enam', 'kosong', 'ampun', 'bosqq']",Negatif
"['sudah', 'tidak tau', 'lagi', 'mau', 'mengomong', 'apaan']",Negatif
"['sudah', 'paling', 'benar', 'beresin', 'dulu', 'goblok', 'masalah', 'sepak', 'bola', 'nasional']",Negatif
"['singkat', 'padat', 'full', 'time', 'aowkwowkwkw']",Negatif
"['hancur', 'lebur', 'tidak', 'dikasih', 'ampun']",Negatif
"['ya', 'memang', 'kamu', 'mau', 'berharap', 'apa', 'dari', 'manusia', 'overproud', 'yang', 'baru', 'menang', 'kemarin', 'langsung', 'dikasih', 'jam', 'rolex']",Negatif
"['kalah', 'total']",Negatif
"['tolol', 'semua']",Negatif
"['kurang', 'banyak', 'kebobolannya']",Negatif
"['bayangkan', 'sudah', 'membela', 'jam', 'tangan', 'sampai', 'mengatai', 'atlet', 'cabor', 'lain', 'cuma', 'buat', 'dikankangin', 'jepang']",Negatif
"['besok', 'jangan', 'dikasih', 'rolex', 'kasih', 'jamu', 'buyung', 'upik', 'biar', 'lincah']",Negatif
"['japan', 'indonesia', 'babak', 'belur', 'rek', 'kalah', 'terlalu', 'overproud', 'menang', 'dengan', 'china']",Negatif
"['kelebihan', 'tidak', 'sesuai', 'prediksi']",Negatif
"['main', 'bola', 'itu', 'menyerang', 'kalau', 'kalah', 'bola', 'press', 'lawan', 'terus', 'malas', 'banget', 'menonton', 'pemain', 'mager', 'begitu']",Negatif
"['orang', 'juga', 'tau', 'abang', 'tapi', 'ini', 'kenapa', 'malah', 'lebih', 'jelek', 'mainnya', 'sekarang', 'padahal', 'sudah', 'ketambahan', 'sama', 'pemain', 'naturalisasi', 'baru', 'shoot', 'pun', 'kagak', 'ada']",Negatif
"['dikasih', 'paham', 'sama', 'jepang', 'tidak', 'kaget', 'tapi', 'tetap', 'sebel', 'saja', 'lihat', 'skornya']",Negatif
"['aslinya', 'sudah', 'menyangka', 'kalau', 'bakalan', 'kalah', 'tapi', 'tidak', 'skor', 'setengah', 'lusin', 'begini', 'juga']",Negatif
"['kambing', 'hitam', 'proses']",Negatif
"['tadi', 'lewat', 'di', 'tt', 'livenya', 'mengira', 'boongan', 'ternyata', 'benaran']",Negatif
"['yang', 'instaninstan', 'dikalahkan', 'sama', 'yang', 'berproses', 'dari', 'usia', 'dini', 'mereka', 'dulu', 'sempat', 'belajar', 'ke', 'galatama', 'loh', 'buat', 'bangun', 'liganya', 'sekarang', 'sepakbola', 'jepang', 'sudah', 'selevel', 'dengan', 'eropa', 'sampaisampai', 'pemainnya', 'itu', 'bisa', 'bantai', 'timnas', 'indonesia', 'yang', 'banyak', 'keturunan', 'eropa']",Negatif
"['setengah', 'lusin', 'bang']",Negatif
"['masih', 'ada', 'hari', 'esok', 'yang', 'layak', 'dimaki', 'tetap', 'et']",Negatif
"['gapapa', 'abang', 'kalah', 'menang', 'mah', 'biasa', 'tapi', 'waduh', 'luar', 'biasa']",Negatif
"['kalah', 'skor', 'dengan', 'selisih', 'besar', 'tidak apa-apa', 'karena', 'kita', 'ini', 'bangsa', 'yang', 'besar']",Negatif
"['kasihan', 'kalah', 'di', 'jepang']",Negatif
"['buset', 'itu', 'skor', 'apa', 'donat', 'jco', 'kok', 'setengah', 'lusin']",Negatif
"['kalau', 'boleh', 'jujur', 'mending', 'era', 'sty', 'alasannya', 'sty', 'bisa', 'imbangmenang', 'lawan', 'tim', 'besar', 'kayak', 'arab', 'saudi', 'dan', 'australia', 'sdgkan', 'patrick', 'dibantai', 'australia', 'lanjut', 'di', 'komentar']",Negatif
"['level', 'dunia', 'jauh', 'bro', 'asia', 'saja', 'masih', 'keteteran', 'ini', 'cuma', 'buat', 'senengseneng', 'ikut', 'kualifikasi', 'berharap', 'lolos', 'pildun', 'konyol', 'coy', 'tapi', 'senang', 'tidak', 'sih', 'kita', 'punya', 'tim', 'begini', 'receh', 'tapi', 'asik']",Negatif
"['selamat', 'siang', 'manusia', 'lemah']",Negatif
"['gue', 'masih', 'ngakakin', 'tweet', 'asbun', 'bekasan', 'semalem', 'anjrottt']",Negatif
"['emil', 'audero', 'mulyadi', 'kebobolan', 'gol', 'melawan', 'jepang', 'kalau', 'masih', 'pemain', 'inter', 'pasti', 'kena', 'bully']",Negatif
"['level', 'kita', 'masih', 'berbeda', 'perasaan', 'pas', 'masih', 'dominan', 'non', 'naturalisasi', 'permainan', 'kita', 'levelnya', 'berbeda', 'juga', 'setelah', 'naturalisasi', 'masa', 'tidak', 'ada', 'perkembangan', 'artinya', 'naturalisasi', 'gagal', 'kah']",Negatif
"['kekalahan', 'timnas', 'melawan', 'jepang', 'ini', 'fix', 'karena', 'campur', 'tangan', 'asing', 'akhirnya', 'ada', 'juga', 'omongan', 'prabowo', 'yang', 'terbukti']",Negatif
"['maaih', 'lebih', 'baik', 'sty', 'daripada', 'kluivert', 'kembalikan', 'sty']",Negatif
"['malu', 'dikit', 'tidak', 'apa', 'apa', 'yang', 'penting', 'sudah', 'dapat', 'rolex', 'njiiing', 'konthol']",Negatif
"['dulu', 'antusias', 'banget', 'saat', 'gencar', 'naturalisasi', 'dari', 'sih', 'jener', 'namun', 'kesini', 'kok', 'makin', 'membosankan', 'sudah', 'tidak', 'menarik', 'lagi', 'mungkin', 'orang', 'eropa', 'tidak', 'cocok', 'di', 'indon', 'tiap', 'pemain', 'yang', 'masuk', 'indon', 'pasti', 'jadi', 'jelek', 'baunya', 'timnas', 'masih', 'sebagai', 'iklan', 'bullshit', 'ya', 'thohir', 'sinulingga']",Negatif
"['kalau', 'menang', 'jumawa', 'kalau', 'kalah', 'banyak', 'alasannya', 'itulah', 'timnas', 'indonesia']",Negatif
"['kalau', 'soal', 'kalah', 'indonesia', 'menang']",Negatif
"['gue', 'sama', 'sekali', 'tidak', 'menyalahkan', 'pemain', 'tapi', 'serius', 'deh', 'sisi', 'kanan', 'indonesia', 'amburadul']",Negatif
"['buat', 'karma', 'kalian', 'timnas', 'tidak', 'akan', 'lolos', 'pildun', 'karena', 'mecat', 'sty']",Negatif
"['sekarang', 'saja', 'pada', 'pesimis', 'bagaimana', 'nanti', 'pas', 'fifa', 'matchday', 'yang', 'kabarnya', 'cobacoba', 'taktik', 'dan', 'pemain', 'untuk', 'persiapan', 'round', 'pas', 'kalah', 'pasti', 'bermunculan', 'lagi', 'pemuja', 'garis', 'keras', 'sty']",Negatif
"['om', 'emil', 'kaya', 'ya', 'kudu', 'beli', 'sarung', 'tangan', 'baru', 'deh', 'yang', 'itu', 'sudah', 'tidak', 'lengket', 'sudah', 'benar', 'baca', 'arah', 'bolanya', 'tapi', 'lepas', 'menyesak', 'banget']",Negatif
"['jepang', 'targetnya', 'lagi', 'seleksi', 'pemain', 'yang', 'mau', 'diajak', 'ke', 'piala', 'dunia', 'sedangkan', 'indonesia', 'masih', 'sibuk', 'scouting', 'pemain', 'yang', 'mau', 'diajak', 'bela', 'negara', 'real', 'kesenjangan', 'target']",Negatif
"['game', 'indonesia', 'vs', 'japan', 'memang', 'aku', 'jangka', 'indonesia', 'kalah', 'atau', 'seri', 'je', 'tapi', 'bodoh', 'apa', 'tak', 'adek', 'shots', 'langsung']",Negatif
"['yang', 'penting', 'sudah', 'dapat', 'rolex', 'tidak', 'menang', 'bisa', 'dijual', 'wkwk']",Negatif
"['lumayan', 'eh', 'lumanyun']",Negatif
"['kekalahan', 'timnas', 'diawali', 'dengan', 'blundernya', 'lineup', 'yang', 'kelihatan', 'banget', 'coba', 'ini', 'setiap', 'pertandingan', 'kelihatan', 'banget', 'komposisinya', 'mau', 'menyenangkan', 'semua', 'orang', 'buka', 'sesuai', 'kebutuhan', 'tim', 'sejatinya', 'pakai', 'dan', 'tim', 'belum', 'kasih', 'lihat', 'progress', 'ke', 'timnas', 'maaf', 'sty', 'masih', 'yang', 'terbaik']",Negatif
"['awal', 'kedatangannya', 'sombong', 'mengunakan', 'total', 'football', 'hasilnya', 'total', 'bobol', 'dari', 'australia', 'match', 'tadi', 'total', 'bertahan', 'tetap', 'saja', 'di', 'berondong', 'setengah', 'lusin', 'gol', 'kalah', 'dengan', 'jepang', 'sudah', 'biasa', 'tapi', 'shoot', 'on', 'target', 'tolol']",Negatif
"['kangen', 'sty', 'aslik']",Negatif
"['ini', 'jadi', 'tambahan', 'catatan', 'kekalahan', 'bagi', 'pelatih', 'timnas', 'indonesia', 'patrick', 'kluivert', 'semenjak', 'menukangi', 'tim', 'garuda', 'apakah', 'dia', 'layak', 'dipertahankan']",Negatif
"['menit', 'main', 'tidak', 'ada', 'shot', 'on', 'target', 'sama', 'sekali', 'masih', 'mending', 'di', 'jaman', 'sebelumnya']",Negatif
"['pelatih', 'kebanggaan', 'sih', 'paling', 'timnas', 'indonesia', 'arya', 'sinulingga', 'punya', 'catatan', 'rekor', 'yang', 'luar', 'biasa', 'kali', 'main', 'kali', 'menang', 'kali', 'kalah', 'selisih', 'gol']",Negatif
"['coba', 'pemain', 'timnas', 'dikasih', 'ijin', 'kelola', 'tambang', 'pak', 'mungkin', 'mereka', 'lebih', 'termotivasi', 'lebih', 'nkri', 'lagi']",Negatif
"['akhirnya', 'gue', 'tersadarkan', 'kalau', 'strategi', 'permainan', 'sty', 'lebih', 'enak', 'ditonton', 'daripada', 'patrick', 'kluivert']",Negatif
"['jam', 'terbang', 'vs', 'jam', 'rolex', 'semangat', 'terus', 'garuda', 'terima', 'kasih', 'jepang', 'sudah', 'mau', 'allout', 'lawan', 'timnas', 'kita']",Negatif
['malu'],Negatif
"['terlalu', 'gelap', 'ini', 'dibantai', 'setengah', 'lusin']",Negatif
"['ini', 'benaran', 'tidak', 'niat', 'mundur', 'vs']",Negatif
"['shin', 'tae', 'yong', 'dalam', 'melatih', 'timnas', 'mau', 'itu', 'kalah', 'menang', 'dia', 'tetap', 'berdiri', 'di', 'pedestrian', 'untuk', 'kasih', 'instruksi', 'ke', 'pemain', 'patrick', 'kluivert', 'yang', 'penting', 'komunikasi', 'bagus', 'gaji', 'lancar', 'timnas', 'kalah', 'vs', 'jepang', 'ya', 'bodo', 'amat', 'mending', 'duduk', 'di', 'bench']",Negatif
"['putaran', 'ke', 'empat', 'harus', 'ganti', 'pelatih', 'sih']",Negatif
"['cuman', 'mau', 'bilang', 'kita', 'di', 'era', 'sty', 'pernah', 'begini', 'dengan', 'kondisi', 'masih', 'banyakan', 'pemain', 'lokal']",Negatif
"['mohon', 'bagaimana', 'penilaian', 'sty', 'vs', 'pakai', 'pas', 'match', 'lwn', 'jepang']",Negatif
"['tidak', 'apaapa', 'kalah', 'yang', 'penting', 'sudah', 'dapat', 'rolex']",Negatif
"['ada', 'baiknya', 'timnasday', 'tidak usah', 'buka', 'sosmed', 'pada', 'beringas', 'semua', 'soalnya']",Negatif
"['kalah', 'telak', 'itu', 'tidak', 'enak']",Negatif
"['ini', 'lawan', 'jepang', 'yang', 'tidak', 'ada', 'mitoma', 'ya', 'loh', 'tidak', 'semua', 'tim', 'inti', 'jepang', 'diangkut', 'kayak', 'di', 'gbk', 'loh', 'eh', 'malah', 'pasrah', 'kebantai', 'pas', 'kalah', 'di', 'gbk', 'saja', 'masih', 'ada', 'perlawanan', 'loh', 'lah', 'ini', 'padahal', 'startingnya', 'lebih', 'cakep', 'dibanding', 'di', 'gbk', 'tapi', 'hasilnya', 'lebih', 'minus', 'apa', 'yang', 'salah']",Negatif
"['karena', 'indonesia', 'pelatihnya', 'orang', 'belanda', 'makanya', 'dikasih', 'paham', 'sama', 'jepang', 'coba', 'seandainya', 'pelatih', 'indonesia', 'juga', 'orang', 'asia', 'pasti', 'kita', 'dikasih', 'point', 'sama', 'jepang', 'atau', 'minimal', 'dikasihaninlah']",Negatif
"['timnas', 'indonesia', 'kalah', 'telak', 'lawan', 'jepang', 'ampun', 'sudah', 'wkwkwk', 'padahal', 'sudah', 'tim', 'kepelatihan', 'terbaik', 'diambil']",Negatif
"['bukan', 'cuma', 'tidak', 'beres', 'disisi', 'pelatih', 'saja', 'dari', 'awal', 'pemain', 'juga', 'terlalu', 'disanjung', 'bak', 'superhero', 'ninabobok', 'bonga', 'jadi', 'pada', 'besar', 'kepala', 'malas', 'tidak', 'ada', 'greget', 'cuma', 'showtime', 'saja', 'sedang', 'skill', 'amp', 'grade', 'level', 'masih', 'garing', 'saja', 'cuma', 'merangkak', 'pelanmasih', 'ngisin', 'nih']",Negatif
"['beda', 'kelas', 'yang', 'namanya', 'jajahan', 'tetap', 'saja', 'kalah', 'sama', 'penjajah', 'sekalipun', 'pelatihnya', 'penjajah', 'pula']",Negatif
"['kacau', 'banget', 'tidak', 'boleh', 'banget', 'berharap', 'menang']",Negatif
"['coba', 'kita', 'lihat', 'apakah', 'ada', 'gebrakan', 'dari', 'bapak', 'ketum', 'ketika', 'timnas', 'kebobolan', 'setengah', 'lusin', 'dari', 'jepang', 'kalau', 'nothing', 'berarti', 'lagi', 'dan', 'lagi', 'beda', 'perlakuan', 'ytta']",Negatif
"['ayo', 'kali', 'ini', 'pelatihnya', 'di', 'ganti', 'siapa', 'lagi']",Negatif
"['lagi', 'menunggu', 'foto', 'ketum', 'pssi', 'tersandar', 'sambil', 'tertunduk', 'lesu']",Negatif
"['suka', 'tidak', 'suka', 'timnas', 'saat', 'lawan', 'jepang', 'di', 'era', 'sty', 'lebih', 'baik', 'ketimbang', 'kluivert', 'lihat', 'saja', 'statistik', 'amp', 'permainannya', 'timnasnya', 'sty', 'itu', 'masih', 'mengasih', 'perlawanan', 'amp', 'peluang', 'bagus', 'bisa', 'cetak', 'gol', 'loh', 'lah', 'yang', 'barusan', 'nendang', 'sekali', 'saja', 'tidak bisa', 'pula']",Negatif
"['el', 'bintang', 'laut', 'hobi', 'banget', 'senyum', 'ketika', 'kalah', 'dengan', 'skor', 'besar']",Negatif
"['indojepang', 'skor', 'allahu', 'akbar', 'kaget', 'sekaget', 'kagetnya']",Negatif
"['bacot', 'yang', 'bilang', 'naturalisasi', 'banyak', 'tidak', 'papa', 'statistik', 'ampas', 'banget', 'ke', 'gawang', 'jepang', 'shoot', 'berapa', 'corner', 'berapa', 'minimal', 'ada', 'bbrapa', 'kayak', 'ini', 'mah', 'benar']",Negatif
"['ternyata', 'jauh', 'sejauh', 'itu', 'dari', 'ekspektasi', 'walau', 'gue', 'tidak', 'berekspektasi', 'pemain', 'tidak salah', 'jajaran', 'pelatih', 'juga', 'tidak salah', 'ya', 'memang', 'mampunya', 'baru', 'segitu', 'federasinya', 'saja', 'bobrok', 'pembinaannya', 'juga', 'lemah', 'pakai', 'banget', 'jadi', 'yaayaudah', 'jadikan', 'pelajaran', 'ya']",Negatif
"['jujur', 'saja', 'yang', 'bikin', 'gue', 'frustasi', 'dan', 'pengin', 'marah', 'adalah', 'data', 'statistik', 'pertandingan', 'hari', 'ini', 'gue', 'tidak', 'pernah', 'berekspektasi', 'menang', 'karena', 'sadar', 'diri', 'lawannya', 'siapa', 'tapidg', 'pemain', 'jepang', 'yang', 'lapis', 'kedua', 'gue', 'berharap', 'bisa', 'setidaknya', 'imbang', 'walau', 'agak', 'susah', 'ternyata']",Negatif
"['kemarin', 'saja', 'dapat', 'jam', 'tangan', 'rolex', 'bagaimana', 'kalau', 'indonesia', 'jepang', 'apa', 'yang', 'di', 'kasih', 'ya', 'kira', 'pulau', 'kah', 'satu', 'orang', 'satu', 'pulau']",Negatif
"['mana', 'nih', 'rang', 'orang', 'yang', 'dulu', 'suka', 'menghujat', 'taktik', 'coach', 'sty', 'memecah', 'kebuntuan', 'dengan', 'lemparan', 'jauh', 'arhan', 'padahal', 'itu', 'salah', 'satu', 'jurus', 'paling', 'ampuh', 'ngehasilin', 'gol', 'untuk', 'lawan', 'king', 'asia', 'terbukti', 'pertandingan', 'malam', 'ini', 'pakai', 'taktik', 'mana', 'saja', 'gagal']",Negatif
"['inilah', 'fungsi', 'pelatih', 'dipinggir', 'lapangan', 'jika', 'taktik', 'tidak', 'jalan', 'sty', 'keluar', 'dari', 'kursi', 'bench', 'lalu', 'memompa', 'semangat', 'anak', 'buahnya', 'cluivert', 'duduk', 'diam', 'melongo', 'tidak', 'tau', 'harus', 'mengapai', 'yang', 'dilakukan', 'hanya', 'menunggu', 'ide', 'dari', 'asistennya']",Negatif
"['jam', 'tangan', 'yang', 'akan', 'diberikan', 'presiden', 'setelah', 'pulang', 'dari', 'jepang']",Negatif
"['tapi', 'apa', 'juga', 'untungnya', 'kita', 'lolos', 'ke', 'pildun', 'kalau', 'disana', 'cuma', 'jadi', 'lumbung', 'gol', 'bangga', 'mah', 'kagak', 'malu', 'maluin', 'iya', 'abang', 'sudah', 'abang']",Negatif
"['sebenarnya', 'kebanyakan', 'tidak', 'ada', 'ekspektasi', 'menang', 'sih', 'cuman', 'mungkin', 'tidak', 'expect', 'bakal', 'di', 'bantai', 'se', 'banyak', 'itu']",Negatif
"['abang', 'sudah', 'abang', 'kalah']",Negatif
"['lagi', 'diospek']",Negatif
"['ini', 'bukan', 'sekedar', 'jepang', 'memang', 'bukan', 'levelnya', 'tapi', 'bagaimana', 'caranya', 'biar', 'tidak', 'sampai', 'kalau', 'saja', 'sudah', 'buruk', 'bisa', 'kali', 'evaluasi', 'minimal', 'atau', 'sebenarnya', 'bukan', 'soal', 'skor', 'doang', 'tapi', 'kalau', 'penonton', 'mau', 'lihat', 'peningkatan', 'strategi', 'dan', 'perbaikan', 'boleh', 'kan']",Negatif
"['mana', 'bacot', 'arya', 'sinulingga', 'baru', 'dipecat', 'dokem', 'saja', 'lo', 'ini', 'timnas', 'kalah', 'sama', 'lapis', 'kedua', 'coy']",Negatif
"['bangsa', 'yang', 'besar', 'kalah', 'yang', 'besar']",Negatif
"['imo', 'versus', 'epicalglory', 'jauh', 'masuk', 'piala', 'dunia', 'entar', 'dulu', 'deh', 'ya', 'anjirlah']",Negatif
"['tidak', 'sia', 'sia', 'ambil', 'cuti', 'melihat', 'hujan', 'gol']",Negatif
"['tidak ada', 'rolax', 'rolex', 'memang', 'pelatihnya', 'idiot', 'poke']",Negatif
"['tidak', 'tega', 'menonton', 'timnas']",Negatif
"['sudah', 'paling', 'benar', 'timnas', 'dikasi', 'gelang', 'power', 'balance', 'saja']",Negatif
"['tidak', 'ada', 'shot', 'wkwkwk']",Negatif
"['abang', 'sudah', 'abang', 'indonesia', 'di', 'kepret', 'jepang', 'secara', 'telak', 'patrick', 'kluivert', 'harus', 'bertanggungjawab', 'disinyalir', 'kluivert', 'belanda', 'kongkalikong', 'dengan', 'nippon', 'mengingat', 'belanda', 'dan', 'jepang', 'penjajah', 'indonesia']",Negatif
"['baru', 'main', 'tapi', 'emill', 'pucett', 'banget', 'lawan', 'jepaang']",Negatif
"['rolex', 'effect', 'nol', 'tembakan']",Negatif
"['tidak', 'hujat', 'pemain', 'ya', 'mengapai', 'coba', 'menghujat', 'tapi', 'jujur', 'lucu', 'banget']",Negatif
"['itu', 'gol', 'apa', 'rukun', 'iman', 'sampai', 'begitu']",Negatif
"['kebiasaan', 'lama', 'dan', 'terus', 'diulang', 'baru', 'menang', 'terus', 'diundang', 'makan', 'siang', 'kasih', 'hadiah', 'terus']",Negatif
"['kalah', 'sama', 'jepang', 'biasa', 'tapi', 'yang', 'tidak', 'bisa', 'diterima', 'kebantai', 'jepang', 'sampai', 'setengah', 'lusin', 'gol', 'miris', 'apalagi', 'ini', 'dengan', 'skuad', 'mewah', 'dulu', 'skuad', 'ala', 'kadarnya', 'bisa', 'menahan', 'gol', 'harusnya', 'tadi', 'bisa', 'lebih', 'dikit', 'golnya', 'eh', 'malah', 'kebalikan', 'benaran', 'era', 'coach', 'sty', 'tidak', 'bisa', 'tergantikan']",Negatif
"['pada', 'akhirnya', 'memang', 'belanda', 'sama', 'indonesia', 'kembali', 'kalah', 'dari', 'jepang']",Negatif
"['bahkan', 'susunan', 'pemain', 'lebih', 'baik', 'era', 'patrick', 'kluivert', 'dari', 'shin', 'tae', 'yong', 'kita', 'juga', 'tidak', 'berharap', 'menang', 'kok', 'kita', 'tahu', 'bakalan', 'kalah', 'tapi', 'tidak', 'peluang', 'shoot', 'on', 'target', 'juga', 'kali']",Negatif
"['tidak', 'usah', 'bicara', 'level', 'level', 'kalau', 'bicara', 'piala', 'dunia', 'ya', 'memang', 'ini', 'levelnya', 'tidak', 'usah', 'juga', 'terlalu', 'memuji', 'muji', 'jepang', 'mereka', 'melakukan', 'tugasnya', 'dengan', 'baik', 'kita', 'saja', 'yang', 'memang', 'bermain', 'tidak', 'semestinya']",Negatif
"['gila', 'shoot', 'bahkan', 'corner', 'kick', 'saja', 'tidak ada', 'samsek', 'dari', 'timnas', 'wkwkwkw']",Negatif
"['oh', 'begini', 'rasanya', 'masa', 'penjajahan', 'jepang', 'dulu']",Negatif
"['jual', 'mahal', 'dikit', 'kan', 'bisa', 'coba', 'kasih', 'gol', 'satu', 'saja']",Negatif
"['shin', 'tae', 'yong', 'vs', 'patrick', 'kluivert', 'sama', 'kalah', 'dari', 'jepang', 'tapi', 'era', 'sty', 'ada', 'shoot', 'on', 'target', 'dibandingkan', 'era', 'patrick', 'kluivert', 'shoot', 'on', 'target', 'bagaimana', 'mau', 'mencetak', 'gol', 'jika', 'tanpa', 'shoot', 'on', 'target', 'bagaimana', 'abang', 'win', 'loser']",Negatif
"['sudah', 'tau', 'sih', 'kalau', 'bakal', 'kalah', 'tapi', 'tidak', 'expect', 'seterbantai', 'ini']",Negatif
"['tidak', 'mood', 'anjerrr', 'gila', 'banget', 'sudah', 'mendingan', 'lu', 'semua', 'hibernasi', 'socmed', 'dulu', 'mawas', 'diri', 'anjir']",Negatif
"['jam', 'rolex', 'mulu', 'iri', 'banget', 'sama', 'rejeki', 'orang', 'mereka', 'sudah', 'usaha', 'sejauh', 'ini', 'membela', 'tanah', 'leluhur', 'minimal', 'kalian', 'bisa', 'tau', 'sama', 'selisihnya', 'berapa']",Negatif
"['kemarin', 'menang', 'dikasih', 'jam', 'rolex', 'sama', 'prabowo', 'sekarang', 'kalah', 'habis', 'ini', 'ditraktir', 'seblak', 'sama', 'erick', 'thohir']",Negatif
"['kirakira', 'kalau', 'kluivert', 'lawan', 'squad', 'ini', 'berapa', 'abang']",Negatif
"['kalah', 'semuanya']",Negatif
"['makanya', 'jangan', 'kasih', 'rolex', 'belum', 'masuk', 'pildun', 'saja', 'sudah', 'sok', 'an', 'nih', 'negara', 'miskin', 'mending', 'duitnya', 'dipokusin', 'ke', 'liga', 'sama', 'pembinaan', 'dini', 'biar', 'bisa', 'dipetik', 'kayak', 'jepang']",Negatif
"['kesalahan', 'terbesar', 'kluivert', 'adalah', 'tidak', 'bawa', 'arhan', 'terbukti', 'kan', 'tanpa', 'skema', 'lemparan', 'jauh', 'arhan', 'kita', 'tidak', 'bisa', 'menciptakan', 'peluang', 'apapun', 'bahkan', 'shoot', 'selama', 'babak', 'dulu', 'piala', 'asia', 'cuman', 'dan', 'match', 'terakhir', 'malah', 'makin', 'parah', 'dan']",Negatif
"['timnas', 'kita', 'mainnya', 'kalah', 'cepat', 'dibanding', 'jepang', 'dan', 'yang', 'membuat', 'kita', 'sedih', 'adalah', 'tidak', 'punya', 'peluang', 'tembakan', 'ke', 'gawang', 'tapi', 'inilah', 'kenyataannyatimnas', 'kita', 'memang', 'kalah', 'kelaskalah', 'dalam', 'memainkan', 'boladi', 'leg', 'ke', 'kalah', 'leg', 'ke', 'kalah']",Negatif
"['nih', 'tidak', 'ada', 'bekas', 'keringatannya', 'kan']",Negatif
"['maennya', 'jelek', 'banget', 'ajg']",Negatif
"['chicken', 'vegetable', 'tapi', 'tidak', 'papaudah', 'dapat', 'rolex']",Negatif
"['ngeri', 'berbanding', 'terbalik', 'tidak', 'ada', 'shoot', 'ke', 'gawang', 'jepang', 'ngeri', 'memang', 'raksasa', 'satu', 'ini']",Negatif
"['menang', 'atau', 'kalah', 'tidak', 'pengaruh', 'tetap', 'harus', 'playoff', 'yang', 'penting', 'dapat', 'jam', 'tangan', 'mewah', 'dari', 'pak', 'pleciden']",Negatif
"['timnas', 'kita', 'jago', 'wooyy', 'cuma', 'kebobolan', 'gol', 'woy', 'pemerintah', 'kasih', 'dong', 'mobil', 'ke', 'semua', 'pemain', 'timnas', 'timnas', 'jago', 'nih', 'bos', 'senggol', 'dong']",Negatif
"['agak', 'susah', 'mengomentari', 'kekalahan', 'ini', 'bagaimana', 'nanti', 'kalau', 'lolos', 'pildun', 'apa', 'tidak', 'jadi', 'lumbung', 'gol', 'tim', 'lain', 'kita']",Negatif
"['ini', 'pemain', 'bagus', 'tapi', 'kalau', 'ngelatih', 'bego']",Negatif
"['timnas', 'tolol', 'memang', 'segini', 'saja', 'kelasnya', 'belum', 'lagi', 'erick', 'thohir', 'yang', 'seleranya', 'tidak', 'jelas', 'mungkin', 'ini', 'yang', 'diinginkan', 'erick', 'thohir']",Negatif
"['alhamdulillah', 'tidak', 'lusin', 'jepang', 'sudah', 'lolos', 'saja', 'mainnya', 'masih', 'serius', 'tidak', 'tau', 'diri']",Negatif
"['tidak', 'mood', 'sekolah', 'tidak usah', 'sekolah', 'tolong', 'kementrian', 'pendidikan', 'besok', 'membuat', 'jadwal', 'libur', 'khusus']",Negatif
"['pulang', 'bawa', 'poin', 'tapi', 'bawa', 'takoyaki']",Negatif
"['telak', 'banget', 'tapi', 'gapapa', 'mengomong', 'sambil', 'menyengir', 'asem']",Negatif
"['hasil', 'dapat', 'rolex', 'dari', 'duit', 'haram']",Negatif
"['kangen', 'rafael', 'struick', 'el', 'klemer', 'era', 'coach', 'sty', 'kalau', 'tidak', 'sampai', 'semaput', 'tidak', 'bakal', 'diganti', 'dan', 'faktanya', 'rafael', 'tidak', 'pernah', 'cedera', 'dong', 'terbukti', 'fisik', 'pemain', 'timnas', 'era', 'coach', 'sty', 'lebih', 'kuat', 'dari', 'era', 'el', 'bintang', 'laut']",Negatif
"['jaman', 'sty', 'tidak', 'begini', 'amat', 'main', 'indonesiajaman', 'sty', 'bisa', 'menahan', 'australia', 'dan', 'jepang', 'dengan', 'arab', 'saudi', 'menang', 'dengan', 'kluivert', 'kalah', 'telak', 'semua', 'menang', 'pun', 'menang', 'tipis']",Negatif
"['kembalikan', 'shin', 'tae', 'yong', 'sudah', 'bagus', 'bagus', 'sama', 'shin', 'tae', 'yong', 'malah', 'diganti']",Negatif
"['lokal', 'vs', 'bule', 'tetap', 'saja', 'lokal', 'yang', 'unggul']",Negatif
"['ausie', 'dikasih', 'poin', 'indon', 'dikasih', 'paham', 'sama', 'abang', 'jpn']",Negatif
"['bertahan', 'begini', 'jadi', 'badut', 'di', 'piala', 'dunia', 'ft', 'japan', 'indonesia']",Negatif
"['sesuai', 'prediksi', 'gue', 'di', 'awal', 'setengah', 'lusin']",Negatif
"['jaman', 'pelatih', 'lama', 'ternyata', 'tidak', 'sesakit', 'itu']",Negatif
"['jangan', 'sampai', 'ya', 'abang', 'biar', 'tidak', 'mirip', 'china', 'yang', 'kebobolan', 'segitu']",Negatif
"['jujur', 'heran', 'kenapa', 'kita', 'leg', 'dan', 'di', 'bantai', 'jepang', 'terus', 'padahal', 'negara', 'lain', 'di', 'leg', 'saja', 'di', 'bantainya']",Negatif
"['bukan', 'tamparan', 'keras', 'lagi', 'inimah', 'atuh', 'di', 'tonjok', 'keras', 'malahan', 'buat', 'jadikan', 'pelajaran', 'coba', 'dulu', 'saja', 'ikut', 'piala', 'a', 'ep', 'ep', 'full', 'squad', 'jangan', 'gengsi', 'walaupun', 'sebagian', 'warga', 'nganggep', 'piala', 'ciki', 'tapi', 'tidak', 'bisa', 'juara']",Negatif
"['rasanya', 'mau', 'bawa', 'emil', 'pulang', 'saja', 'deh', 'kasihan']",Negatif
"['tim', 'rolex', 'dibantai']",Negatif
"['sudah', 'kangen', 'sty', 'belum']",Negatif
"['hahahaha', 'patrick', 'pusing', 'stres', 'hahaha', 'tertekan', 'hahahaha']",Negatif
"['sumpah', 'sudah', 'tidak', 'mungkin', 'menit', 'ini', 'assalamualaikum', 'semuanya']",Negatif
"['tidak usah', 'tambahan', 'waktu', 'woii', 'sudah', 'udahan', 'saja']",Negatif
"['jam', 'tangan', 'bikin', 'sial']",Negatif
"['gapapa', 'tidak', 'perlu', 'menit', 'tambahan', 'ini', 'cukup']",Negatif
"['pulang', 'ajalah', 'malas', 'menonton']",Negatif
"['remuk', 'redam', 'setengah', 'lusin', 'lebih', 'bervariasi', 'sty', 'cara', 'bermiannya']",Negatif
"['indonesia', 'tidak', 'pengin', 'ngegolin', 'begitu']",Negatif
"['king', 'pulanggg', 'duluuuannn', 'dek']",Negatif
"['ekspektasi', 'memang', 'kalah', 'tapi', 'tidak', 'kalah', 'sampai', 'setengah', 'lusin', 'begini']",Negatif
"['sudah', 'lah', 'abang', 'serius', 'banget', 'sudah', 'diobokobok', 'gol']",Negatif
"['sudah', 'guys', 'kita', 'sebenarnya', 'sudah', 'tau', 'endingnya', 'bagaimana', 'jadi', 'jangan', 'nelongso', 'soalnya', 'memang', 'sudah', 'takdirnya', 'hahah']",Negatif
"['ngelantur', 'squadnya', 'dulu', 'dinilai', 'kurang', 'efektif', 'dalam', 'mencetak', 'gol', 'tapi', 'tetap', 'bisa', 'bikin', 'gol', 'gol', 'ke', 'arab', 'gol', 'ke', 'bahrain', 'dan', 'gol', 'ke', 'china', 'apalagi', 'kalau', 'sudah', 'ada', 'ole', 'yang', 'banyak', 'orang', 'menganggap', 'dia', 'adalah', 'kepingan', 'terakhir', 'squad', 'sty']",Negatif
"['naik', 'pesawat', 'pribadi', 'untuk', 'menjemput', 'skor']",Negatif
"['sty', 'sambil', 'nyate', 'enakan', 'jamanku', 'toh']",Negatif
"['bentar', 'lagi', 'ada', 'yang', 'menyandar', 'di', 'dinding', 'tidak', 'ya']",Negatif
"['kasihan', 'gue', 'lihatnya']",Negatif
"['mau', 'dibungkus', 'jadi', 'selusin', 'kah']",Negatif
"['mentang', 'mentang', 'juni', 'jadi', 'mainnya']",Negatif
"['sty', 'bagaimana', 'enak', 'jaman', 'ku', 'toh', 'abang', 'sudah', 'abang']",Negatif
"['bahkan', 'tidak', 'ada', 'gol', 'pun', 'untuk', 'menghibur', 'fan', 'indonesia', 'yang', 'datang', 'jauh', 'jauh', 'ke', 'jepang']",Negatif
"['mana', 'kocak', 'jadi', 'kalah', 'kan', 'itu']",Negatif
"['sudah', 'ah', 'mending', 'turu']",Negatif
"['pelan', 'abang', 'jepang', 'kasihan', 'dik', 'indonesia']",Negatif
"['kalau', 'next', 'pertandingan', 'tidak ada', 'perubahan', 'mending', 'sadar', 'diri', 'dan', 'undur', 'diri', 'dari', 'kualifikasi', 'pildun', 'dipermalukan', 'sekaligus', 'jepang', 'nunjukin', 'bahwa', 'timnas', 'mereka', 'full', 'jepang', 'bisa', 'mengalahkan', 'indonesia', 'yang', 'dimana', 'pelatihnya', 'exbarca', 'dan', 'pemainnya', 'naturalisasi', 'mayoritas']",Negatif
"['setengah', 'lusin', 'lagi', 'dapat', 'gelas', 'cantik']",Negatif
"['sir', 'kita', 'tau', 'jepang', 'masih', 'diatas', 'kita', 'tapi', 'setidaknya', 'kalah', 'terhormat', 'begitu', 'lah', 'sudah', 'mah', 'dibantai', 'pola', 'permainan', 'timnas', 'kagak', 'jelas', 'kayak', 'pola', 'yang', 'dipimpin', 'antum', 'kagak', 'jelas', 'menunjuk', 'sih', 'patrick', 'jadi', 'manajer', 'timnas']",Negatif
"['abang', 'emil', 'kayanya', 'baru', 'tarik', 'napas', 'sudah', 'datang', 'lagi', 'tuh', 'bola', 'buang', 'napas', 'sudah', 'dishooting', 'lagi', 'begitu', 'saja', 'terus', 'sampai', 'kelar']",Negatif
"['erik', 'tohir', 'tidak', 'mencoba', 'mencari', 'naturalisasi', 'dari', 'jepang', 'kah', 'kan', 'pernah', 'dijajah', 'juga']",Negatif
"['mau', 'dapat', 'saja', 'sudah', 'mustahil', 'ya']",Negatif
"['kang', 'buaya', 'sudah', 'mengaco', 'mainnya']",Negatif
"['anjir', 'dibantai']",Negatif
"['harusnya', 'rolex', 'dikasih', 'kalau', 'sudah', 'lolos', 'piala', 'dunia']",Negatif
"['efek', 'jam', 'rolek', 'kemarin', 'mangkanya', 'main', 'ya', 'tidak', 'serius', 'abang', 'sudah', 'abang']",Negatif
"['setengah', 'lusin']",Negatif
"['mainnya', 'indonesia', 'kurang', 'keras', 'harusnya', 'body', 'charge', 'membanyaki', 'jangan', 'main', 'cantik', 'skill', 'terus', 'vs', 'jepangdan', 'pertahanan', 'harus', 'lebih', 'rapat', 'juga', 'tumpuk', 'pemain', 'di', 'tengah', 'dan', 'belakang', 'kalau', 'perlu', 'zona', 'marking', 'vs', 'jepang', 'itu', 'tim', 'kuatya', 'tak', 'apa', 'untuk', 'pembelajaran']",Negatif
"['tegang', 'karena', 'ketakutan']",Negatif
"['tolong', 'ini', 'skor', 'sepak', 'bola', 'bukan', 'satuan', 'jumlah', 'jangan', 'sampai', 'selusin', 'ini', 'nyebutnya']",Negatif
"['jakarta', 'hujan', 'tau', 'saja', 'hati', 'gue', 'menangis', 'gegara']",Negatif
"['terpantau', 'sudah', 'setengah', 'lusin']",Negatif
"['hah', 'stok', 'pergantian', 'pemain', 'sudah', 'habis', 'ini', 'mah', 'benar', 'harus', 'napas', 'kuda', 'semua', 'dipaksa', 'sampai', 'akhir', 'bagaimana', 'kalau', 'ada', 'yang', 'cedera', 'wassalam', 'sudah', 'sudah', 'kocar', 'kacir', 'semua']",Negatif
"['gilee', 'ini', 'timnas']",Negatif
"['ini', 'bisa', 'tidak', 'sih', 'kipernya', 'langsung', 'begitu', 'kasihan', 'emil', 'tolonggin', 'dong']",Negatif
"['harusnya', 'king', 'indonesia', 'meminta', 'bantuan', 'damkar', 'untuk', 'mengalahkan', 'jepang']",Negatif
"['pak', 'patrick', 'ganti', 'emil', 'pak', 'kasihan', 'jadi', 'tembok', 'sendirian']",Negatif
"['prediksi', 'gol', 'sesuai', 'bulan']",Negatif
"['patrick', 'star', 'mending', 'mundur', 'saja', 'sudah', 'biar', 'spongebob', 'amp', 'squidward', 'yang', 'menggantikan']",Negatif
"['haye', 'kok', 'masih', 'di', 'maenin', 'saja', 'bukan', 'di', 'ganti']",Negatif
"['dengan', 'kualitas', 'seperti', 'ini', 'indonesia', 'tidak', 'layak', 'ikutan', 'piala', 'dunia']",Negatif
"['semoga', 'dengan', 'kekalahan', 'timnas', 'lawan', 'jepang', 'bowok', 'mengasih', 'hadiah', 'lagi', 'jangan', 'pas', 'menang', 'saja', 'mengasih', 'hadiah', 'ya', 'tidak', 'wok']",Negatif
"['bukan', 'tidak', 'bangga', 'indonesia', 'main', 'di', 'piala', 'dunia', 'tapi', 'belum', 'pantas', 'saja']",Negatif
"['hancur', 'lebur', 'benar', 'tidak', 'mampu', 'melawan']",Negatif
"['ke', 'ta', 'tawaratsumida', 'itu', 'masih', 'main', 'di', 'liga', 'lokal', 'jepang', 'lawan', 'yance', 'seperti', 'melewati', 'anak', 'sd', 'apalagi', 'kalau', 'jepang', 'memasang', 'tim', 'utama']",Negatif
"['sudah', 'abang', 'sudah', 'tidak', 'sanggup', 'menonton']",Negatif
"['lain', 'kali', 'timnas', 'dikasih', 'tasbih', 'jangan', 'rolex', 'supaya', 'pada', 'zikir']",Negatif
"['pliis', 'bisa', 'udahan', 'saja', 'tidak']",Negatif
"['pelajaran', 'buat', 'yang', 'terlalu', 'mengagungkan', 'timnas', 'ternyata', 'belum', 'ada', 'apaapanya', 'masih', 'jauh', 'kelasnya']",Negatif
"['makanya', 'asnawi', 'dibawa', 'coach', 'malah', 'membanyaki', 'striker']",Negatif
"['sama', 'sekali', 'belum', 'ngeshoot', 'cui', 'kiper', 'jepang', 'main', 'tidak', 'itu']",Negatif
"['indonesia', 'dijajah', 'jepang', 'kesekian', 'kalinya']",Negatif
"['udahmah', 'kalah', 'telak', 'mana', 'banyak', 'yang', 'cidera', 'juga']",Negatif
"['setengah', 'lusin', 'anjrit']",Negatif
"['china', 'game', 'pertama', 'lawan', 'jepang', 'kalah', 'game', 'kedua', 'kalah', 'indon', 'game', 'pertama', 'kalah', 'game', 'kedua', 'kalah', 'tidak', 'bisa', 'menyerang', 'samsek', 'tidak', 'ada', 'perubahan', 'memang', 'nih', 'aib', 'asean', 'pemain', 'sudah', 'eropa', 'juga', 'main', 'kayak', 'pemain', 'lokal', 'kasihan']",Negatif
"['sks', 'diobok', 'obok', 'abang', 'jepang']",Negatif
"['abang', 'sudah', 'abang', 'tidak ada', 'capek', 'capek', 'ya', 'abang', 'jepun']",Negatif
"['padahal', 'sudah', 'dibantu', 'voc']",Negatif
"['tim', 'indonesia', 'gajauh', 'beda', 'dama', 'myanmar', 'ternyata', 'gaes']",Negatif
"['ini', 'namanya', 'pembantaian', 'brutal', 'anjrittt']",Negatif
"['haduuu', 'tumbang', 'lagi']",Negatif
"['gue', 'sudah', 'tidak', 'kuat', 'nontonnya']",Negatif
"['diketawain', 'kubo', 'coyy']",Negatif
"['pasukan', 'hindia', 'belanda', 'hancur', 'lebur', 'oleh', 'pasukan', 'nippon', 'jpn', 'idn', 'mungkin', 'peluang', 'terakhir', 'kita', 'di', 'round']",Negatif
"['punya', 'rasa', 'malu', 'tidak', 'ya', 'dibantai', 'jepang']",Negatif
"['udahin', 'saja', 'plis']",Negatif
"['tidak', 'kuat', 'menonton']",Negatif
"['bagiakan', 'langit', 'dan', 'bumi']",Negatif
"['tanggung', 'woy', 'jepun', 'genapin', 'saja', 'gapapa']",Negatif
"['abang', 'sudah', 'abang', 'jepun', 'jangan', 'tambahkan', 'lagi', 'kita', 'jadi', 'kelabu', 'ini', 'ambil', 'sudah', 'mahkota', 'king', 'indonesia']",Negatif
"['semangat', 'ya', 'yang', 'penting', 'pakai', 'rolex']",Negatif
"['mau', 'bagaimana', 'lagi']",Negatif
"['pemain', 'tegah', 'zonk', 'haye', 'lamban', 'dan', 'fisik', 'lemah', 'bola', 'tak', 'hidup', 'ditengah', 'bagaimana', 'mau', 'menyerang']",Negatif
"['jepang', 'ini', 'kayaknya', 'benaran', 'berprinsip', 'mengalahkan', 'gol', 'yang', 'di', 'jakarta', 'wwkwkwkwk', 'jakarta', 'di', 'jepun', 'jadi']",Negatif
"['kalah', 'sudah', 'biasa', 'buat', 'kita', 'menang', 'baru', 'luar', 'biasa', 'jadi', 'tidak', 'usah', 'sedih', 'kita', 'sudah', 'kebal', 'terhadap', 'rasa', 'kalah']",Negatif
"['tebak', 'skor', 'akhir', 'aastagaaa', 'abang', 'sudah', 'abang']",Negatif
"['indonesia', 'keok', 'dari', 'jepang', 'menit', 'tidak', 'ada', 'perubahan', 'taktik', 'tidak', 'ada', 'respon', 'atas', 'serangan', 'jepang', 'tidak', 'pompa', 'semangat', 'pelatih', 'tertolol', 'kebanggaan', 'arya', 'sinulingga', 'dan', 'erick', 'thohir']",Negatif
"['ini', 'coach', 'patrick', 'kluivert', 'kali', 'lawan', 'tim', 'langganan', 'piala', 'dunia', 'kebantaiaustralia', 'jepang', 'masih', 'on', 'goingtaktikalnya', 'bukan', 'level', 'dunia', 'kahjelek', 'banget', 'kalau', 'sudah', 'lawan', 'kuat']",Negatif
"['yance', 'gampang', 'banget', 'dilewati', 'itu', 'kalau', 'asnawi', 'bakal', 'dihujat', 'hari', 'malam']",Negatif
"['kuatkuat', 'sudah', 'kalian', 'yang', 'masih', 'menonton', 'dari', 'saya', 'sudah', 'tidak', 'sanggup', 'menonton']",Negatif
"['wkwkkwkwkw', 'sih', 'el', 'jersey', 'mantan', 'komisaris', 'bagaimana', 'tuh', 'masih', 'jumawa', 'lagi', 'lawan', 'lapis', 'loh']",Negatif
"['kesalahan', 'coach', 'pakai', 'mainin', 'yance', 'yang', 'fungsinya', 'tidak', 'tau', 'buat', 'apa']",Negatif
"['dulu', 'mentok', 'kita', 'kalah', 'sama', 'jepun', 'kan', 'ya', 'nih', 'sekarang', 'sudah', 'di', 'menit']",Negatif
"['pak', 'petrik', 'sebaiknya', 'segera', 'ikut', 'bantu', 'serang', 'jepang', 'biar', 'imbang', 'kita', 'belum', 'ada', 'gol', 'nih', 'petrik', 'ini']",Negatif
"['abang', 'jepang', 'panen', 'gol', 'buset']",Negatif
"['coookkk', 'setengah', 'lusin', 'dengan', 'skenario', 'gol', 'yang', 'sama']",Negatif
"['setengah', 'lusin', 'sudah', 'kayak', 'mau', 'beli', 'gelas']",Negatif
"['terbantai', 'bantai']",Negatif
"['semangat', 'abang', 'lagi', 'tuh']",Negatif
"['mau', 'menambah', 'setengah', 'lusin', 'lagi', 'nih', 'kayaknyaa']",Negatif
"['anjing', 'cuma', 'diliatin', 'kalau', 'tidak', 'bisa', 'rebut', 'bola', 'jaga', 'kayak', 'lawan', 'jangan', 'pada', 'bengong', 'saja']",Negatif
"['seperti', 'yang', 'ego', 'bilang', 'indonesia', 'kalah', 'karena', 'pemain', 'ya', 'sudah', 'puas', 'dikasi', 'rolex']",Negatif
"['benar', 'kebantai', 'kemarin', 'timnas', 'putri', 'hari', 'ini', 'timnas', 'hari', 'kena', 'bantai', 'apa', 'kabar']",Negatif
"['kuch', 'patrik', 'tolong', 'ajak', 'arhan', 'buat', 'lempar', 'ke', 'gawang', 'jepun']",Negatif
"['mees', 'hilgers', 'jelek', 'banget', 'main', 'ya', 'sumpah']",Negatif
"['dalam', 'kondisi', 'seperti', 'ini', 'patrick', 'kluivert', 'atau', 'alex', 'pastoor', 'mikir', 'apaan', 'ya', 'masih', 'tertinggal']",Negatif
"['anjir', 'ini', 'mau', 'sampai', 'berapa', 'kosong', 'sudah', 'goal', 'saja']",Negatif
"['percaya', 'proses', 'bpk', 'jajaran', 'pasti', 'bangga', 'dengan', 'pelatih', 'tukang', 'judi', 'santai', 'baru', 'kok', 'paling', 'babak', 'ke', 'indonesia', 'kebobolan', 'lagi', 'jadi', 'sty', 'blunder', 'saat', 'lawan', 'cina', 'tapi', 'blunder', 'kalian', 'lebih', 'parah']",Negatif
"['wing', 'kanan', 'kiri', 'diacak', 'acak', 'banget', 'ini', 'main', 'cutback', 'saja', 'sudah', 'gol', 'sudah', 'kayak', 'main', 'pes']",Negatif
"['yang', 'melatih', 'orang', 'gila']",Negatif
"['prestasi', 'kluivert', 'dicukur', 'aussie', 'menang', 'kandang', 'sama', 'bahrain', 'dan', 'china', 'cuman', 'gol', 'dicukur', 'jepang', 'tidak', 'tau', 'deh', 'menambah', 'lagi', 'tidak', 'gue', 'sih', 'tidak', 'meminta', 'sty', 'balik', 'dia', 'balik', 'juga', 'belum', 'tentu', 'lebih', 'bagus', 'tapi', 'apa', 'iya', 'kayak', 'begini', 'tuh', 'progress']",Negatif
"['sekalinya', 'menonton', 'timnas', 'main', 'setelah', 'tidak', 'menonton', 'live', 'bertaun', 'tahun', 'malah', 'kalah', 'main', 'kelihatan', 'tidak', 'jelas', 'taktiknya', 'bingung', 'mau', 'nembus', 'defense', 'musuh', 'kayanya', 'tidak', 'perlu', 'naturalisasi', 'sudah', 'sama', 'saja']",Negatif
"['setengah', 'lusin', 'woii']",Negatif
"['besok', 'tidak usah', 'kasih', 'rolex', 'lah', 'wok', 'bawa', 'sial']",Negatif
"['lagi', 'dibantai', 'abang', 'jepang', 'anjir']",Negatif
"['tholol', 'ngarepin', 'apa', 'menang', 'lawan', 'china', 'saja', 'dari', 'pinalti', 'cepat', 'puas', 'sampai', 'dikasih', 'hadiah', 'mewah']",Negatif
"['jepang', 'goal', 'lagi', 'asw']",Negatif
"['benar', 'saja', 'tebakan', 'gua']",Negatif
"['setengah', 'lusin']",Negatif
"['pertandingan', 'apa', 'ini', 'cok']",Negatif
"['apasih', 'kosong', 'terus', 'depan', 'gawang']",Negatif
"['setengah', 'lusin', 'bjirrr', 'yaallah']",Negatif
"['tidak', 'kaget', 'kok', 'tidak', 'kaget', 'hahahah', 'tidak', 'kaget', 'kok']",Negatif
"['pak', 'kalau', 'skor', 'menambah', 'buat', 'australia', 'tolong', 'ya', 'tolong', 'banget', 'wajib', 'karena', 'ini', 'cuma', 'bikin', 'malu', 'saja', 'ini', 'kontes', 'kualifikasi', 'piala', 'dunia', 'bukan', 'kontes', 'piala', 'aff']",Negatif
"['benaran', 'dijajah', 'nih', 'kita']",Negatif
"['negaranya', 'bobrok', 'timnasnya', 'diobokobok']",Negatif
"['benar', 'benar', 'tidak', 'mengerti', 'lagi', 'sama', 'konsep', 'sih', 'pelatih', 'baru']",Negatif
"['mengapai', 'buruburu', 'ganti', 'pelatih', 'kalau', 'cuma', 'kalah', 'masih', 'mending', 'sty']",Negatif
"['makin', 'kocarkacir']",Negatif
"['widih', 'skornya', 'mengalahkan', 'rekor', 'kalah', 'pas', 'era', 'shin', 'taeyong']",Negatif
"['statistik', 'malam', 'ini', 'duel', 'bola', 'selalu', 'kalah', 'tempo', 'permainan', 'amburadul', 'individual', 'baik', 'penguasaan', 'nothing', 'tapi', 'lose']",Negatif
"['sudah', 'tidak', 'semangat', 'nontonnya', 'hufttt']",Negatif
"['ngeselinnya', 'tuh', 'begini', 'kalau', 'kebobolan', 'kali', 'ini', 'lebih', 'banyak', 'di', 'bandingkan', 'sama', 'coach', 'sebelumnya', 'giliran', 'menang', 'di', 'puji', 'brengsek', 'memang']",Negatif
"['kita', 'menang', 'menangis']",Negatif
"['selain', 'timnas', 'jepang', 'yang', 'overpower', 'timnas', 'indonesia', 'terlalu', 'ampas', 'untuk', 'sekelas', 'jebolan', 'eropa']",Negatif
"['ah', 'menonton', 'ini', 'bikin', 'gue', 'susah', 'napas', 'anjir']",Negatif
"['mari', 'menungkit', 'kepergian', 'shin']",Negatif
"['tidak', 'sanggup', 'menonton', 'timnas', 'di', 'pertandingan', 'ini']",Negatif
"['stres', 'mual', 'banget', 'nontonnya']",Negatif
"['btw', 'shayneee', 'akhirnya', 'maainnn']",Negatif
"['jual', 'mees', 'hilgers', 'mumpung', 'harganya', 'masih', 'mahal']",Negatif
"['akankah', 'apa', 'erick', 'sandaran', 'di', 'tembok', 'lagi', 'atas', 'kekalahan', 'ini', 'wkwkwk']",Negatif
"['halah', 'haye', 'pakai', 'hilang', 'bola']",Negatif
"['mudah', 'banget', 'direbut', 'wak']",Negatif
"['tidak', 'ada', 'evaluasi', 'nih', 'yakin', 'bisa', 'bersaing', 'di', 'round']",Negatif
"['gue', 'capek', 'nontonnya', 'tapi', 'masih', 'mau', 'menonton', 'tapi', 'gasanggup', 'lihat', 'timnas', 'dibantai', 'terus', 'ih', 'bagaimana', 'sih']",Negatif
"['lagi', 'dan', 'lagi', 'aku', 'hanya', 'bisa', 'termenung', 'dan', 'menangisi', 'mencoba', 'untuk', 'menenangkannya', 'kembali']",Negatif
"['kebiasaan', 'garuda', 'kalau', 'lagi', 'terbang', 'terlalu', 'tinggi', 'bakal', 'dibikin', 'humble', 'membumi', 'sedalam', 'dalamnya']",Negatif
"['emil', 'kelihatannya', 'lebih', 'tenang', 'ya', 'after', 'kena', 'bobol']",Negatif
"['di', 'mentertawakan', 'nippon', 'anjir']",Negatif
"['mees', 'bolong', 'mulu', 'daritadi']",Negatif
"['kang', 'emil', 'sudah', 'mulai', 'lemes', 'nepis', 'bola']",Negatif
"['lama', 'kotak', 'penalti', 'indonesia', 'aku', 'pager', 'i']",Negatif
"['aura', 'penjajah', 'ya', 'kentel', 'banget']",Negatif
"['emil', 'babak', 'belur']",Negatif
"['ini', 'lapangannya', 'cuma', 'separo', 'ya']",Negatif
"['siapa', 'yang', 'pantas', 'disalahkan', 'indonesia', 'sementara', 'tertinggal', 'dari', 'jepang']",Negatif
"['tuluuung', 'buat', 'coach', 'jangat', 'ada', 'lagi', 'duet', 'mees', 'jay', 'hubner', 'di', 'pertandingan', 'berikutnya', 'koordinasi', 'ya', 'kagak', 'jelas', 'coba', 'pasang', 'amat', 'deh', 'mees', 'bagus', 'yaudah', 'iya', 'iya']",Negatif
"['bamgsattt', 'sudah', 'dibantai', 'begini', 'malah', 'makin', 'kocak', 'asbunnya', 'orang', 'orang']",Negatif
"['ya', 'tuhan', 'ditinggal', 'beli', 'rokok', 'sudah', 'saja', 'sepertinya', 'menonton', 'naruto', 'lawan', 'kaguya', 'lebih', 'seru', 'cuaakkkss']",Negatif
"['aduh', 'baru', 'babak', 'pertama', 'indonesia', 'kebobolan', 'dari', 'jepang']",Negatif
"['mending', 'berhenti', 'menonton', 'deh', 'gue', 'sudah', 'sesak', 'duluan']",Negatif
"['kutukan', 'rolex', 'anjir', 'balikin', 'tuh', 'rolex', 'ya']",Negatif
"['skripsian', 'pusing', 'menonton', 'bola', 'lebih', 'pusing']",Negatif
"['ti', 'kucing', 'towel', 'amp', 'dia', 'mulai', 'berbalik', 'degree', 'karena', 'sty', 'sudah', 'berhasil', 'disingkirkan', 'tinggal', 'sekarang', 'mulai', 'jilat', 'bonga', 'mengais', 'merapat', 'lagi', 'ke', 'federasi', 'sialnya', 'ditongolkan', 'terus', 'tv', 'on', 'kompes', 'lehernya', 'makin', 'gemuk', 'jepang']",Negatif
"['timnasday', 'indonesia', 'maennya', 'jelek', 'tidak', 'full', 'pressing']",Negatif
"['penampilan', 'kurang', 'greget', 'tidak', 'kelihatan', 'permainan', 'amp', 'penguasaan', 'bolanya']",Negatif
"['hilgers', 'sengajaaa', 'banget', 'ya']",Negatif
"['jujur', 'kecewa', 'sama', 'justin', 'kok', 'tidak', 'terlihat', 'kengototannya']",Negatif
"['main', 'saja', 'untung', 'penalti', 'dan', 'menang']",Negatif
"['menit', 'terakhir', 'chaos', 'banget', 'anjir']",Negatif
"['sananta', 'belum', 'makan', 'ya']",Negatif
"['sudah', 'kuduga', 'sanantaaa', 'pasti', 'nendang', 'ke', 'kiper']",Negatif
"['sanantan', 'jangan', 'menyengir', 'dulu', 'please']",Negatif
"['halah', 'halah', 'sananta']",Negatif
"['meringis', 'doang']",Negatif
"['eh', 'kocak', 'peluang', 'itu']",Negatif
"['trauma', 'gua', 'anjg', 'sama', 'waktu', 'tambahan']",Negatif
"['ole', 'diganti', 'sananta', 'aga', 'ngeri', 'ngeri', 'sedep', 'langsung', 'berenti', 'menonton', 'wkwk']",Negatif
"['dilihat', 'cara', 'kerjanya', 'shin', 'taeyong', 'ingin', 'membangun', 'sepakbola', 'indonesia', 'sementara', 'patrick', 'kluivert', 'cuma', 'cari', 'duit', 'di', 'indonesia']",Negatif
"['sudah', 'benar', 'dapat', 'pelatih', 'kelas', 'dunia', 'eh', 'malah', 'memilih', 'pelatih', 'kelas', 'kroco', 'cuma', 'bisa', 'tepok', 'jidat', 'saja', 'sudah']",Negatif
"['sudah', 'dibilang', 'jangan', 'mainkan', 'lino', 'eh', 'malah', 'tidak', 'diganti', 'selama', 'dia', 'main', 'timnas', 'pasti', 'kacau']",Negatif
"['saat', 'sty', 'menang', 'lawan', 'arab', 'saudi', 'pssi', 'murka', 'makanya', 'sty', 'di', 'pecat', 'dan', 'ketika', 'timnas', 'kalah', 'vs', 'ausie', 'pssi', 'adem', 'ayem', 'tentrem', 'kenapa', 'coba', 'tebak']",Negatif
"['wakil', 'ketua', 'komdis', 'bersabda', 'bagaimana', 'sepakbola', 'mau', 'maju', 'komdisnya', 'jadi', 'buzzer', 'psi']",Negatif
"['hh', 'shin', 'tae', 'yong', 'vs', 'patrick', 'kluivert', 'bagaimana', 'menurut', 'kelen', 'pssi', 'prabowo', 'hasan', 'nasbi', 'babi', 'dimasak', 'saja']",Negatif
"['harusnya', 'exco', 'pssi', 'evaluasi', 'ketum', 'mengurus', 'bumn', 'banyak', 'korupsi', 'mengurus', 'pssi', 'rungsing', 'heboh', 'doang', 'pelatih', 'bintang', 'pemain', 'mahal', 'eh', 'keok', 'lawan', 'ostrali', 'mending', 'shin', 'tae', 'yong', 'lagian', 'pemain', 'sekarang', 'racikan', 'sty', 'ngapah', 'kluivert', 'yang', 'eksekusi', 'logikanya', 'aneh', 'pejabat', 'kita', 'mah']",Negatif
"['patrick', 'kluivert', 'sebut', 'laga', 'melawan', 'bahrain', 'akan', 'sulit', 'bisakah', 'kamu', 'lebih', 'percaya', 'diri', 'petrik', 'link', 'bola', 'ada', 'di', 'bio', 'fajar', 'alfian']",Negatif
"['timnas', 'indonesia', 'dilumat', 'timnas', 'australia', 'omg', 'perhatian', 'dan', 'gol', 'terjadi', 'kalah', 'man', 'marking', 'gol', 'berulang', 'di', 'corner', 'kick', 'nathan', 'gol', 'serangan', 'balikman', 'marking', 'gagal', 'karena', 'kalah', 'speed', 'kalah', 'fisikbody', 'tidak', 'melakukan', 'zona', 'marking']",Negatif
"['spekulasi', 'soal', 'keterlibatan', 'exco', 'pssi', 'dalam', 'taruhan', 'bisa', 'muncul', 'karena', 'momen', 'pemecatannya', 'mencurigakan', 'jika', 'ada', 'pejabat', 'yang', 'rugi', 'besar', 'akibat', 'hasil', 'pertandingan', 'bisa', 'saja', 'ada', 'kepentingan', 'tertentu', 'yang', 'membuat', 'mereka', 'ingin', 'menghukum', 'sty']",Negatif
"['kalau', 'kita', 'lihat', 'dari', 'sisi', 'sepak', 'bola', 'sty', 'sudah', 'membawa', 'banyak', 'perubahan', 'positif', 'bagi', 'timnas', 'indonesia', 'termasuk', 'peningkatan', 'performa', 'di', 'level', 'asia', 'jadi', 'kalau', 'pemecatannya', 'terjadi', 'setelah', 'kemenangan', 'bersejarah', 'pasti', 'ada', 'faktor', 'lain', 'yang', 'bermain', 'kata']",Negatif
"['dalam', 'sebuah', 'pertandingan', 'menurut', 'saya', 'sudah', 'kagak', 'ada', 'proses', 'kali', 'proses', 'ntu', 'sebelum', 'tanding', 'ada', 'prosespas', 'tanding', 'mah', 'ya', 'cuman', 'menang', 'atau', 'kalah', 'kali']",Negatif
"['baru', 'langkah', 'sudah', 'kebantai', 'awokawokawok']",Negatif
"['pelatih', 'yang', 'tertukar', 'kenapa', 'amp', 'bisa', 'ambil', 'keputusan', 'ini']",Negatif
"['peringatan', 'darurat', 'untuk', 'dan', 'dari', 'media', 'curacao', 'mengenai', 'track', 'record', 'patrick', 'kluivert', 'salah', 'satunya', 'kalah', 'dari', 'barain', 'sangat', 'menyedihkan', 'pssi', 'pilih', 'pelatih', 'ini', 'hati', 'kalah', 'dari', 'bahrain', 'selesai', 'mimpi', 'ambillah', 'tindakan']",Negatif
"['kepingan', 'terakhir', 'sty', 'sudah', 'datang', 'yaitu', 'striker', 'sayangnya', 'kendali', 'telah', 'beralih', 'pondasi', 'kuat', 'yang', 'terbentuk', 'telah', 'runtuh', 'kembali', 'blunder']",Negatif
"['mengapai', 'beli', 'tiket', 'menonton', 'timnas', 'pssinya', 'kocak', 'pelatihnya', 'nglawak', 'mending', 'menonton', 'dirumah', 'sambil', 'nikmati', 'kekalahan', 'demi', 'kekalahan', 'yang', 'akan', 'datang']",Negatif
"['hari', 'penghakiman', 'untuk', 'patrick', 'kluivert', 'amp', 'ketum', 'pssi', 'erick', 'thohir', 'wajib', 'menang', 'lawan', 'bahrain', 'tidak', 'menerima', 'hasil', 'seri', 'apalagi', 'kalah', 'jika', 'itu', 'terjadi', 'artinya', 'tidak', 'ada', 'lagi', 'percaya', 'proses', 'waktunya', 'menuntut', 'hasil', 'prosas', 'proses', 'ndasmu']",Negatif
"['percaya', 'atau', 'tidak', 'timnas', 'kita', 'tidak', 'akan', 'lolos', 'ke', 'piala', 'dunia', 'di', 'amerikakanadameksiko']",Negatif
"['dear', 'saya', 'butuh', 'bantuan', 'tolong', 'evakuasi', 'dari', 'timnas']",Negatif
"['berawal', 'dari', 'pertemuan', 'danarogannya', 'orang', 'pssi', 'tidak', 'mau', 'dengar', 'masukan', 'yang', 'pada', 'akhirnya', 'terbantai', 'jadi', 'lelucon', 'pengemar', 'bola']",Negatif
"['moga', 'sama', 'bahrain', 'kalah', 'lagi', 'jadi', 'sih', 'towel', 'kalau', 'ketemu', 'dijalan', 'bisa', 'di', 'kitik', 'sama', 'netizen', 'indonesia']",Negatif
"['dengan', 'masang', 'wajahnya', 'segede', 'gaban', 'di', 'poster', 'timnasday', 'begitu', 'ya']",Negatif
"['godambola', 'saat', 'menjadi', 'pelatih', 'timnas', 'curacao', 'patrick', 'kluivert', 'pernah', 'kalah', 'oleh', 'timnas', 'bahrain', 'dengan', 'skor']",Negatif
"['ujian', 'buat', 'rakyat', 'indonesia', 'di', 'bulan', 'puasa', 'ini', 'yaitu', 'menahan', 'amarah', 'timnas', 'dihajar', 'oleh', 'australia', 'dimasa', 'kepimpinan', 'pelatih', 'baru', 'disaat', 'berpuasa', 'pula', 'sampai', 'saat', 'ini', 'masih', 'kecewa']",Negatif
"['masih', 'terasa', 'kecewanya', 'lihat', 'indonesia', 'dibantai', 'australia', 'jujur', 'saya', 'berharap', 'sty', 'balik', 'timnas', 'gantikan', 'itu', 'pelatih', 'baru', 'yang', 'hanya', 'bisa', 'senyum', 'saja']",Negatif
"['yang', 'satu', 'frustasi', 'yang', 'satu', 'lagi', 'silakan', 'isis', 'sendiri']",Negatif
"['total', 'football', 'total', 'dibantai']",Negatif
"['orang', 'pssi', 'sama', 'pelati', 'baru', 'mah', 'kupingnya', 'budegyg', 'penti', 'cuan', 'masalah', 'prestasi', 'anak', 'bangsa', 'mah', 'no', 'terus', 'mau', 'maju', 'kalau', 'begini', 'caranyakrn', 'pemain', 'cuan', 'pengin', 'timnas', 'itu', 'tidak', 'tampil', 'di', 'pildun', 'agar', 'mereka', 'bisa', 'korek', 'cuan', 'dari', 'segala', 'arah']",Negatif
"['mereka', 'itu', 'dari', 'kecil', 'dilatih', 'sepak', 'bola', 'menyerang', 'bla', 'bla', 'bla', 'kontolll', 'lihat', 'itu', 'totalfootbal', 'yang', 'gagal', 'total', 'tahi', 'ada', 'ivar', 'dan', 'palupesy', 'eh', 'nathan', 'rizki', 'ridho', 'juga', 'tidak', 'dimainin', 'kalau', 'sama', 'bahrain', 'sampai', 'kalah', 'lagi', 'wah', 'entek', 'koen', 'cok']",Negatif
"['satu', 'kata', 'untuk', 'mereke', 'gue', 'pilih', 'djancok', 'pssi', 'erick', 'tohir']",Negatif
"['akibat', 'kejadian', 'saat', 'kemarin', 'yang', 'kata', 'sastra', 'kritik', 'parlay', 'sastra', 'sampai', 'menangis', 'kenapa', 'mirip', 'sih', 'ngeheee']",Negatif
"['bayar', 'bayar', 'bayar']",Negatif
"['sudah', 'lah', 'pak', 'lepaskan', 'pimpin', 'di', 'pssi', 'yang', 'sudah', 'semakin', 'sehatmewah', 'butuh', 'perhatian', 'dan', 'ujung', 'tombak', 'membawa', 'mendunia']",Negatif
"['bruakakakakaka', 'terus', 'guna', 'ya', 'pelatih', 'itu', 'apa', 'ya']",Negatif
"['kapan', 'mundur']",Negatif
"['waktu', 'media', 'bertanya', 'ke', 'sty', 'mengapa', 'indonesia', 'bisa', 'kalah', 'beliau', 'bilang', 'indonesia', 'kurang', 'latihan', 'dan', 'ya', 'betul', 'cuma', 'hari', 'lthn', 'makanya', 'sbnrnya', 'sty', 'sudah', 'merencanakan', 'untuk', 'melobbi', 'club', 'biar', 'pemain', 'bisa', 'dtng', 'lebih', 'awal', 'tapi', 'itu', 'gjd', 'karena', 'keburu', 'dipct']",Negatif
"['sty', 'adalah', 'masa', 'lalu', 'sekarang', 'tinggal', 'menunggu', 'hasil', 'penampilan', 'timnas', 'bersama', 'kluivert', 'kalau', 'timnas', 'lolos', 'ke', 'piala', 'dunia', 'semua', 'akan', 'memuji', 'tapi', 'kalau', 'gagal', 'ya', 'terima', 'kasih', 'atas', 'keputusan', 'amp', 'dukungan', 'kalian', 'yang', 'ternyata', 'tidak', 'tepat', 'amp', 'tidak', 'bijak']",Negatif
"['sebenarnya', 'bukan', 'ekspektasi', 'pada', 'yang', 'terlalu', 'tinggi', 'tapi', 'defense', 'linenyq', 'yang', 'terlalu', 'tinggi']",Negatif
"['bagi', 'yang', 'dulu', 'terlibat', 'amp', 'mendukung', 'ganti', 'pelatih', 'tokohpengamat', 'yang', 'sekarang', 'masih', 'sok', 'bijak', 'kekalahan', 'ibarat', 'tendangan', 'super', 'keras', 'ke', 'wajah', 'kalian', 'semua', 'alasan', 'kalian', 'sekarang', 'adalah', 'resiko', 'yang', 'seharusnya', 'kalian', 'pertimbangkan', 'sebelum', 'ganti', 'pelatih']",Negatif
"['pelatih', 'berlian', 'dan', 'staff', 'kepelatihan', 'yang', 'tulus', 'dibuang', 'diganti', 'sama', 'pelatih', 'judi', 'dan', 'pelaku', 'pelecehan', 'seksual', 'tahankan', 'rasakan']",Negatif
"['jangan', 'kluivert', 'kebingungan', 'mau', 'mengasih', 'intruksi', 'behasa', 'lingis', 'apa', 'behasa', 'belanda', 'atau', 'bisa', 'juga', 'tidak', 'paham', 'apa', 'yang', 'musti', 'diperbaiki']",Negatif
"['game', 'gampang', 'gampang', 'tersambar', 'petir', 'pasti', 'jadi', 'tajir', 'seketika', 'di', 'manut', 'buktikan', 'info', 'link', 'dibawah', 'ini']",Negatif
"['sudah', 'cocok', 'jadi', 'pendakwah', 'pak', 'saran', 'tanggal', 'waktu', 'vs', 'bahrain', 'isi', 'dakwah', 'dulu', 'sebelum', 'laga']",Negatif
"['percayalah', 'selama', 'pssi', 'erick', 'tohir', 'pundit', 'bola', 'indonesia', 'masih', 'tetap', 'ikut', 'mafia', 'tidak', 'bakalan', 'bisa', 'lolos', 'ke', 'piala', 'dunia', 'karena', 'setting', 'an', 'ya', 'indonesia', 'ini', 'harus', 'selalu', 'kalah', 'yang', 'lolos', 'jepang', 'australia', 'arab', 'bahrain', 'karena', 'ambisi', 'timur', 'tengah', 'harus', 'pada', 'masuk', 'piala', 'dunia']",Negatif
"['melihat', 'mereka', 'kok', 'saya', 'jadi', 'merasa', 'masih', 'berada', 'dibawah', 'penjajahan', 'kolonial', 'apakah', 'kita', 'bisa', 'mempertanyakan', 'nasionalisme', 'sebaiknya', 'pak', 'segera', 'memecat']",Negatif
"['arab', 'saudi', 'ganti', 'pelatih', 'malah', 'moncer', 'australia', 'ganti', 'pelatih', 'tambah', 'moncer', 'infonesia', 'ganti', 'pelatih', 'malah', 'mandeg']",Negatif
"['kalau', 'tidak', 'bisa', 'mengalahkan', 'bahrain', 'dan', 'cina', 'mending', 'mundur', 'ajkita', 'tidak', 'peduli', 'caranya', 'lo', 'bagaimana', 'pakai', 'strategi', 'apa', 'silakan', 'saja', 'kamu', 'disini', 'dibayar', 'oleh', 'uang', 'rakyat', 'indonesia', 'dan', 'gue', 'selaku', 'rakyat', 'indonesia', 'berhak', 'bicara']",Negatif
"['saatnya', 'ganti', 'semua', 'pengurusnya', 'saatnya', 'pula', 'mundur', 'dari', 'pssi', 'kembalikan', 'sty']",Negatif
"['udahan', 'yuk', 'main', 'pildun', 'pildunannya']",Negatif
"['temannya', 'towel', 'nih', 'sih', 'paling', 'coach', 'kochi', 'membela', 'kluivert', 'juga', 'ada', 'progres', 'tidak', 'ada', 'yang', 'jatuh', 'dari', 'langit', 'kadang', 'kita', 'happy', 'kadang', 'kita', 'kecewa', 'tidak', 'bisa', 'kita', 'menang', 'terus', 'katanya']",Negatif
"['intinya', 'kalau', 'besok', 'tanggal', 'kalah', 'lawan', 'bahrain', 'langsung', 'saja', 'bayangkan', 'pas', 'sama', 'sty', 'saja', 'lawan', 'australia', 'bisa', 'imbang', 'kok', 'pas', 'sama', 'pakai', 'lawan', 'australia', 'jadi', 'dibantai']",Negatif
"['nelen', 'kecewa', 'saat', 'puasa', 'batal', 'tidak', 'ya']",Negatif
"['sama', 'coach', 'sty', 'mah', 'lawan', 'australia', 'seri', 'gapapa', 'kalah', 'tapi', 'tidak', 'dibantaiii', 'juga', 'juga', 'bangkee']",Negatif
"['kalau', 'sampai', 'kalah', 'lawan', 'bahrain', 'amp', 'cina']",Negatif
"['dan', 'juga', 'pantas', 'dioecat', 'et', 'tapi', 'perlu', 'hanya', 'buat', 'lobby', 'fifa', 'saja', 'kalau', 'petrik', 'out', 'saja']",Negatif
"['patik', 'klepet', 'tunjukkin', 'pemain', 'lokal', 'itu', 'tidak', 'mampu', 'makanya', 'babak', 'pertama', 'diturunin', 'semua', 'yang', 'dibeli', 'dan', 'dinaturalisasi', 'pemain', 'lokal', 'jadi', 'wn', 'kelas', 'dua', 'out', 'harus', 'direformasi']",Negatif
"['dia', 'ini', 'apa', 'tidak', 'mikir', 'ya', 'yang', 'jelas', 'punya', 'track', 'record', 'judi', 'itu', 'kluivert', 'bahkan', 'sampai', 'hutang', 'judi', 'sampai', 'juta', 'euro', 'yang', 'patut', 'dicurigai', 'itu', 'malah', 'pelatih', 'belanda', 'kamu', 'itu', 'bisanya', 'malah', 'menuduh', 'orang', 'lain']",Negatif
"['hiburan', 'rakyat', 'satu', 'satu', 'ya', 'di', 'kala', 'negara', 'ini', 'hancur', 'di', 'tangan', 'pejabat', 'pemerintahanya', 'malah', 'di', 'rusak', 'juga', 'sama', 'kepentingan', 'orang', 'orang', 'tidak', 'penting', 'yang', 'mengatas', 'namakan', 'pundit', 'sepakbola']",Negatif
"['out', 'out', 'out', 'tidak', 'usah', 'dibahas', 'tidak', 'usah', 'di', 'komen', 'hanya', 'kluivert', 'out', 'tidak', 'guna', 'jadi', 'pelatih', 'timnas']",Negatif
"['erick', 'thohir', 'mending', 'pelatih', 'ya', 'shin', 'tae', 'yong', 'saja', 'sudah']",Negatif
"['beda', 'kelas', 'sty', 'kelas', 'piala', 'dunia', 'pelatih', 'klub']",Negatif
"['pelatih', 'goblok', 'lebih', 'goblok', 'dari', 'pelatih', 'lokal']",Negatif
"['tukang', 'judi', 'di', 'suruh', 'ngelatih', 'ya', 'begini', 'hasilnya']",Negatif
"['balikin', 'sty', 'sekarang', 'juga']",Negatif
"['kita', 'jauh', 'lebih', 'unggul', 'segalanya', 'dari', 'australia', 'tapi', 'dibantai', 'sampai', 'olehnya']",Negatif
"['mamam', 'tuh', 'kluivert']",Negatif
"['pemain', 'judi', 'mengapai', 'dijadikan', 'pelatih']",Negatif
"['berawal', 'dari', 'sini']",Negatif
"['sebenarnya', 'memang', 'tidak ada', 'masalah', 'cuma', 'karena', 'sty', 'ditunjuk', 'jadi', 'pelatih', 'aff', 'terus', 'kebetulan', 'kalah', 'maka', 'dicarilah', 'kesalahan', 'tersebut', 'xixi', 'menonton', 'wawancara', 'jj', 'sama', 'hansol', 'yuk', 'disono', 'terbongkar', 'walaupun', 'ada', 'yang', 'gkboleh', 'disbutin', 'juga', 'sama', 'jj']",Negatif
"['mamam', 'tuh', 'kluivert']",Negatif
"['bagaimana', 'ndk', 'kebobolan', 'banyak', 'pertahanan', 'hancur', 'begitu', 'perasaan', 'zaman', 'sty', 'rapi', 'banget', 'tuh', 'pertahanan', 'ndk', 'ada', 'bang', 'jay', 'suruh', 'maju', 'kayak', 'begitu', 'bang', 'jay', 'itu', 'tembok', 'terakhir', 'sebelim', 'paes', 'ini', 'malaah', 'aaiss', 'sudah', 'lah', 'patrick', 'ya', 'pantek']",Negatif
"['sekarang', 'mau', 'mengasih', 'alesan', 'apalagi', 'sih', 'et', 'timnas', 'sudah', 'lumayan', 'kebuild', 'tidak', 'from', 'scratch', 'kayak', 'pas', 'sty', 'awal', 'ngelatih', 'yang', 'masih', 'harus', 'diajari', 'passing', 'dari', 'komunikasi', 'harusnya', 'lancar', 'sudah', 'tidak ada', 'kendala', 'bahasa', 'kan', 'masa', 'hasilnya', 'hancur', 'begini', 'btw', 'tidak', 'menerima', 'alesan', 'butuh', 'proses', 'ya']",Negatif
"['mereka', 'sendiri', 'yang', 'bilang', 'ini', 'adalah', 'tim', 'kepelatihan', 'terbaik', 'yang', 'pernah', 'kita', 'miliki', 'eh', 'malah', 'dibantai']",Negatif
"['senggaknya', 'pekerjaan', 'selesai', 'biar', 'resiko', 'sty', 'yang', 'tanggung', 'sendiri']",Negatif
"['ini', 'serius', 'tidak', 'ada', 'yang', 'mau', 'mukul', 'botak']",Negatif
"['tapi', 'dia', 'yang', 'mau', 'dtng', 'pas', 'natal', 'abang', 'et', 'memang', 'sarap', 'orang', 'lagi', 'natalan', 'malah', 'nyri', 'ina', 'itu']",Negatif
"['menu', 'buka', 'puasa', 'sehat']",Negatif
"['yes', 'ekspetasi', 'gua', 'juga', 'kalau', 'kalah', 'tidak', 'selisih', 'banyak', 'malah', 'hadehhh']",Negatif
"['padahal', 'sudah', 'diingatkan', 'sejak', 'agustus', 'kenapa', 'dia', 'masih', 'bebal', 'towel', 'cica', 'verdonk', 'pak', 'anam', 'kontol', 'dewan', 'perwakilan', 'rezim']",Negatif
"['tidak pernah', 'se', 'ini']",Negatif
"['dia', 'itu', 'tidak', 'mampu', 'bahkan', 'dia', 'tidak', 'memahami', 'dimana', 'kemampuannya', 'sendiri', 'dan', 'yang', 'parah', 'dari', 'orang', 'tipe', 'seperti', 'ini', 'dia', 'akan', 'salah', 'memberikan', 'instruksi', 'ke', 'orang', 'lain', 'karena', 'tidak', 'memliki', 'kemampuan', 'analitik']",Negatif
"['gara', 'gara', 'lu', 'anjir', 'makin', 'pusing', 'gue']",Negatif
"['bacot', 'doang', 'gede', 'kelihatan', 'dari', 'muka', 'kamu']",Negatif
"['seharusnya', 'kalau', 'pun', 'hasil', 'seri', 'lawan', 'bahrain', 'di', 'indonesia', 'tetap', 'sudah', 'tidak', 'ada', 'kesempatan', 'lagi', 'buat', 'patrick', 'kluivert', 'menang', 'lawan', 'bahrain', 'dan', 'cina', 'adalah', 'harga', 'mati', 'tidak', 'bisa', 'ditawar', 'dengan', 'hasil', 'seri', 'kecuali', 'lawan', 'jepang', 'semoga', 'saja', 'tidak', 'kebantai', 'banyak']",Negatif
"['malumaluin', 'banget', 'sih', 'coach']",Negatif
"['bahasa', 'sudah', 'sama', 'harusnya', 'lebih', 'gampang', 'adaptasi', 'dan', 'mengerti', 'taktik', 'yang', 'dibicarakan', 'ini', 'boroboro', 'malah', 'kebobolan']",Negatif
"['makan', 'tuh', 'total', 'football', 'padahal', 'sudah', 'jelas', 'di', 'sepak', 'bola', 'itu', 'yang', 'penting', 'hasil', 'mau', 'gameplay', 'amburadul', 'juga', 'kalau', 'kebobolan', 'tapi', 'cetak', 'gol', 'you', 'still', 'win', 'the', 'game']",Negatif
"['mereka', 'tersenyum', 'melihat', 'timnas', 'kita', 'menangis']",Negatif
"['mamam', 'tuh', 'komunikasi']",Negatif
"['balik', 'sono']",Negatif
"['kalah', 'lawan', 'australia', 'sebenarnya', 'wajar', 'tapi', 'ya', 'jangan', 'sampai', 'kebantai', 'juga', 'materi', 'pemain', 'kayak', 'begitu', 'masa', 'kebantai', 'bahrain', 'nih', 'materi', 'pemain', 'jauh', 'di', 'bawah', 'jepang', 'kalah', 'doang', 'minimal', 'tanggung', 'jawab', 'bos', 'ganti', 'pelatih', 'di', 'tengah', 'jalan']",Negatif
"['indonesia', 'di', 'bawah', 'bimbingan', 'patrick', 'kluivert', 'serta', 'hadir', 'dengan', 'lebih', 'ramai', 'pemain', 'warisan', 'dijangka', 'memperkuatkan', 'pasukan', 'sebaliknya', 'bergelut', 'mencipta', 'jaringan']",Negatif
"['tolong', 'chant', 'di', 'gbk', 'apalagi', 'kalau', 'sampai', 'serikalah', 'show', 'them', 'fan', 'juga', 'punya', 'suara', 'untuk', 'me', 'jatuhkan', 'arogansi', 'mereka']",Negatif
"['makan', 'tuh', 'bisa', 'komunikasi', 'belandainggris', 'lancar', 'di', 'bench', 'diam', 'doang', 'kagak', 'ada', 'arahan']",Negatif
"['tidak', 'ada', 'lagi', 'alasan', 'proses', 'proseskontolll', 'intinya', 'kamu', 'memilih', 'pelatih', 'ya', 'tanggung', 'jawab', 'lah', 'mau', 'main', 'total', 'football', 'atau', 'apalah', 'intinya', 'menang', 'jangan', 'pakai', 'alasan', 'prosasproses', 'taiiikkk']",Negatif
"['saya', 'rindu', 'shin', 'tae', 'yong', 'jika', 'masih', 'punya', 'malu', 'dan', 'harga', 'diri']",Negatif
"['tidak', 'tau', 'kenapa', 'dari', 'awal', 'kami', 'sudah', 'tidak', 'yakin', 'dengan', 'patrick', 'kembalikan', 'sty', 'dia', 'yang', 'sudah', 'membuat', 'kami', 'tenang', 'nyaman', 'dan', 'memang']",Negatif
"['kangen', 'sty', 'balikin', 'sty', 'woyy']",Negatif
"['kapan', 'out']",Negatif
"['minimal', 'tidak', 'sok', 'tau']",Negatif
"['sorry', 'tapi', 'sayang', 'gua', 'bukan', 'buzzer', 'tapi', 'ini', 'sudah', 'saat', 'ya']",Negatif
"['rada', 'tolol', 'memang', 'memilih', 'dia', 'jadi', 'pelatih', 'cuma', 'karena', 'dia', 'doang', 'yang', 'datang', 'interview', 'pas', 'malam', 'natal']",Negatif
"['babuk', 'dek']",Negatif
"['anjengg', 'kamu', 'petrik', 'jadikan', 'kak', 'kev', 'alasan', 'pelatih', 'macam', 'apa', 'kamu', 'nge', 'blame', 'pemain', 'depan', 'media', 'fakk', 'saja', 'lah', 'malesss', 'lihat', 'mukanya']",Negatif
"['sangat', 'total']",Negatif
"['langsung', 'saja', 'wkwk']",Negatif
"['jawabannya', 'adalah', 'shin', 'tae', 'yong', 'diganti', 'oleh', 'rombongan', 'tukang', 'sirkus', 'dan', 'penjudi', 'bubar', 'saja', 'sudah', 'bikin', 'malu', 'bangsa', 'indonesia', 'ditunggu', 'bacotanmu', 'tentang', 'tolol', 'football']",Negatif
"['tahi', 'dikasih', 'nyawa', 'sedang', 'mengomong', 'sok', 'idih', 'raimu']",Negatif
"['memang', 'pandit', 'pandit', 'pantek', 'macam', 'sih', 'justin', 'itu', 'harus', 'di', 'cancel', 'bukan', 'fokus', 'pada', 'kritik', 'malah', 'menghina', 'yang', 'menyampaikan', 'kritik', 'sudah', 'kayak', 'buzzer', 'dan', 'rezim', 'saja', 'anjing']",Negatif
"['ternyata', 'benar', 'pembuktian', 'kalau', 'dia', 'pelatih', 'ampas']",Negatif
"['instastory', 'ya', 'pak', 'hamdan', 'hamedan', 'gusti', 'allah', 'mboten', 'sare', 'pssi', 'kembali', 'ke', 'era', 'kegelapan', 'kah']",Negatif
"['tahun', 'di', 'bina', 'harusnya', 'kita', 'tidak', 'butuh', 'kata', 'proses', 'lagi', 'tapi', 'ini', 'malah', 'ganti', 'nahkoda', 'why']",Negatif
"['perbedaan', 'ekspresi', 'pelatih', 'yang', 'lihat', 'dari', 'layar', 'kaca', 'dan', 'lihat', 'langsung', 'di', 'depan', 'mata', 'adalagi', 'yang', 'dia', 'senyum', 'ke', 'kamera', 'ketika', 'kita', 'kalah', 'sayangnya', 'tidak', 'nemu', 'gua', 'tuh', 'foto', 'biar', 'masyarakat', 'deh', 'yang', 'menilai', 'bagaimana']",Negatif
"['gregeten', 'gue', 'pengin', 'gamparin', 'satu', 'orang', 'pssi', 'biar', 'sadar']",Negatif
"['tidak ada', 'alasan', 'butuh', 'proses', 'butuh', 'chemistri', 'butuh', 'jam', 'terbang', 'bla', 'bla', 'jaman', 'sty', 'sudah', 'keren', 'naik', 'kelas', 'malah', 'dijatuhin', 'lagi', 'sama', 'kang', 'judi']",Negatif
"['ya', 'santai', 'lah', 'kan', 'menang', 'taruhan', 'judinya']",Negatif
"['butuh', 'proses', 'itu', 'dari', 'bawah', 'indonesia', 'sekarang', 'sudah', 'di', 'atas', 'malah', 'lo', 'jatuhin']",Negatif
"['pecat', 'kluivert', 'atau', 'kita', 'di', 'permalukan', 'bahrain']",Negatif
"['kalau', 'mau', 'mainan', 'what', 'if', 'mending', 'openmic', 'saja', 'abang']",Negatif
"['gue', 'jadi', 'ingat', 'tim', 'arab', 'yang', 'saat', 'itu', 'imbang', 'lawan', 'timnas', 'indonesia', 'eh', 'pelatihnya', 'juga', 'langsung', 'ganti', 'kan', 'tapi', 'malah', 'kalah', 'sama', 'timas', 'indonesia', 'nah', 'hasil', 'kemarin', 'mirip', 'tapi', 'lebih', 'parah', 'skor', 'ya', 'bngst']",Negatif
"['kelucuan', 'pssi', 'adalah', 'jika', 'negara', 'lain', 'mengganti', 'pelatih', 'di', 'saat', 'timnasnya', 'sedang', 'dalam', 'performa', 'buruk', 'tapi', 'timnas', 'kita', 'ganti', 'pelatih', 'di', 'saat', 'performa', 'timnas', 'sedang', 'on', 'fire', 'hahahaha']",Negatif
"['sudah', 'dibantai', 'habis', 'abisan', 'disuruh', 'sabar', 'lol']",Negatif
"['era', 'kegelapan', 'sepak', 'bola', 'indonesia', 'sudah', 'menampak', 'blunder', 'terparah', 'mengganti', 'sty', 'dsaat', 'kita', 'sangat', 'optimis']",Negatif
"['halah', 'halah', 'tidak', 'ada', 'alasan', 'yang', 'lawan', 'cina', 'kalah', 'saja', 'kaum', 'loh', 'teriak', 'meminta', 'sty', 'out', 'sekarang', 'bodok', 'amat']",Negatif
"['tidak', 'berguna', 'katanya', 'pandit', 'tapi', 'omongannya', 'hoax', 'sok', 'berlagak', 'paham', 'sepakbola', 'ramainkan']",Negatif
"['yang', 'masih', 'membela', 'sih', 'patrick', 'kluivert', 'fix', 'sakjiw', 'yang', 'masih', 'jadi', 'buzzer', 'fix', 'dajjal', 'stop', 'mengatai', 'masih', 'proses', 'proses', 'mah', 'lama', 'njing', 'kan', 'tuh', 'federasi', 'sendiri', 'yang', 'mengajari', 'tidak', 'sesuai', 'out', 'yaudah', 'sekarang', 'balikin', 'sty']",Negatif
"['sibocak', 'kalau', 'sama', 'orang', 'belanda', 'lembek', 'banget', 'coba', 'kalau', 'ke', 'sty', 'beda', 'narasi', 'lagi']",Negatif
"['sebelum', 'imsakngebacot', 'dulu', 'agh', 'et', 'asw', 'pssi', 'kontol']",Negatif
"['timnas', 'ya', 'di', 'bantai', 'negeri', 'kanguru', 'rakyatnya', 'di', 'bantai', 'ruu', 'ruu']",Negatif
"['kejadian', 'yang', 'agak', 'aneh', 'hastag', 'timnasday', 'tenggelam', 'di', 'trending', 'jaman', 'sty', 'pas', 'kalah', 'masih', 'nangkring', 'sampai', 'pagi', 'hari', 'esoknya', 'ini', 'langsung', 'hilang', 'kluivert', 'out']",Negatif
"['percaya', 'proses', 'tahi', 'kali', 'ini', 'langsung', 'saja']",Negatif
"['skor', 'telak', 'ini', 'tidak', 'bisa', 'diterima']",Negatif
"['tukang', 'judi', 'mana', 'paham']",Negatif
"['langsung', 'saja', 'tukang', 'judi', 'kok', 'disuruh', 'ngelatih', 'ya', 'tolol']",Negatif
"['tapi', 'sty', 'tolol', 'mampus', 'erick', 'arya', 'pssi']",Negatif
"['timnas', 'indonesia', 'kalah', 'telak', 'tagar', 'kluivertout', 'menggema', 'di', 'twitter']",Negatif
"['et', 'kontal', 'pssi', 'kantol']",Negatif
"['bagaimana', 'penak', 'jamanku', 'tapi']",Negatif
"['waduuhh', 'mending', 'diam', 'saja', 'deh', 'kalau', 'pernyataanya', 'begitu']",Negatif
['langsung'],Negatif
"['memang', 'pelatih', 'ampas', 'coach', 'intinya', 'ampas', 'jelek', 'timnas', 'kok', 'dilatih', 'penjudi']",Negatif
"['patrick', 'kupret', 'menghancurkan', 'harapan', 'juta', 'rakyat', 'indonesia']",Negatif
"['sahur', 'terasa', 'hambar', 'efek', 'timnas', 'menelan', 'kekalahan']",Negatif
"['saya', 'butuh', 'hasil']",Negatif
"['ya', 'allah', 'baru', 'kali', 'ini', 'ya', 'mood', 'gua', 'berantakan', 'parah', 'sama', 'sepak', 'bola', 'kayak', 'anjir', 'gua', 'benerbener', 'memikirkan', 'bagaimana', 'nasib', 'timnas', 'indonesia', 'nanti', 'ikut', 'frustasi', 'gua', 'punya', 'pelatih', 'tolol']",Negatif
"['tidak', 'pernah', 'sejelek', 'ini', 'main', 'timnas']",Negatif
"['kelilipan', 'fakta', 'bahwa', 'sty', 'pelatih', 'yang', 'lebih', 'hebat', 'dari', 'pada', 'kluivert', 'pilihannya', 'dia']",Negatif
"['berlian', 'diganti', 'penjudi']",Negatif
"['kita', 'marahnya', 'ke', 'dan', 'kawan']",Negatif
"['bukan', 'pemain', 'yang', 'salahpelatih', 'yang', 'salah', 'sama', 'orang', 'yang', 'pilih', 'pelatih', 'yang', 'salahjgn', 'ada', 'lagi', 'alasan', 'membutuhkan', 'proses', 'adaptasi']",Negatif
"['bukan', 'lah', 'solusi', 'nanti', 'bingung', 'lagi', 'pemaen', 'kita', 'pegimane', 'sih', 'lotapi', 'kok', 'sih', 'cipeng', 'kalau', 'mengomong', 'suka', 'benar']",Negatif
"['bahkan', 'kucing', 'oren', 'core', 'lebih', 'garang', 'dibanding', 'timnas']",Negatif
"['sudah', 'resikonya', 'sih', 'patrick', 'kalau', 'dihujat', 'dia', 'ambil', 'alih', 'kursi', 'pelatih', 'saat', 'indonesia', 'kemarin', 'bisa', 'imbang', 'lawan', 'australia', 'eh', 'begitu', 'dia', 'pegang', 'kalah', 'wajar', 'kita', 'hujat', 'malah', 'harus', 'biar', 'dia', 'bisa', 'berbenah', 'next', 'match', 'lolos', 'pildun', 'harga', 'mati', 'kalau', 'tidak', 'titik']",Negatif
"['anjing', 'selama', 'pertandingan', 'tidak', 'segencar', 'sty', 'kasih', 'instruksi']",Negatif
"['dan', 'semua', 'pssi', 'harus', 'rombak', 'total', 'seluruh', 'struktur', 'kepengurusan', 'organisasi', 'agar', 'sehat', 'karena', 'saat', 'ini', 'pssi', 'sakit', 'yang', 'sangat', 'kronis']",Negatif
"['apa', 'itu', 'proses', 'kami', 'butuh', 'hasil', 'proses', 'telah', 'dibuang', 'saat', 'sty', 'di', 'tendang', 'dari', 'kursi', 'kepelatihan']",Negatif
"['wajar', 'juga', 'teriak']",Negatif
"['pantas', 'saja', 'kalau', 'begitu', 'bagaimana', 'persepakbolaan', 'di', 'negeri', 'ini', 'bisa', 'maju', 'kalau', 'orang', 'federasi', 'ya', 'modelan', 'ya', 'begitu', 'berarti', 'pengurus', 'federasi', 'sepak', 'bola', 'di', 'negeri', 'ini', 'musti', 'cuci', 'gudang', 'biar', 'muka', 'lama', 'cabut', 'dari', 'tapi']",Negatif
"['hanya', 'ini', 'yang', 'bisa', 'saya', 'katakan']",Negatif
"['jangan', 'salah', 'ketik', 'kawan', 'yang', 'benar', 'bukan', 'sok']",Negatif
"['ini', 'et', 'menangis', 'karena', 'ingat', 'sty', 'yang', 'dia', 'pecat', 'menyesal', 'nih', 'ye']",Negatif
"['dia', 'pimpin', 'bumn', 'dikorupsi', 'ribuan', 'triliyun', 'mimpin', 'timnas', 'dibantai', 'sama', 'aussie', 'jangan', 'rangkap', 'jabatan', 'mundur', 'saja', 'kamu', 'mimpin', 'satu', 'saja', 'hancur']",Negatif
"['sudah', 'sty', 'stel', 'timnas', 'gacor', 'malah', 'diobok', 'sama', 'pssi', 'amp', 'sih', 'palkon', 'ini', 'ajggg']",Negatif
"['singkat', 'saja']",Negatif
"['anjing', 'kebantai', 'cok']",Negatif
"['kicep', 'juga', 'kamu', 'didepan', 'netizen', 'wkwkwk']",Negatif
"['tagar', 'mengudara', 'memang', 'benar', 'pelatih', 'itu', 'kurang', 'perform', 'di', 'laga', 'vs', 'aus', 'bahkan', 'minus', 'namun', 'yang', 'picik', 'sebenarnya', 'ialah', 'mengganti', 'nahkoda', 'ketika', 'kapal', 'sedang', 'berlayar', 'asik', 'di', 'tengah', 'laut', 'maka', 'perlu', 'juga']",Negatif
"['mamam', 'tuh', 'kluivert']",Negatif
"['kao', 'sampai', 'indonesia', 'kagak', 'lolos', 'piala', 'dunia', 'jangan', 'harap', 'bisa', 'baliktaro', 'di', 'nusa', 'kambangan']",Negatif
"['mamam', 'tuh', 'kluivert']",Negatif
"['kembalikan', 'coach', 'sty', 'kami']",Negatif
"['tagar', 'menggema', 'suporter', 'timnas', 'indonesia', 'rindu', 'shin', 'taeyong']",Negatif
"['dasar', 'pak', 'ogah', 'buzzer', 'et', 'setuju', 'abang', 'mengharapkan', 'proses', 'apa', 'dari', 'kluivert', 'track', 'record', 'karir', 'kepelatihan', 'ya', 'saja', 'tidak', 'jelas', 'begitu', 'kalau', 'di', 'bandingkan', 'sama', 'sty', 'ya', 'jauh', 'beda', 'yang', 'datang', 'kan', 'kluivert', 'kan', 'et', 'ya', 'sekalian', 'saja', 'sama']",Negatif
"['para', 'buzzer', 'lagi', 'sibuk', 'mengurusi', 'kasuskasusny', 'anak', 'usaha', 'bumn']",Negatif
"['bukannya', 'alasan', 'ganti', 'pelatih', 'itu', 'agar', 'memperbesar', 'peluang', 'lolos', 'piala', 'dunia', 'eh', 'malah']",Negatif
"['tidak', 'guna']",Negatif
"['nama', 'coach', 'shin', 'tae', 'young', 'menggema', 'usai', 'garuda', 'dikandaskan', 'oleh', 'australia', 'dengan', 'skor', 'sangat', 'telak', 'sungguh', 'keputusan', 'blunder', 'dari', 'seorang', 'erick', 'tohir']",Negatif
"['manasin', 'jari', 'dulu']",Negatif
"['sudah', 'tidak ada', 'lagi', 'kata', 'proses', 'paham', 'tidak']",Negatif
"['ubur', 'ubur', 'ikan', 'lele', 'inisial', 'et', 'dan', 'kluivert', 'out', 'lee']",Negatif
"['tahun', 'membangun', 'amp', 'dihancurkan', 'dalam', 'kurun', 'waktu', 'menit']",Negatif
"['bagaimana', 'ini', 'guys', 'padahal', 'tinggal', 'meneruskn', 'saja', 'eh', 'kita', 'di', 'bantai', 'guys', 'mending', 'biarkan', 'pakai', 'nova', 'saja', 'wes', 'yang', 'lanjutkn', 'klaupun', 'kalah', 'nntinya', 'kita', 'tidak', 'akan', 'gedek', 'percuma', 'banyak', 'pemain', 'diaspora', 'tapi', 'yang', 'ngeracik', 'goblok']",Negatif
"['baru', 'babak', 'pertama', 'sudah', 'anjing', 'tolol', 'banget', 'sih', 'permainan', 'tidak', 'jelas']",Negatif
"['australia', 'juga', 'baru', 'ganti', 'pelatih', 'tapi', 'bisa', 'main', 'bagus', 'dan', 'menang', 'telak', 'dengan', 'materi', 'pemain', 'seadanya', 'lah', 'ini', 'sih', 'patrick', 'kurang', 'apa', 'jajaran', 'pelatih', 'ok', 'materi', 'pemain', 'ok', 'suporter', 'ok', 'jersey', 'ok', 'hampir', 'semua', 'ya', 'ok', 'kok', 'bisanya', 'dibantai', 'sampai', 'kluivertout']",Negatif
"['yang', 'selama', 'ini', 'mendorong', 'dan', 'mendampingi', 'timnas', 'berproses', 'itu', 'pelatih', 'lama', 'yang', 'dipecat', 'federasi', 'alias', 'kerangka', 'timnas', 'sekarang', 'ya', 'andil', 'besar', 'sty', 'oke', 'lah', 'federasi', 'dan', 'yang', 'nyediain', 'pemain', 'diaspora', 'tapi', 'pemain', 'bagus', 'pun', 'kalau', 'pelatihnya', 'bapuk', 'bisa', 'apa']",Negatif
"['butuh', 'hasil']",Negatif
"['proses', 'kontol']",Negatif
"['ini', 'garuda', 'blok', 'bukan', 'singa']",Negatif
"['pemerintah', 'taiii', 'pssi', 'taiii']",Negatif
"['oh', 'ini', 'teh', 'hasil', 'pelatih', 'jadi', 'satu', 'oalah', 'begini', 'yang', 'katanya', 'sih', 'paling', 'belanda', 'dan', 'culture', 'belanda', 'total', 'football', 'dll', 'sudah', 'malu', 'belum', 'kalau', 'masih', 'punya', 'sih', 'seharusnya', 'sudah', 'malu']",Negatif
"['kompeni', 'diketawain', 'nippon']",Negatif
"['gambaran', 'kang', 'judi', 'pura', 'pura', 'mikir', 'ben', 'ketok', 'kerjo', 'kata']",Negatif
"['baru', 'sekali', 'main', 'pelatih', 'baru', 'langsung', 'dapat', 'trending', 'dengan', 'tagar', 'selamat', 'datang', 'di', 'indonesia']",Negatif
"['penunjukkan', 'pakai', 'itu', 'meningkatkan', 'peluang', 'kita', 'lolos', 'ke', 'piala', 'dunia']",Negatif
"['orang', 'itu', 'sudah', 'mempermalukan', 'bangsa', 'tidak', 'tanggung']",Negatif
"['yang', 'lebih', 'kocaknya', 'nunjuk', 'pelatih', 'sudah', 'kayak', 'maling', 'ayam', 'malam', 'asal', 'nyomot', 'saja', 'asal', 'dapat', 'padahal', 'banyak', 'tuh', 'pelatih', 'nganggur', 'yang', 'punya', 'track', 'record', 'bagus', 'ini', 'malah', 'sama', 'dapat', 'wangsit', 'dari', 'gunung', 'prau', 'kali', 'yang', 'dipilih', 'kluivert']",Negatif
"['seri', 'apalagi', 'kalah', 'dari', 'bahrain', 'suporter', 'harus', 'demo', 'untuk', 'menuntut', 'supaya', 'diganti', 'sty', 'dan', 'mundur', 'dari', 'jabatannya', 'sebagai', 'ketum', 'pssi', 'ganti', 'ratu', 'tisha', 'saja']",Negatif
"['testimoninya', 'real']",Negatif
"['et', 'kamu', 'tidak', 'mikir', 'apa', 'lagi', 'bagus', 'ya', 'di', 'tengah', 'jalan', 'malah', 'di', 'ganti', 'cacat', 'anying', 'keputusannya', 'pelatih', 'bukan', 'penyihir', 'bray']",Negatif
"['adaptasi', 'tahi', 'monyet']",Negatif
"['kayaknya', 'kebalik', 'itu', 'om', 'narasinya', 'soalnya', 'bukan', 'lemah', 'lagi', 'sudah', 'dikibulin', 'tolol', 'itu']",Negatif
"['tidak', 'ada', 'alasan', 'buat', 'kalah', 'tidak', 'ada', 'alasan', 'buat', 'adaptasi', 'mereka', 'satu', 'bahasa', 'satu', 'lingkungan', 'masa', 'kalah', 'malu', 'sama', 'sty', 'yang', 'tidak', 'bisa', 'bahasa', 'inggris', 'pecat', 'saja']",Negatif
"['santai', 'apa', 'pak', 'erick', 'timnas', 'mau', 'kalah', 'pun', 'main', 'di', 'bulan', 'puasa', 'nanti', 'lebaran', 'tinggal', 'meminta', 'maaf', 'bangsa', 'kita', 'mah', 'pemaaf', 'kok', 'hahaha']",Negatif
"['menurut', 'gua', 'pelatih', 'timnas', 'yang', 'sekarang', 'planga', 'plongo', 'lala', 'lolo']",Negatif
"['itu', 'kalau', 'pelatih', 'punya', 'otak', 'pasti', 'opsi', 'vareasi', 'serangan', 'lebih', 'banyak', 'lagi', 'tapi', 'sayang', 'pelatih', 'kita', 'penjudi', 'yang', 'banyak', 'utangan', 'jadi', 'ya', 'bagaimana', 'bissmillah', 'ajalah', 'tidak', 'kebantai', 'bahrain']",Negatif
"['jadi', 'ingat', 'kata', 'mau', 'diajak', 'ketemuan', 'di', 'hati', 'natal', 'saja', 'sudah', 'aneh']",Negatif
"['goodwin', 'tidak', 'main', 'babak', 'saja', 'sudah', 'kebantai', 'gol']",Negatif
"['gua', 'mau', 'kesel', 'anjir', 'bisa', 'bisa', 'ya', 'kebobolan', 'gol']",Negatif
"['begini', 'anjir', 'gua', 'memang', 'tidak', 'mengerti', 'detail', 'tentang', 'teknik', 'penyerangan', 'dll', 'tapi', 'yang', 'gua', 'tau', 'sty', 'lebih', 'paham', 'indonesia', 'daripda', 'sih', 'patrick', 'orang', 'tuh', 'kalau', 'mau', 'ganti', 'pelatih', 'dari', 'jauh', 'hari', 'giliran', 'sudah', 'mepet', 'kamu', 'baru', 'ganti', 'oelatih', 'aneh', 'kocak', 'sudah']",Negatif
"['mending', 'cabut', 'sudah', 'pelatih', 'baru', 'goblok', 'banget', 'ngelatihnya', 'bagusan', 'pelatih', 'tarkam']",Negatif
"['singa', 'bapak', 'kau', 'patrik', 'kontol', 'anjing']",Negatif
"['rick', 'mending', 'kamu', 'mundur', 'jadi', 'ketum', 'peesesi', 'sebelum', 'rumah', 'kamu', 'didatangi', 'mayor', 'teddi']",Negatif
"['anjing', 'mafia']",Negatif
"['erick', 'thohir', 'harus', 'bayar', 'mahal', 'jika', 'sampai', 'tim', 'ini', 'gagal', 'dan', 'kembali', 'menjadi', 'buruk', 'sampai', 'pertandingan', 'ini', 'iwan', 'bule', 'gtgtgt', 'erick', 'thohir']",Negatif
"['kluivert', 'belum', 'tau', 'kenapa', 'sty', 'fokus', 'perkuat', 'pertahanan', 'timnas', 'yaitu', 'suka', 'kebantai', 'kalau', 'open', 'play', 'amp', 'kbanyakan', 'menyerang', 'tidak', 'perlu', 'tapi', 'biar', 'belajar', 'dulu', 'karakter', 'pemain', 'timnas', 'sapa', 'yang', 'kuat', 'bertahan', 'spa', 'yang', 'kuat', 'lari', 'dan', 'spa', 'yang', 'bisa', 'cetak', 'gol', 'kalau', 'tidak', 'bisa', 'ya', 'saja', 'lah']",Negatif
"['sudah', 'jelas', 'kang', 'judi', 'di', 'jadikan', 'pltih', 'dari', 'awal', 'juga', 'sudah', 'curiga', 'yang', 'memilih', 'dia', 'tolol']",Negatif
"['timnas', 'gelap', 'mengikuti', 'pelatihnya']",Negatif
"['kalau', 'cuma', 'kalah', 'tidak', 'usah', 'bawa', 'patrick', 'yeyen', 'tumena', 'juga', 'bisa', 'cuk']",Negatif
"['masih', 'okelah', 'yang', 'di', 'tonton', 'juga', 'kalah', 'mau', 'mengapai', 'menonton', 'kalau', 'coach', 'ya', 'saja', 'kayak', 'begitu', 'hadehh']",Negatif
"['menyesal', 'anjingg', 'dulu', 'muja', 'erik', 'mikir', 'dari', 'pada', 'erik', 'keluar', 'mending', 'sty', 'sekarang', 'kalau', 'bisa', 'memilih', 'mending', 'kamu', 'saja', 'yang', 'out', 'woii', 'rikk', 'erikkk']",Negatif
"['pelatih', 'bodoh']",Negatif
"['gol', 'tidak', 'tuh', 'kebobolannya']",Negatif
"['dia', 'menangis', 'bukan', 'alena', 'indonesia', 'kalah', 'tapi', 'memikirkan', 'karirnya', 'kedepannya', 'bagaimana', 'karena', 'kalau', 'dia', 'maju', 'di', 'pilpres', 'otomatis', 'kehilangan', 'simpatisan', 'dari', 'suporter', 'indonesia']",Negatif
"['sty', 'lebih', 'ada', 'cok', 'lah', 'sih', 'tukang', 'judol', 'sudah', 'pemainnya', 'op', 'semua', 'mengakak']",Negatif
"['tidak ada', 'kata', 'langsung', 'saja', 'sudah', 'begitu', 'saja']",Negatif
"['masih', 'tidak', 'menyangka', 'anjing', 'perasaan', 'di', 'gbk', 'imbang', 'cok']",Negatif
"['mana', 'kemarin', 'yang', 'bilang', 'styout', 'yang', 'bangun', 'timnas', 'itu', 'sty', 'yang', 'lebih', 'paham', 'karakter', 'pemain', 'sty', 'ya', 'begini', 'palatih', 'terlalu', 'ambisi', 'menang', 'banyak', 'blundernya', 'dikira', 'sekelas', 'australia', 'di', 'anggap', 'liga', 'tartam']",Negatif
"['kok', 'tidak ada', 'masuk', 'ruang', 'ganti', 'babak', 'pertama', 'yang', 'kemarin', 'konten', 'doang', 'ya', 'sudah', 'saat', 'ya', 'kamu', 'mundur', 'pak', 'sudah', 'jangan', 'maruk', 'sama', 'jabatan', 'apa', 'tidak', 'becus', 'mengurus', 'bola', 'bumn', 'apalagi', 'out', 'kalau', 'masih', 'punya', 'malu']",Negatif
"['bingung', 'sama', 'jalan', 'pikiran', 'pssi', 'kok', 'bisa', 'memilih', 'orang', 'ini', 'jadi', 'pelatih']",Negatif
"['baru', 'menyadar', 'njing', 'sih', 'bangkai', 'kluivert', 'mirip', 'dontol']",Negatif
"['pelatih', 'bosok']",Negatif
"['lah', 'situ', 'pelatih', 'bukannya', 'ngarahin', 'pemain', 'ya', 'malah', 'bengong', 'diam', 'bae', 'ya', 'pemainnya', 'bingung', 'lah', 'kocak']",Negatif
"['ada', 'pepatah', 'sekiranya', 'tidak bisa', 'jaga', 'ya', 'jangan', 'dirusak', 'bangsat']",Negatif
"['patrick', 'anjing', 'anjing', 'kalah', 'wajar', 'tapi', 'tidak', 'kebobolan', 'juga', 'anjing']",Negatif
"['tidak', 'jelas', 'gaya', 'mainnya', 'pemain', 'di', 'buat', 'seperti', 'perjudian', 'yang', 'dipaksa', 'main', 'pada', 'bukan', 'posisi', 'andalan', 'pemain', 'timnas', 'ya', 'wajar', 'out', 'sudah', 'pelatih', 'dan', 'pengurus', 'pssi']",Negatif
"['apa', 'yang', 'bisa', 'kita', 'harapkan', 'dari', 'seorang', 'penjudi', 'memimpin', 'sebuah', 'tim', 'nasional', 'ya', 'segala', 'keputusan', 'ya', 'perjudian', 'lah', 'wkwkwkwk', 'wallahi', 'were', 'finished', 'wkwkwk', 'lose', 'streak', 'kita', 'habis', 'ini', 'yakin', 'main', 'tidak', 'ada', 'pola', 'sama', 'persis', 'kayak', 'waktu', 'ngelatih', 'curacao', 'ampas']",Negatif
"['singa', 'apasih', 'diam', 'di', 'bench', 'senyum', 'pas', 'di', 'sorot', 'kamera', 'ck', 'diam', 'sudah']",Negatif
"['lawan', 'australia', 'main', 'away', 'sih', 'pelatih', 'paling', 'belanda', 'dan', 'pilihan', 'federasi', 'satu', 'bahasa', 'malah', 'cobacoba', 'pasang', 'pemain', 'yang', 'bukan', 'posisi', 'aslinyahmm']",Negatif
"['empat', 'sehat', 'lima', 'satu']",Negatif
"['empat', 'sehat', 'lima', 'apa', 'kawan', 'lima', 'satu', 'iya']",Negatif
"['memang', 'orang', 'gajian', 'doang', 'saja', 'ini', 'orang', 'masih', 'ada', 'sih', 'pastorr', 'sementara']",Negatif
"['tahun', 'dibangun', 'dihancurkan', 'oleh', 'gendoruo']",Negatif
"['sih', 'tohir', 'sendiri', 'yang', 'mengajari', 'fan', 'untuk', 'tidak', 'percaya', 'proses', 'kalau', 'percaya', 'proses', 'mah', 'pelatih', 'kita', 'masih', 'sty', 'sekarang', 'giliran', 'begini', 'suruh', 'sabar', 'sabarcuih', 'itu', 'sih', 'apaan', 'sudah', 'soksokan', 'mengatur', 'mengatur', 'cringe', 'parah', 'anjir']",Negatif
"['terima', 'kasih', 'australia', 'indonesia', 'bumn', 'babak', 'belur', 'pssi', 'semakin', 'konyol']",Negatif
"['awal', 'buruk', 'dari', 'merana', 'ya', 'timnas', 'indonesia']",Negatif
['titik'],Negatif
"['negara', 'kntl']",Negatif
"['ganti', 'pelatih', 'tidak', 'nih']",Negatif
['kuntuuulll'],Negatif
"['mumpung', 'masih', 'ada', 'laga', 'sisa', 'buat', 'amanin', 'rank', 'sekarang', 'waktu', 'yang', 'pas', 'sebelum', 'match', 'lawan', 'bahrain', 'untuk', 'mempercepat', 'dan', 'manggil', 'shin', 'tae', 'yong', 'lagi']",Negatif
"['ikutan', 'ah', 'karena', 'mengharapkan', 'yang', 'terbaik', 'untuk', 'timnas', 'dan', 'semoga']",Negatif
"['buat', 'yang', 'sedang', 'ngamuk', 'dan', 'menghujat', 'timnas', 'dari', 'seluruh', 'aspek', 'ya', 'tolong', 'yang', 'logis', 'dan', 'tunjukkan', 'lo', 'penonton', 'sepak', 'bola', 'bukan', 'orang', 'fomo', 'ya']",Negatif
['bajingan'],Negatif
"['hai', 'erick', 'tohir', 'itu', 'bergema', 'kalian', 'terlalu', 'banyak', 'crossing', 'crosso', 'ngising']",Negatif
"['keputusan', 'memecat', 'sty', 'dari', 'awal', 'saja', 'sudah', 'salah', 'gua', 'setuju', 'cuma', 'sekarang', 'fan', 'timnas', 'kardus', 'akan', 'bilang', 'kluivertout', 'dan', 'styin', 'begitu', 'come', 'on', 'man', 'lo', 'gabelajar', 'dari', 'kesalahan', 'namanya', 'tololnya', 'pakai', 'kuadrat', 'bro']",Negatif
"['dpr', 'pemerintah', 'pssi', 'semuanya', 'kontol', 'towel', 'juga', 'kontol', 'pelatih', 'indonesia', 'maret']",Negatif
"['tidak', 'terima', 'gua', 'ya', 'pokoknya', 'balikin', 'sty']",Negatif
"['bahrain', 'sampai', 'menang', 'revolusi', 'saja', 'untuk']",Negatif
"['pelatih', 'tanpa', 'prestasi', 'bisa', 'apa', 'tim', 'sudah', 'terbentuk', 'tidak', 'ada', 'lagi', 'istilah', 'kata', 'proses', 'open', 'your', 'eyes']",Negatif
"['mana', 'staatementmu']",Negatif
"['berani', 'ya', 'sih', 'tukang', 'judi', 'ini', 'sok', 'sedih', 'amp', 'malah', 'menyalahkan', 'kevin', 'hehhh', 'skema', 'kamu', 'yang', 'guoblokkk']",Negatif
"['terima', 'resiko', 'pak', 'erick', 'jadi', 'jelek', 'namamu', 'di', 'indonesia', 'karena', 'keputusan', 'yang', 'fatal']",Negatif
"['awas', 'saja', 'kalau', 'sampai', 'sama', 'bahrain', 'saja', 'kalah']",Negatif
"['main', 'judol', 'saja', 'kalah', 'sampai', 'ngutang', 'ini', 'malah', 'ngelatih']",Negatif
"['timnas', 'indonesia', 'aka', 'hindiabelanda', 'coach', 'goblok', 'kebanyakan', 'ekspektasi', 'minim', 'prestasi']",Negatif
"['aku', 'kasih', 'saran', 'pak', 'yang', 'terhormat', 'untuk', 'mengembalikan', 'nama', 'kamu', 'yang', 'sudah', 'tercoreng', 'alangkah', 'baikny', 'akhiri', 'drama', 'yang', 'tidak', 'penting', 'dan', 'kembali', 'membumi', 'dengan', 'cara', 'kembalikan', 'sty', 'diangkat', 'mjdi', 'direktur', 'teknik', 'untuk', 'mendampingi', 'pakai', 'di', 'sisa', 'laga', 'biar', 'llos', 'pada']",Negatif
"['belanda', 'menghancurkan', 'indonesia']",Negatif
"['semua', 'outt', 'biar', 'diisi', 'sama', 'para', 'gen', 'itu', 'pssi', 'busuk']",Negatif
"['dibantai', 'kok', 'pada', 'terima', 'kasih', 'pada', 'sinting', 'kali', 'ya']",Negatif
"['lah', 'et', 'sendiri', 'yang', 'mengajari', 'suporter', 'buat', 'tidak', 'percaya', 'proses', 'tidak', 'ada', 'ampun', 'sebagaimana', 'dulu', 'alasan', 'buat', 'mecat', 'sty', 'sekarang', 'kalah', 'dan', 'itu', 'teman', 'kamu', 'sih', 'botak', 'juga', 'kalau', 'maki', 'maki', 'orang', 'suka', 'teriak', 'teriak', 'tidak usah', 'sok', 'mengatur', 'kamu', 'kayak', 'pemerintah', 'saja', 'kamu']",Negatif
"['aku', 'kasih', 'saran', 'pak', 'yang', 'terhormat', 'untuk', 'mengembalikan', 'nama', 'kamu', 'yang', 'sudah', 'tercoreng', 'alangkah', 'baikny', 'akhiri', 'drama', 'yang', 'tidak', 'penting', 'dan', 'kembali', 'membumi', 'dengan', 'cara', 'kembalikan', 'sty', 'diangkat', 'mjdi', 'direktur', 'teknik', 'untuk', 'mendampingi', 'pakai', 'di', 'sisa', 'laga', 'biar', 'lolos', 'pada']",Negatif
"['dua', 'orang', 'yang', 'paling', 'bertanggungjawab', 'atas', 'kekalahan', 'timnas', 'adalah', 'errick', 'amp', 'kluivert', 'kalau', 'tau', 'malu', 'mundurlah', 'kalian', 'kebobolan', 'goal', 'itu', 'amat', 'memalukan', 'kalian', 'berdua', 'telah', 'menyakiti', 'hati', 'ratusan', 'juta', 'pecinta', 'sepak', 'bola', 'indonesia']",Negatif
"['timnya', 'kegolan', 'kok', 'malah', 'senyum', 'bukannya', 'bereaksi', 'bikin', 'curiga', 'saja']",Negatif
"['kalau', 'hasil', 'ya', 'dibantai', 'terus', 'berharap', 'menang', 'lawan', 'bahrain', 'dan', 'china', 'mengapai', 'ganti', 'pelatih', 'atau', 'kemarin', 'ganti', 'saja', 'sty', 'sama', 'pelatih', 'lokal', 'atau', 'asing', 'di', 'liga', 'banyak', 'yang', 'bagus', 'mungkin', 'lebih', 'bagus', 'dari', 'pakai']",Negatif
"['anjrit', 'masih', 'tidak', 'terima', 'timnas', 'gua', 'kalah']",Negatif
"['sih', 'anying', 'malah', 'blaming', 'pemainnya', 'sendiri', 'kemana', 'atuh', 'singa', 'ompong']",Negatif
"['penjudi', 'direkrut', 'dosanya', 'terbawa', 'kesini']",Negatif
"['seharusnya', 'sih', 'sebagai', 'fan', 'timnas', 'bisa', 'menerima', 'kekalahan', 'ini', 'tapi', 'sebagian', 'malah', 'teriak', 'dan', 'caci', 'maki', 'ketum', 'pssi', 'lalu', 'menghina', 'pelatih']",Negatif
"['pelatih', 'perdana', 'timnas', 'indonesia', 'keok', 'lawan', 'australi']",Negatif
"['kalau', 'hasil', 'dari', 'ganti', 'pelatih', 'ujung', 'ya', 'mending', 'pelatihnya', 'indra', 'sjafri', 'saja', 'pak', 'pencapaian', 'ya', 'lebih', 'mentereng', 'dari', 'pada', 'sih', 'patrick', 'lihat', 'saja', 'bio', 'ig', 'ya']",Negatif
"['ambyar', 'hancur', 'fondasi', 'permainan', 'yang', 'sudah', 'dibangun', 'bertahuntahun', 'gara', 'gara', 'ketum', 'pssi', 'blunder', 'pecat', 'pelatih', 'yang', 'sudah', 'terbukti', 'bikin', 'prestasi', 'diganti', 'dengan', 'pelatih', 'tidak', 'jelas']",Negatif
"['yang', 'sebelah', 'kanan', 'dan', 'seluruh', 'jajaran', 'pengurus', 'pssi', 'yang', 'seharusnya', 'paling', 'bertanggung', 'jawab', 'mundur', 'yang', 'kiri', 'manusia', 'laknat', 'sudah', 'puaskah', 'kalian', 'menghancurkan', 'timnas', 'merusak', 'jerih', 'payah', 'sty', 'tahun', 'membangun', 'timnas']",Negatif
"['botak', 'out', 'wkwk']",Negatif
"['sok', 'sok', 'teriak', 'hoax', 'tapi', 'omongannya', 'juga', 'tidak', 'bisa', 'dipegang', 'nih', 'wkwkwk', 'kocak', 'ngetod']",Negatif
"['gimanapun', 'jangan', 'salah', 'kan', 'pemain', 'semua', 'itu', 'keputusan', 'pelatih', 'dan', 'staffnya']",Negatif
"['pelatih', 'menyalahkan', 'pemain', 'depan', 'publik', 'anjing', 'lawak', 'kali', 'kau', 'nih', 'yang', 'ada', 'biasanya', 'pelatih', 'nge', 'suport', 'ngebackup', 'pemainya', 'pas', 'lagi', 'terpuruk', 'sih', 'puki', 'nih', 'malah', 'ngeblame', 'menghujat', 'pemainya', 'sendiri', 'sinting', 'memang']",Negatif
"['ganti', 'pelatih', 'untuk', 'menang', 'ganti', 'pelatih', 'untuk', 'kalah']",Negatif
"['sabar', 'sabar', 'masih', 'ada', 'lawan', 'china', 'sama', 'bahrain', 'sabar', 'baru', 'match', 'pertama', 'sabar', 'masih', 'adaptasi', 'heh', 'sudah', 'bukan', 'waktunya', 'lagi', 'sabar', 'banyak', 'alasan', 'ganti', 'pelatih', 'tujuannya', 'untuk', 'menang', 'dan', 'lolos', 'bukan', 'untuk', 'sabar', 'adaptasi', 'proses', 'lagi', 'tolol']",Negatif
"['bahasa', 'sudah', 'sama', 'pemain', 'yang', 'sama', 'bahkan', 'ada', 'tambahan', 'pemain', 'lain', 'yang', 'lebih', 'bagus', 'lawan', 'lagi', 'pincang', 'banyak', 'yang', 'cidera', 'terus', 'kena', 'bantai', 'jadi', 'yang', 'salah', 'siapa']",Negatif
"['timnas', 'sudah', 'macam', 'badut', 'dibuat']",Negatif
"['erick', 'tohir', 'tidak', 'nongol', 'towel', 'tidak', 'sarkas', 'kayak', 'biasa', 'coach', 'justin', 'terdiam', 'pula', 'tidak', 'ada', 'kritik', 'efek', 'ganti', 'pelatih', 'ditengah', 'kompetisi', 'berjalan', 'masih', 'bagus', 'shin', 'tae', 'yong', 'bisa', 'baca', 'pola', 'lawan', 'sudah', 'bumn', 'isinya', 'koruptor', 'sekarang', 'pssi', 'harus', 'manut', 'mafia', 'pusing', 'kepala', 'et']",Negatif
"['tidak', 'perlu', 'alesan', 'berproses', 'wajar', 'match', 'pertama', 'belum', 'ada', 'chemistry', 'eh', 'bgst', 'kemarin', 'lagi', 'berproses', 'sama', 'sty', 'tibatiba', 'ganti', 'pelatih', 'gegara', 'aff', 'non', 'sense', 'kita', 'sudah', 'muak', 'sama', 'berproses', 'sekarang', 'mana', 'hasil', 'instan', 'yang', 'dijanjikan']",Negatif
"['out', 'sekarang', 'juga', 'cuhhh']",Negatif
"['saja', 'pliss', 'langsung', 'ganti', 'sty']",Negatif
"['susah', 'payah', 'sty', 'marangkak', 'bangun', 'timnas', 'karena', 'ulah', 'sih', 'banthet', 'baju', 'merah', 'ini', 'jadi', 'buyar', 'harapan', 'melaju', 'ke', 'pildunblunder', 'terbesar', 'adalah', 'penunjukan', 'sty', 'mengajari', 'timnas', 'bukan', 'karena', 'faktor', 'teknis', 'semata', 'ada', 'psikologi', 'emosi', 'amp', 'kebersamaan', 'yang', 'dibangun', 'bareng', 'pemain']",Negatif
"['skuad', 'tim', 'nasional', 'sepak', 'bola', 'indonesia', 'kalah', 'dari', 'australia', 'di', 'stadion', 'sydney', 'australia', 'kamis', 'hasil', 'itu', 'membuat', 'suporter', 'garuda', 'yang', 'hadir', 'di', 'stadion', 'meneriakkan', 'pelatih', 'asal', 'korea', 'selatan', 'shin', 'taeyong']",Negatif
"['maaf', 'banget', 'mau', 'sensi', 'bentar', 'sekali', 'saja', 'orang', 'yang', 'biasanya', 'paling', 'lantang', 'menyuarakan', 'styout', 'saat', 'beliau', 'dulu', 'kalah', 'ketika', 'masih', 'melatih', 'timnas', 'indonesia', 'itu', 'apakah', 'saat', 'ini', 'mereka', 'juga', 'menyuarakan', 'dengan', 'lantang', 'kluivertout', 'ayo', 'dong', 'kalah', 'telak', 'loh', 'ini']",Negatif
"['gue', 'kira', 'lo', 'bisa', 'mengasih', 'kado', 'ultah', 'buat', 'ultah', 'gue', 'hari', 'ini', 'nyatanya', 'malah', 'dibantai', 'goblok']",Negatif
"['baru', 'juga', 'match', 'pertama', 'lebih', 'pilih', 'exco', 'tapi', 'out', 'semua', 'sih', 'ketimbang']",Negatif
"['malah', 'menyalahkan', 'pemain', 'taktik', 'saja', 'kayak', 'begitu']",Negatif
"['patrick', 'klapertart', 'baru', 'main', 'kali', 'sudah', 'mengajak', 'ke', 'bikni', 'bottom', 'saja']",Negatif
"['pelatih', 'ngentot', 'malah', 'lempar', 'kesalahan', 'ke', 'pemain', 'lo', 'cocok', 'main', 'togel', 'saja', 'amp', 'sudah', 'paling', 'benar']",Negatif
"['simple', 'kalau', 'indonesia', 'gagal', 'kualifikasi', 'piala', 'dunia', 'tak', 'terhindarkan']",Negatif
"['tidak', 'usah', 'percaya', 'proses', 'shin', 'tae', 'yong', 'sudah', 'kasih', 'progres', 'nyata', 'sekarang', 'hasil', 'dari', 'australia', 'di', 'match', 'pertama', 'kluivert', 'bisa', 'kita', 'lihat', 'kenapa', 'coach', 'shin', 'selalu', 'lebih', 'memilih', 'defensive', 'ketimbang', 'offensive', 'dan', 'ball', 'position', 'football', 'ya', 'karena', 'level', 'timnas', 'belum', 'ada', 'disana']",Negatif
"['patrick', 'yang', 'gue', 'tau']",Negatif
"['sty', 'masih', 'terbaik', 'buat', 'indonesia', 'erick', 'tohir', 'balikin', 'sty']",Negatif
"['loh', 'pak', 'tinggal', 'pilih', 'mau', 'jadi', 'macan', 'apa', 'balik', 'jadi', 'kucing']",Negatif
"['prabowo', 'dan', 'erick', 'thohir', 'dua', 'gendut', 'yang', 'bikin', 'negara', 'ini', 'balik', 'ke', 'setelan', 'pabrik']",Negatif
"['energi', 'gue', 'habis', 'gue', 'doakan', 'para', 'pejuang', 'keadilan', 'di', 'jalan', 'itu', 'semuanya', 'selamat', 'gue', 'doakan', 'para', 'orang', 'laknat', 'itu', 'menderita', 'tak', 'pernah', 'tenang', 'hidupnya', 'dan', 'merana', 'sampai', 'akhir', 'hayatnya', 'itu', 'kalau', 'tidak', 'tobat']",Negatif
"['marahin', 'saja', 'semua', 'pak', 'muh']",Negatif
"['kangen', 'ngamok', 'di', 'pinggir', 'lapangan', 'jadi', 'kurang', 'menarik', 'dengan', 'coach', 'baru', 'yang', 'sok', 'cool', 'endingnya', 'di', 'bantai', 'lawan', 'ah', 'pokoknya']",Negatif
"['kamu', 'mau', 'tau', 'jawabannya', 'kenapa', 'pecat', 'sty', 'karena', 'agen', 'asing', 'untuk', 'mencegah', 'indonesia', 'masuk', 'piala', 'dunia', 'perkiraan', 'ku', 'dari', 'vietnam', 'atau', 'malaydesh', 'atau', 'china', 'maybe', 'australia', 'maybe', 'arab']",Negatif
"['bulan', 'mengapai', 'saja', 'tidak', 'pantau', 'pemain', 'nathan', 'dimainin', 'tidak', 'lihat', 'mainnya', 'bagaimana', 'di', 'timnas', 'ada', 'rekamannya', 'woi', 'hilgers', 'juga', 'kacau', 'ini', 'pelatih', 'bapuk', 'sebapuk', 'pak', 'ketum', 'timnas', 'yang', 'lupa', 'kalau', 'dia', 'kelola', 'federasi', 'bukan', 'klub']",Negatif
"['harga', 'mati', 'tapi', 'semua', 'penurus', 'pssi', 'terutama', 'harus', 'mundur', 'segera', 'lakukan', 'munaslub', 'pssi']",Negatif
"['warganet', 'banyak', 'mengungkapkan', 'rasa', 'kagum', 'kepada', 'dewan', 'perwakilan', 'rakyat', 'di', 'akun', 'resmi', 'silakan', 'jika', 'ingin', 'menambakan', 'laut', 'bercerita', 'erick', 'thohir', 'sananta', 'babi', 'cica', 'arya']",Negatif
"['posisinya', 'sama', 'kayak', 'kluivert', 'bedanya', 'sih', 'kluivert', 'menerima', 'interview', 'pas', 'hari', 'natal', 'kocak', 'kamu']",Negatif
"['alah', 'berak', 'tidak', 'percaya', 'proses', 'gue', 'banyakan', 'bacot', 'mending', 'langsung', 'saja', 'enak', 'saja', 'meminta', 'dimaklumi', 'prosas', 'proses', 'prosas', 'proses']",Negatif
"['sudah', 'bagus', 'di', 'bikini', 'buttom', 'tetanggan', 'sama', 'spongebob', 'malah', 'disuruh', 'jadi', 'pelatih', 'timnas', 'lawak']",Negatif
"['percaya diri', 'banget', 'memang', 'ada', 'yang', 'dukung', 'dia', 'apa', 'sudah', 'mangkannya', 'tidak', 'usah', 'menunggu', 'sampai', 'bulan', 'juni', 'nanti', 'mending', 'out', 'saja', 'setelah', 'pertandingan', 'lawan', 'bahrain']",Negatif
"['pecat', 'lebih', 'pas', 'dan', 'juga', 'pecat']",Negatif
"['bikin', 'malu', 'saja', 'kamu']",Negatif
"['katanya', 'waktu', 'bulan', 'cukup', 'tapi', 'hasilnya', 'zonk', 'lagian', 'kenapa', 'memilih', 'pelatih', 'gara', 'datang', 'interview', 'pas', 'natal', 'sih', 'pak', 'mencari', 'pelatih', 'tuh', 'karena', 'track', 'record', 'kepelatihannya', 'pak']",Negatif
"['apakah', 'bermanfaat', 'naturalisasi', 'dengan', 'skor', 'segitu']",Negatif
"['aaah', 'ngehekantek', 'erik', 'tohir', 'kamu', 'goblok']",Negatif
"['langsung', 'saja', 'kami', 'tidak', 'butuh', 'proses']",Negatif
"['memang', 'anjing', 'sudah', 'senang', 'dia', 'judinya', 'menang']",Negatif
"['sabar', 'sabar', 'ndasmu', 'no', 'more', 'process', 'we', 'need', 'tahan', 'more', 'lawan', 'bahren', 'adalah', 'laga', 'penentuan', 'kalau', 'sampai', 'gagal', 'menang', 'silakan', 'erick', 'thohir', 'dan', 'jajaran', 'pssi', 'yang', 'lain', 'mundur', 'dan', 'jelas']",Negatif
"['mundurlah', 'segenap', 'jajaran', 'pengurus', 'pssi']",Negatif
"['tidak', 'ada', 'alesan', 'lagi', 'kali', 'ini', 'kalian', 'semua', 'outtt', 'woy']",Negatif
"['hahaha', 'apasih', 'yang', 'masih', 'patut', 'di', 'banggakan', 'pemerintahnya', 'mengecewakan', 'ekonominya', 'mengenaskan', 'perampasan', 'aset', 'di', 'sahkan', 'tapi', 'aset', 'rakyat', 'dll', 'bahkan', 'satunya', 'kebanggaan', 'bangsa', 'nih', 'timnas', 'kita', 'nih', 'sudah', 'di', 'hancurkan', 'bgsttt', 'ah', 'malu', 'sendiri', 'jadi', 'wni']",Negatif
"['semoga', 'orangorang', 'dzolim', 'yang', 'bikin', 'timnas', 'bobrok', 'kayak', 'kontol', 'ini', 'kena', 'azab', 'yang', 'sangat', 'pedih', 'kalau', 'bukan', 'di', 'dunia', 'harus', 'di', 'akhirat', 'amin']",Negatif
"['bully', 'saja', 'pelatih', 'tolol', 'begitu']",Negatif
"['padahal', 'kemarin', 'sudah', 'di', 'kasih', 'contoh', 'sama', 'arab', 'saudi', 'ganti', 'pelatih', 'di', 'kompetisi', 'seperti', 'ini', 'bukan', 'solusi', 'dengarkan', 'suara', 'rakyat', 'pak']",Negatif
"['mampus', 'kamu', 'ngentot']",Negatif
"['masa', 'tidak', 'kepikiran', 'ganti', 'pelatih', 'itu', 'ngerusak', 'momen']",Negatif
"['jay', 'ridho', 'justin', 'jangan', 'dipisah', 'pantek']",Negatif
"['permainan', 'busuk', 'amp', 'jelek']",Negatif
"['menu', 'makanan', 'hari', 'ini', 'sehat']",Negatif
"['memang', 'seharusnya', 'kalau', 'timnas', 'kalah', 'pakai', 'langsung', 'saja', 'dipecat', 'tidak', 'usah', 'ada', 'kesempatan', 'kedua', 'ganti', 'pelatih', 'bukan', 'untuk', 'kalah', 'seharusnya', 'menang', 'lebih', 'baik', 'dari', 'kemenangan', 'atas', 'arab', 'saudi']",Negatif
"['tujuan', 'diganti', 'jajaran', 'kepelatihan', 'secara', 'dadakan', 'tuh', 'apa', 'sih', 'hasil', 'kan', 'bukan', 'lagi', 'proses', 'yang', 'bilang', 'wajar', 'sih', 'patrick', 'baru', 'ngelatih', 'hari', 'dll', 'tapi', 'kan', 'pemain', 'juga', 'sudah', 'bagus', 'semua', 'jadi', 'gue', 'bodo', 'amat', 'mau', 'ya', 'hasil', 'bukan', 'lagi', 'proses']",Negatif
"['ternyata', 'unggul', 'statistik', 'tidak', 'menjamin', 'untuk', 'bisa', 'meraih', 'kemenangan']",Negatif
"['ada', 'timnas', 'yang', 'pengin', 'lolos', 'pildun', 'tapi', 'ngarepin', 'hasil', 'dari', 'laga', 'lain']",Negatif
"['puas', 'banget', 'itu', 'pasti', 'yang', 'ngamukin', 'botak']",Negatif
"['cemane', 'lah', 'nih', 'capek', 'sudah', 'teriak', 'teriak', 'ujung', 'ujung', 'nye', 'terbantai']",Negatif
"['kamu', 'menang', 'possesion', 'tapi', 'kamu', 'lost', 'the', 'game', 'itu', 'kan', 'yang', 'dimau']",Negatif
"['kalah', 'senyum', 'dia', 'anjing', 'penjudi', 'kok', 'jadi', 'pelatih']",Negatif
"['tidak', 'usah', 'lama', 'menuju', 'kehancurannya', 'segerakan']",Negatif
"['memang', 'patrick', 'anjggg']",Negatif
"['bau', 'baunya', 'erick', 'bakalan', 'out']",Negatif
"['wow', 'ngeri', 'banget', 'total', 'football', 'pelatih', 'sebelum', 'sebelumnya', 'mana', 'bisa']",Negatif
"['kan', 'kamu', 'harusnya', 'tau', 'kamu', 'tidak', 'punya', 'kapasitas', 'buat', 'ngelatih', 'timnas', 'pakai', 'datang', 'wawancara', 'segala', 'pas', 'natal', 'bukannya', 'liburan', 'goblok']",Negatif
"['pelatih', 'kontol']",Negatif
"['penjudi', 'kok', 'nglatih']",Negatif
"['hasil', 'yang', 'tentunya', 'sangat', 'mengecewakan', 'permainan', 'terlihat', 'menjanjikan', 'di', 'menit', 'awal', 'doang']",Negatif
"['hire', 'pelatih', 'kagak', 'punya', 'pikiran', 'kita', 'saja', 'yang', 'awam', 'bisa', 'lihat', 'riskan', 'banget', 'cadangin', 'rr']",Negatif
"['andai', 'nanti', 'timnas', 'tidak', 'ke', 'piala', 'dunia', 'tidak', 'mau', 'tahu', 'pokoknya', 'tidak', 'boleh', 'ada', 'alasan', 'masih', 'adaptasi', 'belum', 'nyetel', 'memang', 'tidak', 'ada', 'target', 'ke', 'pildun', 'aing', 'geus', 'teu', 'percaya', 'semua', 'butuh', 'proses', 'gagal', 'pildun']",Negatif
"['tidak', 'perlu', 'klarif', 'memang', 'bek', 'pada', 'maju', 'semua', 'bek', 'yang', 'lain', 'juga', 'tidak', 'perlu', 'klarif', 'memang', 'instruksi', 'sih', 'bintang', 'judi', 'saja', 'kali']",Negatif
"['sudah', 'benar', 'bintang', 'laut', 'mainnya', 'sama', 'spongebob', 'malah', 'dijadikan', 'coach', 'ah', 'balikin', 'coach', 'shin', 'tidak', 'pak', 'erick']",Negatif
"['timnas', 'kalah', 'sedih', 'sih', 'terus', 'siapa', 'lagi', 'yang', 'akan', 'dinaturalisasi', 'tidak', 'bisakah', 'misal', 'persip', 'ikut', 'liga', 'italia', 'persija', 'liga', 'inggris', 'persebaya', 'ikut', 'liga', 'spanyol', 'psm', 'ikut', 'liga', 'jerman']",Negatif
"['akun', 'federasi', 'mana', 'yang', 'pasang', 'header', 'twitternya', 'pelatihnya', 'bukan', 'perjuangan', 'squadnya']",Negatif
"['intinya', 'bray', 'alias', 'tolol', 'banget', 'mecat', 'sty', 'pas', 'lagi', 'krusialnya']",Negatif
"['bek', 'pada', 'maju', 'tidak', 'perlu', 'evaluasi', 'mengapai', 'cooy', 'memang', 'instruksi', 'sih', 'bintang', 'judi', 'saja', 'hahahha', 'kan', 'pelatih', 'cuy']",Negatif
"['dari', 'pagi', 'ngebut', 'kerja', 'biar', 'jam', 'set', 'bisa', 'fokus', 'lihat', 'indonesia', 'main', 'cok', 'menyesal', 'makin', 'stres', 'bgst']",Negatif
"['sty', 'gagal', 'di', 'turnamen', 'tidak', 'penting', 'saja', 'langsung', 'di', 'pecat', 'sih', 'bintang', 'laut', 'ini', 'juga', 'dong', 'dipecat', 'di', 'pertandingan', 'sepenting', 'ini', 'malah', 'kagak', 'jelas']",Negatif
"['aduh', 'kayak', 'mana', 'ini', 'kok', 'ini', 'indonesia', 'vs', 'australia']",Negatif
"['makan', 'tuh', 'ego', 'tidak', 'mau', 'kalah', 'pamor', 'sama', 'sty', 'kau', 'tuai', 'sekarang', 'hasil', 'ya', 'sty', 'kau', 'khianati', 'dan', 'percayalah', 'karma', 'akan', 'terus', 'berlanjut', 'oh', 'iya', 'segera', 'kerahkan', 'buzzer', 'dan', 'bandit', 'eh', 'badut', 'podcast', 'untuk', 'menghalau', 'serangan', 'netizen', 'duit', 'masih', 'banyak', 'kan']",Negatif
"['penjudi', 'jadi', 'head', 'coach', 'ya', 'begitulah']",Negatif
"['berapa', 'tahun', 'terakhir', 'lagi', 'asiknya', 'menonton', 'yang', 'enak', 'ditonton', 'malah', 'dibalikin', 'ke', 'dna', 'aslinya', 'hir', 'thohir']",Negatif
"['timnas', 'apani']",Negatif
"['kontol', 'kepala', 'botak']",Negatif
"['pejudi', 'di', 'suruh', 'ngelatih', 'kan', 'tolol']",Negatif
"['superr', 'kecewaaa']",Negatif
"['tambah', 'parah', 'ya', 'kak', 'agus', 'masa', 'score', 'wkwkwk']",Negatif
"['puzzle', 'terakhir', 'yang', 'dimauin', 'sty', 'datang', 'eh', 'stynya', 'pergi']",Negatif
"['towel', 'sini', 'maju', 'mulutmu', 'busuk', 'merusak', 'kebahagiaan', 'suporter', 'dan', 'juga', 'timnas', 'tuh', 'lihat', 'matamu', 'dipakai', 'gara', 'sty', 'dipecat', 'sekarang', 'timnas', 'hancur', 'towel', 'dan', 'erick', 'thohir', 'layak', 'disebut', 'tolol', 'proses', 'tahun', 'dirusak', 'gara', 'kelean', 'fuckkk']",Negatif
"['cuma', 'mau', 'bilang', 'mampuuus', 'pak', 'wkwkwkwk', 'makanya', 'jadi', 'orang', 'jangan', 'plin', 'plan', 'dan', 'fomo', 'penjudi', 'kok', 'dijadikan', 'pelatih', 'dan', 'pada', 'akhirnya', 'hanya', 'meninggalkan', 'rangkaian', 'kertas', 'kosong', 'yang', 'kalian', 'sebut', 'blueprint', 'itu']",Negatif
"['sok', 'sedih', 'kamu', 'kontol', 'ajg', 'memek', 'erick', 'thohir', 'tahi', 'tidak', 'berlaku', 'ya', 'di', 'tidak tau', 'deh', 'kalau', 'di', 'tiktok', 'sudah', 'dibuat', 'drama', 'menangis', 'mungkin', 'ide', 'tertolol', 'kamu', 'tuh', 'pecat', 'sty', 'ganti', 'pelatih', 'pemain', 'judi', 'tolol']",Negatif
"['penentunya', 'pas', 'lawan', 'bahrain', 'di', 'gbk', 'dengan', 'kedalaman', 'pemain', 'yang', 'dipunya', 'sekarang', 'kalau', 'masih', 'tidak', 'bisa', 'menang', 'auto']",Negatif
"['katanya', 'targetnya', 'piala', 'duania', 'pak']",Negatif
"['dia', 'salah', 'juga', 'kalau', 'tidak', 'mampu', 'jangan', 'sok', 'ambil', 'job', 'dari', 'awal', 'dia', 'dan', 'tim', 'kepelatihan', 'yang', 'katanya', 'terbaik', 'yang', 'pernah', 'dimiliki', 'indonesia', 'juga', 'sudah', 'percaya diri', 'habis', 'pak', 'et', 'dan', 'pssi', 'memang', 'dalang', 'ya', 'sudah', 'mengurus', 'bumn', 'hancur', 'lebur', 'mengurus', 'pssi', 'juga', 'sama']",Negatif
"['apa', 'yang', 'bisa', 'diharapkan', 'dari', 'pelatih', 'yang', 'proses', 'rekrutmennya', 'cuma', 'berdasarkan', 'dia', 'bisa', 'hadir', 'pas', 'hari', 'natal']",Negatif
"['harusnya', 'erick', 'thohir', 'malu', 'kalau', 'masih', 'punya', 'otak', 'harusnya', 'meminta', 'maaf', 'ke', 'shin', 'tae', 'yong', 'sty', 'proses', 'timnas', 'dari', 'minus', 'giliran', 'sudah', 'terbentuk', 'team', 'yang', 'solid', 'malah', 'dipecat', 'mendadak', 'memang', 'tolol', 'semua', 'exco', 'pssi', 'dan', 'et', 'tidak', 'tau', 'balas', 'budi', 'goblok']",Negatif
"['tidak', 'semua', 'tim', 'harus', 'main', 'cantik', 'dan', 'menyerang', 'kalau', 'kualitas', 'tim', 'lo', 'selevel', 'barca', 'bayern', 'atau', 'mu', 'silakan', 'tapi', 'ini', 'tim', 'peringkat', 'dunia', 'isinya', 'pemain', 'tier', 'eropa', 'liga', 'bisanya', 'main', 'terbuka', 'vs', 'ausie', 'di', 'kandangnya', 'bego']",Negatif
"['halo', 'dapat', 'hadiah', 'kekalahan', 'ter', 'besar', 'nih', 'dengan', 'pelatih', 'terbaik', 'untuk', 'timnas']",Negatif
"['katanya', 'masalah', 'komunikasi', 'kalau', 'ini', 'saking', 'bagusnya', 'komunikasi', 'malah', 'mengobrol', 'di', 'lapangan', 'tidak', 'tau', 'pakai', 'strategi', 'apa', 'wkwkwk']",Negatif
"['masih', 'tetap', 'setia', 'untuk', 'timnas', 'indonesia', 'tapi', 'untuk', 'hari', 'ini', 'hanya', 'kecewa', 'yang', 'bisa', 'dirasa']",Negatif
"['kami', 'tidak', 'percaya', 'proses']",Negatif
"['tidak', 'ada', 'toleransi']",Negatif
['kontoloooll'],Negatif
"['balikin', 'couch', 'ku']",Negatif
"['saya', 'kecewa', 'mending', 'kamu', 'out', 'dari', 'tim', 'ini', 'saja', 'petrik', 'merusak', 'semua', 'yang', 'sudah', 'dibuat', 'sty', 'saja', 'sudah', 'tidak', 'percaya', 'proses', 'lagi', 'kita']",Negatif
"['kalah', 'sih', 'kalah', 'tapi', 'tidak', 'dibantai', 'begini', 'jua', 'padahal', 'pelatih', 'sebelumnya', 'bisa', 'menahan', 'imbang']",Negatif
"['baru', 'tau', 'ya', 'bagaimana', 'rasanya', 'melatih', 'timnas']",Negatif
"['fan', 'timnas', 'wajar', 'ngamuk', 'kami', 'tidak', 'percaya', 'lagi', 'sama', 'dengan', 'proses', 'setelah', 'sty', 'dipecat', 'mana', 'total', 'footballnya', 'dari', 'permainan', 'hancur', 'total', 'dan', 'tidak', 'enak', 'dilihat', 'bahkan', 'permainan', 'jauh', 'lebih', 'hancur', 'ketika', 'indonesia', 'vs', 'jepang']",Negatif
"['tidak mau', 'tau']",Negatif
"['tidak apa-apa', 'bikin', 'rame', 'guys', 'sapa', 'tahu', 'nanti', 'mereka', 'bisa', 'nyogok', 'bahrain', 'dan', 'china', 'agar', 'kala', 'pliss', 'tolong', 'mengalah', 'ya', 'demi', 'nama', 'baik', 'dan', 'mutar', 'balikan', 'ke', 'netizen']",Negatif
"['tidak', 'menerima', 'alasan', 'butuh', 'proses', 'proses', 'yang', 'baru', 'dijalani', 'saja', 'diputus', 'di', 'tengah', 'jalan']",Negatif
"['saat', 'timnas', 'kalah', 'jangan', 'hanya', 'salahkan', 'pelatihnya', 'salahkan', 'juga', 'para', 'pengambil', 'kebijakan', 'ini']",Negatif
"['maksud', 'gue', 'iya', 'memang', 'ekspetasinya', 'tidak', 'menang', 'tapi', 'tidak', 'dibantai', 'juga', 'sih']",Negatif
"['seharusnya', 'erick', 'tohir', 'mundur']",Negatif
"['pesan', 'saya', 'ke', 'indonesian', 'fan', 'jangan', 'bully', 'pemaen', 'ya', 'kalau', 'kalian', 'memang', 'kesel', 'dan', 'cari', 'pelampiasan', 'mending', 'ke', 'et', 'noh', 'yang', 'secara', 'terangan', 'ngeganti', 'sty', 'ke', 'pakai', 'yang', 'levelnya', 'juauh', 'di', 'bawahnya', 'padahal', 'sudah', 'dapat', 'banyak', 'penolakan']",Negatif
"['guyss', 'stop', 'ini', 'sudah', 'jadi', 'keputusan', 'pssi', 'jadinya', 'mau', 'di', 'apai', 'mereka', 'juga', 'tidak', 'mungkin', 'langsung', 'mengeluarkan', 'itu', 'penjudi', 'kan', 'kita', 'tunggu', 'di', 'match', 'match', 'selanjutnya', 'semoga', 'bisa', 'mengasih', 'hasil', 'positif']",Negatif
"['harusnya', 'bisa', 'mikir', 'sih', 'dibantai', 'begini', 'kecewa', 'banget', 'gue', 'menunggu', 'berbulan', 'kalau', 'cuman', 'untuk', 'kalah', 'jangan', 'menyalahkan', 'pemain', 'lihat', 'pelatih', 'penjudi', 'pilihan', 'itu']",Negatif
"['sty', 'belum', 'tentu', 'menang', 'lawan', 'lawan', 'australia', 'tapi', 'kalau', 'kalahnya', 'itu', 'bagaimana', 'ya']",Negatif
"['ya', 'wajar', 'dong', 'kita', 'berekspektasi', 'tinggi', 'toh', 'orang', 'pssi', 'ya', 'sendiri', 'yang', 'bilang', 'ini', 'era', 'kepelatihan', 'terbaik', 'timnas', 'indonesia']",Negatif
"['tidak', 'ada', 'kesempatan', 'ke']",Negatif
"['di', 'saat', 'pelatih', 'timnas', 'kluivert', 'dan', 'ketum', 'pssi', 'erick', 'thohir', 'pucat', 'keringat', 'dingin', 'akibat', 'kalah', 'dari', 'australia', 'sin', 'tae', 'yong', 'asik', 'menikmati', 'jajan', 'es', 'cendol']",Negatif
"['balikin', 'sty', 'tidak', 'cokk']",Negatif
"['ingin', 'ku', 'berkata', 'kata', 'kasar']",Negatif
"['tetap', 'patrick', 'kluivert', 'yang', 'salah', 'balikin', 'tuh', 'sty', 'sama', 'jeje', 'woy']",Negatif
"['tidak', 'timnas', 'tidak', 'rakyat', 'samasama', 'kalah', 'bjirr']",Negatif
"['tidak mau', 'tau', 'pokoknya', 'pecat']",Negatif
"['bukanya', 'tidak', 'percaya', 'proses', 'tapi', 'ketika', 'sudah', 'berproses', 'malah', 'di', 'pecat', 'pemain', 'hampir', 'full', 'londo', 'ya', 'sek', 'di', 'bantai', 'saja', 'penak', 'jamanku', 'toh', 'oh', 'jancok', 'memang']",Negatif
"['tatapan', 'kosong', 'pertanda', 'otak', 'kosong', 'tidak', 'tahu', 'harus', 'berbuat', 'apa', 'federasi', 'curraccao', 'tertawa', 'guling', 'melihat', 'hasil', 'australia', 'vs', 'indonesia', 'bubar', 'saja', 'shin', 'tae', 'yong', 'towel']",Negatif
"['timnasnya', 'di', 'bantai', 'tim', 'kangguru', 'rakyatnya', 'di', 'bantai', 'ruu', 'strootsy']",Negatif
"['makan', 'tuh', 'total', 'football', 'faktanya', 'italia', 'menjadi', 'juara', 'piala', 'dunia', 'kali', 'terbanyak', 'di', 'eropa', 'justru', 'bermain', 'dengan', 'gaya', 'permainan', 'catenaccio', 'alias', 'parkir', 'bus', 'sementara', 'belanda', 'dengan', 'total', 'footballnya', 'malah', 'tidak', 'pernah', 'juara', 'piala', 'dunia']",Negatif
"['piala', 'dunia', 'di', 'depan', 'mata', 'rakyat', 'indonesia', 'loh', 'mungkin', 'itu', 'satusatunya', 'yang', 'bisa', 'mengobati', 'kekecewaan', 'rakyat', 'indonesia', 'sama', 'pemerintah']",Negatif
"['sangat', 'memalukan', 'pemainnya', 'sudah', 'bagus', 'pelatih', 'dan', 'federasi', 'yang', 'parah', 'di', 'tangan', 'sty', 'pasti', 'pemain', 'ini', 'bisa', 'lebih', 'maksimal']",Negatif
"['sty', 'tidak', 'jago', 'komunikasi', 'dia', 'tidak', 'bisa', 'bahasa', 'inggris', 'bla', 'bla', 'bla', 'bla', 'bla', 'bla', 'woy', 'sepakbola', 'itu', 'bahasa', 'universal', 'tidak', 'perlu', 'babibu', 'asal', 'paham', 'ya', 'paham', 'saja', 'lihat', 'nih', 'apa', 'yang', 'sudah', 'kita', 'bangun', 'hancur', 'lagi', 'pak', 'dan', 'team']",Negatif
"['beda', 'jauh', 'yang', 'ini', 'australia', 'full', 'skuad', 'tapi', 'bisa', 'menahan', 'imbang', 'pas', 'yang', 'sekarang', 'tidak', 'full', 'skuad', 'malah', 'bisa', 'ngebantai', 'surem']",Negatif
"['bapuk', 'malapetaka', 'omong doang', 'makan', 'tuh', 'hasil', 'seri', 'tapi', 'kalah', 'kalau', 'lawan', 'bahrain', 'kalah', 'harus', 'out']",Negatif
"['katakatanya', 'hari', 'ini', 'dong', 'pak']",Negatif
"['definisi', 'tong', 'kosong', 'nyaring', 'bunyinya']",Negatif
"['malu', 'coyy', 'di', 'banter', 'akun', 'luar']",Negatif
"['out', 'saja', 'kau', 'patrick', 'kontol']",Negatif
"['inikah', 'hasilnya', 'pelatih', 'baru']",Negatif
"['sih', 'paling', 'belands', 'pundit', 'sampah', 'di', 'gbk', 'malah', 'di', 'jauhi', 'jadi']",Negatif
"['memang', 'anjing', 'terima kasih', 'sudah', 'memilih', 'pelatih', 'cerdas', 'dan', 'bertalenta']",Negatif
"['memang', 'et', 'goblok']",Negatif
"['betul', 'namanya', 'juga', 'strategi', 'harusnya', 'sadar', 'diri', 'kualitas', 'beda', 'jauh']",Negatif
"['sudah', 'paling', 'benar', 'main', 'indonesia', 'kayak', 'mourinho', 'versi', 'sty', 'mamam', 'noh', 'sih', 'paling', 'total', 'football']",Negatif
"['kontol', 'tidak', 'bisa', 'melatih', 'goblok']",Negatif
"['setuju', 'harus', 'tanggung', 'jawab', 'dan', 'jangan', 'banyak', 'alasan', 'fafifuwasweswos']",Negatif
"['sty', 'di', 'pecat', 'gegara', 'timnas', 'main', 'buruk', 'di', 'piala', 'aff', 'tapi', 'dia', 'cukup', 'bagus', 'bawa', 'timnas', 'di', 'kualifikasi', 'piala', 'dunia', 'gantinya', 'pelatih', 'yang', 'sangat', 'minim', 'pengalaman', 'ckckck', 'kocak', 'kocak']",Negatif
"['heran', 'lagi', 'momen', 'positif', 'sama', 'sty', 'di', 'tengah', 'kompetisi', 'kualifikasi', 'piala', 'dunia', 'eh', 'malah', 'dipecat', 'sama', 'pssht', 'tolol', 'yaudah', 'lah', 'hilang', 'momentum']",Negatif
"['anjing', 'lah', 'aing', 'masih', 'tidak', 'bisa', 'terima', 'hasil', 'ini', 'itu', 'pelatih', 'medioker', 'otaknya', 'dimana', 'coba', 'ini', 'tuh', 'match', 'penting', 'sudah', 'tau', 'away', 'pemain', 'diaspora', 'cuma', 'pemain', 'medioker', 'eropa', 'eh', 'main', 'open', 'play', 'dengan', 'defensive', 'line', 'yang', 'tinggi', 'setinggi', 'harapan', 'orang tua', 'kan', 'dontholl']",Negatif
"['coach', 'sty', 'tolong', 'balik', 'timnas', 'indonesia', 'masuk', 'era', 'kegelapan', 'lagi', 'kalau', 'ha', 'dipimpin', 'kamu', 'fuck', 'erick', 'dan', 'jajarannya']",Negatif
"['dua', 'kata', 'lucu', 'masalah', 'komunikasi']",Negatif
"['apakah', 'sengaja', 'dibuat', 'kalah', 'supaya', 'menutup', 'isu', 'besar', 'atau', 'memang', 'ini', 'murni', 'blunder', 'federasi']",Negatif
"['statistik', 'timnas', 'indonesia', 'mendominasi', 'permainan', 'namun', 'tetap', 'dibantai']",Negatif
"['setelah', 'lu', 'blablablaampe', 'ber', 'buih', 'faktanya', 'sepak', 'bola', 'tidak', 'perlu', 'teori', 'tapi', 'bukti']",Negatif
"['buat', 'kamu', 'semua', 'yang', 'suka', 'teriak']",Negatif
"['dari', 'pemecatan', 'sty', 'saja', 'perasaan', 'gua', 'sudah', 'tidak', 'enak', 'sama', 'timnas', 'dan', 'sekarang', 'apa', 'yang', 'gua', 'takutkan', 'ke', 'buktikan', 'timnas', 'kehilangan', 'gaya', 'mainnya', 'semenjak', 'ganti', 'pelatih', 'harapan', 'mau', 'runner', 'up', 'kayaknya', 'tidak', 'ada', 'peluang', 'sudah']",Negatif
"['kalau', 'di', 'menyanyikan', 'kan', 'enak', 'ya', 'shin', 'tae', 'yong', 'kalau', 'petrik', 'apaan', 'lah', 'kalau', 'i', 'vert', 'yang', 'ada', 'klapertart', 'enak']",Negatif
"['hei', 'woi', 'guoblokk', 'towel']",Negatif
"['mampus', 'anjg', 'mampus']",Negatif
"['makan', 'itu', 'ganti', 'pelatih', 'gendut']",Negatif
"['hari', 'rungkad', 'se', 'indonesia']",Negatif
"['kata', 'ya', 'komunikasi', 'nomor', 'satu', 'kadang', 'yang', 'komunikasi', 'ya', 'bagus', 'belum', 'tentu', 'baik']",Negatif
"['saya', 'sangat', 'meragukan', 'nasionalisme', 'dan', 'kecintaan', 'pak', 'terhadap', 'nkri', 'dengan', 'dipecatnya', 'shin', 'tae', 'yong', 'dan', 'menggantinya', 'dengan', 'kluivert']",Negatif
"['sudah', 'beneer', 'belanda', 'malah', 'pada', 'mau', 'ke', 'indonesia', 'yang', 'kayak', 'ini', 'sepak', 'bolanya', 'pemerintahnya', 'wkwkwkwk']",Negatif
"['erick', 'thohir', 'beserta', 'antek', 'dan', 'buzzernya', 'memang', 'ajg', 'bgzd', 'masih', 'ingat', 'mereka', 'bikin', 'narasi', 'jelek', 'alasan', 'dia', 'mecat', 'sty', 'kendala', 'bahasa', 'dan', 'ada', 'friksi', 'sama', 'pemainnya', 'padahal', 'ya', 'aslinya', 'tidak', 'ada', 'friksi', 'apa', 'baik', 'saja', 'tidak', 'ada', 'apa']",Negatif
"['sih', 'anjir', 'lah', 'pakai', 'ganti', 'pelatih', 'makan', 'tuh']",Negatif
"['mundur', 'lah']",Negatif
"['out', 'saja', 'pelatih', 'bosok']",Negatif
"['tertawa', 'bareng', 'sty', 'tidak', 'percaya', 'sama', 'kluivert']",Negatif
"['noh', 'guys', 'sudah', 'dibantuin', 'naikin', 'hati']",Negatif
['sudahlah'],Negatif
"['semuanya', 'berawal', 'dari', 'sih', 'erik', 'kembaran', 'dontol', 'anjeng', 'anjeng']",Negatif
['mampuuusss'],Negatif
"['bahkan', 'fm', 'id', 'yang', 'biasanya', 'kalem', 'dan', 'selalu', 'logis', 'pun', 'kesal', 'dengan', 'cara', 'mainnya', 'patrick', 'ini', 'memang', 'kualitasnya', 'kureng', 'sih', 'cocoknya', 'dan', 'jangan', 'lupa', 'et', 'yang', 'otakatik', 'timnas', 'jadi', 'jelek', 'kayak', 'sekarang', 'juga', 'harus', 'out']",Negatif
"['banyak', 'yang', 'menghujat', 'kalian', 'bermain', 'dan', 'kalah', 'dengan', 'system', 'menyerang', 'dengan', 'membandingkan', 'score', 'era', 'sty', 'dengan', 'pilihan', 'cara', 'bermain', 'bertahan', 'belum', 'tentu', 'main', 'di', 'kandang', 'australia', 'yang', 'nota', 'bene', 'langganan', 'piala', 'dunia', 'terus', 'main', 'defense', 'bisa', 'lagi']",Negatif
"['ternyata', 'bukan', 'hanya', 'tidak', 'becus', 'mengurus', 'bumn', 'tapi', 'juga', 'tidak', 'becus', 'mengurus', 'sepakbola', 'kenapa', 'ganti', 'sty', 'di', 'saat', 'tim', 'kita', 'lagi', 'bagusnya']",Negatif
"['kluivert', 'goblok', 'tidak', 'ada', 'taktik', 'sama', 'sekali', 'masa', 'kebantai', 'anjing']",Negatif
"['indra', 'sjafrie', 'dipecat', 'pelatih', 'penemu', 'talenta', 'terbaik', 'otw', 'balik', 'era', 'kegelapan', 'et', 'ini', 'otak', 'bisnis', 'sudah', 'jual', 'nama', 'dengan', 'segala', 'skema', 'bisnis', 'dll', 'kalau', 'semua', 'runtuh', 'percaya', 'lah', 'juga', 'tidak', 'akan', 'tembus', 'world', 'cup']",Negatif
"['dikasih', 'berlian', 'malah', 'memilih', 'batu', 'kali', 'wkwkwk']",Negatif
"['kontol', 'lah', 'kalah', 'saja', 'target', 'ya', 'menang', 'dong']",Negatif
"['kocak', 'memang', 'dari', 'jadi', 'nyungseppp', 'et', 'dan', 'para', 'pundit', 'kamu', 'pada', 'kudu', 'tanggung', 'jawab']",Negatif
"['ternaknya', 'mulyono', 'yang', 'percaya', 'kami', 'sih', 'no', 'ferguson', 'ente', 'masuk', 'pemimpin', 'terkorup', 'dunia', 'versi', 'occrp', 'kontol', 'ostrali', 'erick', 'thohir', 'tolol', 'kalah', 'mees', 'spongebob', 'shin', 'tae', 'yong']",Negatif
"['milyar', 'untuk', 'memecat', 'sty', 'yagn', 'sudah', 'bertahun', 'tahun', 'membangun', 'team', 'yang', 'sangat', 'dihormati', 'dan', 'disayangi', 'oleh', 'pemain', 'buang', 'uang', 'usjt', 'untuk', 'bayar', 'sih', 'penjudi', 'yang', 'langsung', 'mengobrak', 'abrik', 'capaian', 'itu', 'dalam', 'waktu', 'bulan', 'setuju']",Negatif
"['pelatih', 'medioker', 'pilihan']",Negatif
"['sudah', 'semangat', 'menonton', 'timnas', 'eh', 'malah', 'di', 'bantai', 'aus', 'apakah']",Negatif
"['hilih', 'erik', 'erik']",Negatif
"['baru', 'juga', 'ngelatih', 'sudah', 'ada', 'suara', 'untuk', 'out']",Negatif
"['wkwkwk', 'mati', 'saja', 'semua', 'kelen']",Negatif
['mampusss'],Negatif
"['mendingan', 'menonton', 'liga', 'daripada', 'menonton', 'timnas', 'yang', 'permainannya', 'busuk', 'begitu', 'wkwkwk', 'malah', 'masih', 'lebih', 'bagus', 'permainan', 'di', 'liga', 'daripada', 'permainan', 'timnas', 'hari', 'ini', 'long', 'ball', 'long', 'ball', 'tarkam', 'banget', 'jink', 'wkwkwk']",Negatif
"['harus', 'mundur', 'kalau', 'tidak', 'mundur', 'ya', 'harus', 'dimundurin', 'iya', 'kan', 'pak', 'bagaimana', 'nih', 'pak', 'masih', 'ada', 'kendala', 'bahasa', 'kah', 'maksud', 'saya', 'bapak', 'jadi', 'gagu', 'mau', 'mengomong']",Negatif
"['kluivert', 'tidak', 'salah', 'memang', 'kualitasnya', 'segitu', 'doang', 'et', 'dan', 'para', 'pundit', 'penjilatnya', 'yang', 'harus', 'bertanggungjawab', 'dengan', 'kluivert', 'juga', 'kualitasnya', 'tidak', 'sesuai', 'kebutuhan', 'lebih', 'jelek', 'dari', 'sty', 'jadi', 'ya', 'memang', 'waktunya']",Negatif
"['tidak ada', 'alasan', 'lagi', 'untuk', 'buat', 'dia', 'bertahan', 'mending', 'balikin', 'sty']",Negatif
"['pelatih', 'tukang', 'judi', 'minus', 'prestasi', 'bisa', 'apa', 'coba']",Negatif
"['sudah', 'tidak', 'tau', 'harus', 'marah', 'ke', 'sapa', 'lagi', 'anjing', 'semaunya', 'anjing']",Negatif
"['kepelatihan', 'terbaik', 'apanya', 'anjing', 'kebantai', 'begini', 'kocak']",Negatif
"['entah', 'apa', 'yang', 'terjadi', 'dengan', 'bangsa', 'ini']",Negatif
"['tim', 'kepelatihan', 'terbaik', 'katanya', 'kebanggaan', 'et', 'arya', 'towel', 'dan', 'yang', 'paling', 'coach', 'coach', 'justin']",Negatif
"['hilang', 'sudah', 'mimpi', 'kita', 'lolos', 'langsung', 'ke', 'piala', 'dunia', 'yang', 'bisa', 'diharapkan', 'adalah', 'lewat', 'jalur', 'peringkat', 'ke', 'atau', 'ke']",Negatif
"['komposisi', 'pemain', 'yang', 'kupikir', 'adalah', 'timnas', 'terbaik', 'eh', 'malah', 'pelatihnya', 'yang', 'tidak', 'bisa', 'manfaatin', 'patrick', 'tuh', 'sampahhh', 'dari', 'statistik', 'sudah', 'tidak', 'meyakinkan', 'erick', 'thohir', 'mau', 'pelatih', 'yang', 'bagus', 'komunikasinya', 'eh', 'genduttt', 'lo', 'mau', 'cari', 'pelatih', 'apa', 'presenter', 'tv', 'alahhh', 'gugukkk']",Negatif
"['kata', 'erick', 'kemarin', 'kita', 'ganti', 'pelatih', 'ditengah', 'kompetisi', 'seperti', 'perjudian', 'dan', 'kita', 'tau', 'judi', 'pada', 'akhirnya', 'tidak', 'membawa', 'keberkahan', 'melainkan', 'keterpurukan']",Negatif
"['pelatih', 'kontol']",Negatif
"['jangan', 'salahkan', 'kluvert', 'semua', 'butuh', 'proses', 'katanya', 'tolong', 'berikan', 'beliau', 'waktu', 'lagi', 'untuk', 'out', 'dalam', 'hitungan', 'hari']",Negatif
"['heh', 'patrick', 'kamu', 'mau', 'balik', 'sendiri', 'atau', 'dijemput', 'sih', 'spongebob']",Negatif
"['spongebob', 'tolong', 'panggil', 'temanmu', 'patrick', 'suruh', 'pulang']",Negatif
"['ini', 'negara', 'saja', 'dijudiin', 'dikasih', 'nama', 'danantara', 'apalagi', 'cuman', 'wcq', 'pelatih', 'tukang', 'judi', 'pun', 'di', 'hire']",Negatif
"['babi', 'tolol', 'setolol', 'tololnya']",Negatif
"['kemarin', 'pas', 'sty', 'lawan', 'cina', 'dan', 'kalah', 'pak', 'et', 'sibuk', 'bikin', 'caption', 'ambigu', 'dan', 'galau', 'mau', 'ganti', 'pelatih', 'ini', 'kalah', 'telak', 'dari', 'australia', 'diam', 'saja', 'dievaluasi', 'dong', 'pelatih', 'yang', 'gila', 'judi', 'ini', 'pak', 'wwkwk']",Negatif
"['salahnya', 'erick', 'thohir', 'pilih', 'pelatih', 'patrick', 'temannya', 'spongebob', 'bego', 'kan', 'kamu', 'perhatikan', 'deh', 'wajahnya', 'di', 'bench', 'pemain', 'persis', 'patrick', 'temannya', 'spongebob']",Negatif
"['sebaiknya', 'mundur', 'kalau', 'tidak', 'sama', 'dia', 'kayak', 'mulyono', 'tidak', 'tau', 'diri', 'rai', 'gedex']",Negatif
"['kasihan', 'juga', 'sih', 'baru', 'tampil', 'sekali', 'sudah', 'dapat', 'tagar']",Negatif
"['teruslah', 'mengocok', 'patrick']",Negatif
"['kata', 'dari', 'coach', 'justin', 'sabar', 'sabar', 'masih', 'ada', 'bahrain', 'sama', 'china', 'buat', 'apa', 'buat', 'kalah', 'lagi', 'hah']",Negatif
"['memang', 'tahi', 'nih', 'orang', 'berdua', 'belum', 'ada', 'sejarah', 'memalukan', 'kayak', 'begini', 'di', 'sejak', 'piala', 'dunia', 'indonesia']",Negatif
"['coach', 'itu', 'bukan', 'sekedar', 'mantan', 'bintang', 'tapi', 'yang', 'sudah', 'hapal', 'dan', 'memahami', 'karakter', 'pemain', 'sehingga', 'tepat', 'untuk', 'meracik', 'strategi', 'permainan', 'sty', 'pasti', 'menyayangkan', 'kalahan', 'telak', 'indonesia']",Negatif
"['pantesan', 'bikin', 'timnas', 'jadi', 'badut', 'ternyata', 'begini']",Negatif
"['coach', 'justin', 'sabar', 'sabar', 'masih', 'ada', 'bahrain', 'sama', 'china', 'buat', 'apa', 'buat', 'kalah', 'lagi', 'hah']",Negatif
['bubarkan'],Negatif
"['seventeen', 'bentar', 'ya', 'aku', 'mau', 'maki', 'pemerintah', 'tolol', 'sama', 'federasi', 'tolol', 'dulu']",Negatif
"['instant', 'memang', 'kalah', 'dengan', 'pengalamanklo', 'kalah', 'lagi', 'lawan', 'bahrain', 'mending', 'langsung', 'undur', 'diri', 'deh']",Negatif
"['harusnya', 'yang', 'diganti', 'tuh', 'sih', 'eric', 'sama', 'pssi', 'bejat', 'betul']",Negatif
"['kalau', 'tidak', 'cepat', 'sih', 'lihat', 'saja', 'entar', 'lawan', 'bahrain', 'bisa', 'tambah', 'parah', 'ini', 'ayolah', 'sebelum', 'terlambat', 'selamatkan', 'harapan', 'kami', 'sebelumnya', 'semangat', 'kami', 'sudah', 'di', 'ubun', 'sama']",Negatif
"['mimpi', 'masyarakat', 'indonesia', 'untuk', 'tampil', 'di', 'piala', 'dunia', 'hampir', 'sirna', 'garagara', 'spekulasi', 'yang', 'dilakukan', 'pssi', 'entah', 'bagaimana', 'pssi', 'mengambil', 'keputusan', 'yang', 'sangat', 'krusial', 'di', 'tengah', 'tren', 'positif', 'sebuah', 'tim', 'yang', 'sudah', 'di', 'bentuk', 'tahu', 'semoga', 'harapan', 'itu', 'masih', 'ada']",Negatif
"['apa', 'yang', 'kalian', 'harapkan', 'dari', 'ketum', 'pssi', 'yang', 'taunya', 'trio', 'belanda', 'main', 'di', 'inter']",Negatif
"['tukang', 'judi', 'menyamar', 'dari', 'pelatih', 'yang', 'macam', 'ini']",Negatif
"['tidak', 'butuh', 'alasan', 'adaptasi', 'soalnya', 'pemain', 'dulu', 'sudah', 'punya', 'chemistry', 'tapi', 'dirusak', 'di', 'sebelas', 'pertama', 'pokoknya']",Negatif
"['pemain', 'keturunan', 'belanda', 'tidak', 'harus', 'dilatih', 'orang', 'belanda', 'juga', 'pemilihan', 'sih', 'patrick', 'hanya', 'kado', 'balas', 'budi', 'indonesia', 'thd', 'belanda', 'karena', 'sudah', 'banyak', 'ambil', 'pemainnya']",Negatif
"['dari', 'awal', 'kan', 'tujuannya', 'mau', 'main', 'terbuka', 'bukan', 'buat', 'menang', 'hahahahahaha']",Negatif
"['negaranya', 'kacau', 'timnasnya', 'kalah', 'bangssttt', 'sudah', 'tidak', 'ada', 'kebanggaan', 'yang', 'tersisa', 'shiballl']",Negatif
"['mengakak', 'pasti', 'dalam', 'hatinya']",Negatif
"['pintu', 'keluar', 'terbuka', 'lebar']",Negatif
"['sudah', 'janji', 'kemarin', 'kalau', 'hasil', 'ya', 'jelek', 'langsung', 'buat', 'tagar', 'inimain', 'ya', 'menang', 'dan', 'menang', 'dongganti', 'pelatih', 'kan', 'harus', 'begitu']",Negatif
"['pemerintah', 'kan', 'sukanya', 'yang', 'instaninstan', 'tuh', 'nah', 'sekalian', 'saja', 'bikin', 'uu', 'timnas', 'tiap', 'kali', 'kalah', 'wajib', 'ganti', 'pelatih', 'dan', 'ganti', 'pemain']",Negatif
"['kritis', 'anjing', 'lah', 'sih', 'paling', 'goblokin', 'orang']",Negatif
"['tahi', 'anjinggg', 'timnas', 'sudah', 'bagus', 'dan', 'terbentuk', 'di', 'bikin', 'hancur', 'sama', 'nih', 'tukang', 'judi']",Negatif
"['kntol', 'kamu', 'erick']",Negatif
"['yang', 'harusnya', 'kita', 'anjingin', 'ya', 'federasi', 'dan', 'antekanteknya', 'lah', 'sekalian', 'tuh', 'semua', 'pelatih', 'baru', 'yang', 'plangaplongo', 'doang']",Negatif
"['iya', 'bagusnya', 'begitu', 'memang', 'sudah', 'tidak', 'percaya', 'proses', 'enak', 'saja', 'diminta', 'prosas', 'proses', 'prosas', 'proses', 'kemarin', 'proses', 'disuruh', 'out']",Negatif
"['prestasi', 'erik', 'tohir', 'apa', 'jadi', 'menteri', 'gagal', 'itu', 'perusahaan', 'bumn', 'pada', 'bangkrut', 'makin', 'gila', 'gilaan', 'korupsinya', 'dibawah', 'kepemimpinannya', 'sekarang', 'pssi', 'prestasinya', 'apa', 'tidak', 'ada', 'caper', 'mulu', 'anda', 'jadi', 'ketum']",Negatif
"['total', 'football', 'gap', 'dari', 'tengah', 'dan', 'depan', 'terlalu', 'jauh', 'mau', 'alasan', 'apa', 'lagi', 'ini', 'pssi', 'masalah', 'komunikasi']",Negatif
"['balikin', 'coach', 'shin', 'pecat', 'jangan', 'tone', 'deaf', 'anjing']",Negatif
"['tidak pakai', 'basa', 'basi']",Negatif
"['memang', 'sampah', 'semua', 'pengurusnya', 'sampah', 'pejabat', 'ya', 'sampah', 'fucking', 'asshole']",Negatif
"['ya', 'kalau', 'laga', 'uji', 'coba', 'ya', 'gapapa', 'coba', 'pelatih', 'baru', 'lah', 'ini', 'kualifikasi', 'piala', 'dunia', 'kocaakkk', 'mana', 'bisa', 'setiba', 'itu', 'maon', 'ganti', 'pelatih', 'tau', 'kan', 'sekarang', 'hasilnya', 'bodo', 'amat', 'ikut', 'gue', 'ramein', 'nih']",Negatif
"['gblok', 'memang', 'tidak', 'ketum', 'tidak', 'federasinya', 'makan', 'itu', 'pelatih', 'kang', 'judi', 'anjg']",Negatif
"['sangat', 'kecewa', 'berat', 'itukah', 'yang', 'namanya', 'permainan', 'langsung', 'saja']",Negatif
"['keluar', 'saja', 'langsung', 'kita', 'tidak', 'percaya', 'proses']",Negatif
"['apakah', 'ada', 'konspirasi', 'agar', 'indonesia', 'tidak', 'masuk', 'final', 'piala', 'dunia']",Negatif
"['hasil', 'tidak', 'ada', 'kendala', 'bahasa']",Negatif
"['kata', 'gue', 'mah', 'mending', 'beres', 'dari', 'sekarang', 'saja', 'hir', 'kalah', 'dari', 'bahrain', 'langsung', 'out', 'saja', 'kamu', 'soal', 'masa', 'depan', 'timnas', 'setelah', 'pssi', 'tidak', 'dipegang', 'kamu', 'tidak usah', 'dipikirkan', 'toh', 'saat', 'timnas', 'lagi', 'bagus', 'di', 'tangan', 'sty', 'pun', 'logika', 'kamu', 'tetap', 'kalah', 'sama', 'hasutan', 'mafia', 'cmiwww']",Negatif
"['total', 'banget', 'ini', 'mah', 'apalagi', 'skornya']",Negatif
"['balik', 'saja', 'sudah', 'balik', 'sana', 'ke', 'asal', 'ya']",Negatif
"['makan', 'itu', 'kluivert', 'gara', 'kamu', 'ganti', 'sty', 'sama', 'kluivert', 'timnas', 'kita', 'jadi', 'hancur']",Negatif
"['langsung', 'saja', 'pintu', 'keluar', 'terbuka', 'lebar', 'vert']",Negatif
"['tim', 'ini', 'sudah', 'dibentuk', 'dari', 'nol', 'sama', 'coach', 'sty', 'kang', 'judi', 'tinggal', 'ngeracik', 'eh', 'racikannya', 'kbnykn', 'racun']",Negatif
"['harga', 'mati', 'munaslub', 'pssi', 'ganti', 'pengurus', 'erick', 'thohir', 'mundur', 'sih', 'kalau', 'masih', 'punya', 'malu', 'bumn', 'korupsi', 'menggila', 'diera', 'et', 'timnas', 'pun', 'kini', 'dibuat', 'hancur', 'karena', 'pecat', 'sty', 'ditengah', 'jalan', 'memang', 'tidak', 'becus']",Negatif
"['mending', 'kamu', 'mundur']",Negatif
"['sayang', 'banget', 'padahal', 'bisa', 'salam', 'olahraga', 'pundit', 'tolol']",Negatif
"['ogah', 'banget', 'disuruh', 'sabar', 'sudah', 'menunggu', 'berbulanbulan', 'ya', 'kali', 'cuma', 'buat', 'dibantai', 'gapapa', 'gapapa', 'matamu']",Negatif
"['jadikan', 'sty', 'coach', 'timnas', 'lagi']",Negatif
"['alasannya', 'nanti', 'apalagi', 'nih', 'sih', 'erick', 'tohir', 'sama', 'para', 'buzzer', 'kesayangannya', 'minimal', 'malu', 'lah', 'mundur', 'kamu', 'sama', 'para', 'exco', 'tidak', 'berguna', 'itu']",Negatif
"['erik', 'tohir', 'ditunggu', 'poto', 'menyandar', 'temboknya']",Negatif
"['sukurin', 'mau', 'naikin', 'nama', 'malah', 'berpotensi', 'dibenci', 'fan', 'timnas', 'remember', 'what', 'you', 'did', 'tapi', 'sty', 'shame', 'on', 'you']",Negatif
"['kalau', 'menang', 'atau', 'kalah', 'tetap', 'dukung', 'timnas', 'terus', 'untuk', 'apa', 'pecat', 'sty', 'digantikan', 'patrick', 'kluivert', 'terus', 'untuk', 'apa', 'menambah', 'pemain', 'naturalisasi', 'keluarkan', 'duit', 'lagi', 'erick', 'thohir', 'tolol']",Negatif
"['sudah', 'itu', 'saja']",Negatif
"['nambahin', 'saja']",Negatif
"['jaman', 'sty', 'lubang', 'di', 'belakang', 'begitu', 'kokoh', 'sekarang', 'hancur', 'lebur']",Negatif
"['tidak ada', 'toleransi', 'pelatih', 'baru', 'tentunya', 'targetnya', 'harus', 'lebih', 'baik', 'dari', 'pelatih', 'sebelumnya', 'main', 'long', 'ball', 'mulu', 'pemain', 'tengah', 'tidak', 'jelas', 'tidak', 'guna', 'total', 'football', 'jelek', 'banget', 'mirip', 'lvg', 'waktu', 'nglatih', 'mu', 'tanggung', 'jawab', 'kamu']",Negatif
"['patrick', 'pulang', 'dicariin', 'spongebob', 'di', 'bikini', 'bottom', 'mau', 'diajak', 'berburu', 'uburubur']",Negatif
"['setuju', 'bagaimana', 'mau', 'menang', 'belum', 'sampai', 'seminggu', 'di', 'indonesia', 'setelah', 'resmi', 'menjadi', 'pelatih', 'dan', 'jalanjalan', 'balik', 'kandang', 'yang', 'tidak', 'jelas', 'juntrung', 'ya']",Negatif
"['sty', 'pls', 'jadi', 'coach', 'timnas', 'lagi']",Negatif
"['negara', 'hancur', 'timnas', 'hancur', 'rasanya', 'siapapun', 'yang', 'lewat', 'depan', 'gue', 'pengin', 'gue', 'pukul', 'sudah']",Negatif
"['demi', 'kepentingan', 'bangsa', 'dan', 'negara', 'buang', 'egomu', 'selagi', 'masih', 'ada', 'waktu', 'dan', 'kesempatan', 'untuk', 'bawa', 'timnas', 'ke', 'piala', 'dunia', 'tarik', 'shin', 'tae', 'yong', 'dalam', 'jajaran', 'pelatih', 'timnas', 'sekarang', 'juga', 'duet', 'kan', 'sty', 'dengan', 'patrick', 'kluivert']",Negatif
"['proses', 'tahi', 'mainnya', 'saja', 'begini', 'bagaimana', 'kedepannya', 'sangat', 'tidak', 'jelas']",Negatif
"['langsung', 'saja', 'gue', 'tidak', 'menerima', 'kalimat', 'butuh', 'proses']",Negatif
"['erick', 'thohir', 'out', 'dan', 'juga', 'mereka', 'sudah', 'gagal']",Negatif
"['sisi', 'gelap', 'imajinasi', 'liarku', 'berkata', 'kuch', 'patrick', 'tolong', 'buat', 'strategi', 'permainan', 'sengawur', 'mungkin', 'agar', 'kita', 'kalah', 'lawan', 'australia', 'karena', 'berbarengan', 'dengan', 'disahkan', 'ruu', 'tni', 'lumayankan', 'daya', 'ledak', 'netijen', 'jadi', 'terbelah', 'shin', 'tae', 'yong', 'towel']",Negatif
"['asli', 'ah', 'bikin', 'malasin']",Negatif
"['negaranya', 'hancur', 'sepakbolanya', 'juga', 'hancur']",Negatif
"['kamu', 'masih', 'ada', 'mata', 'tidak', 'buta', 'huruf', 'tidak', 'baca', 'sudah', 'hilang', 'respek', 'rakyat', 'yang', 'kamu', 'mau', 'peres', 'tenaga', 'dan', 'sumber', 'dayanya', 'ini', 'pak']",Negatif
"['langsung', 'saja', 'tidak', 'ada', 'alasan', 'apapun', 'team', 'sudah', 'trbentuk', 'di', 'era', 'sty']",Negatif
"['di', 'bikini', 'bottom', 'saja', 'sih', 'patrick', 'emnag', 'sudah', 'menyebalkan', 'ini', 'pakai', 'ada', 'di', 'dunia', 'nyata', 'sattt']",Negatif
"['awas', 'saja', 'pakai', 'dalih', 'ini', 'ide', 'yang', 'apa', 'gaes', 'ganti', 'pelatih', 'ditengah', 'perjalanan']",Negatif
"['pemain', 'tidak', 'ada', 'yang', 'salah', 'mereka', 'sudah', 'berjuang', 'gue', 'rispek', 'tapi', 'kalau', 'dipaksa', 'bilang', 'siapa', 'yang', 'salah', 'ya', 'erick', 'thohir', 'karena', 'terlalu', 'berspekulasi', 'mau', 'bilang', 'gambling', 'tidak', 'enak', 'mngganti', 'shin', 'tae', 'yong', 'dengan', 'disaat', 'krusial', 'nasi', 'sudah', 'jadi', 'bubur', 'walo', 'basi', 'kasih', 'towel', 'saja', 'buburnya']",Negatif
"['tidak', 'rakyat', 'tidak', 'bola', 'kalah', 'semua', 'hari', 'ini']",Negatif
"['tak', 'perlu', 'proses', 'pak', 'erick', 'buktikan', 'dan', 'bertanggung', 'jawab', 'atas', 'tindakanmu']",Negatif
"['pertandingan', 'kali', 'ini', 'bukan', 'tapi', 'kompeni', 'pinjam', 'bendera', 'pelatih', 'kompeni', 'asisten', 'kompeni', 'direktur', 'kompeni', 'pemain', 'kompeni', 'biang', 'kerok', 'semua', 'ini']",Negatif
"['ayo', 'pak', 'mundur']",Negatif
"['jersey', 'timnas', 'makin', 'bagus', 'eh', 'timnasnya', 'hancur']",Negatif
"['pusing', 'banget', 'ah', 'ngentot', 'mending', 'gue', 'maraton', 'breaking', 'bad']",Negatif
"['murid', 'tidak', 'akur', 'sama', 'guru', 'ya', 'muridnya', 'yang', 'harus', 'digebuk', 'ini', 'malah', 'gurunya', 'yang', 'diganti']",Negatif
"['mas', 'banyak', 'supporter', 'mengingatkan', 'track', 'record', 'dan', 'sekarang', 'terbukti', 'lawan', 'bahrain', 'jika', 'kalah', 'lagi', 'segera', 'evaluasi', 'dan', 'umumkan', 'dan', 'segera']",Negatif
"['tidak', 'percaya', 'proses']",Negatif
"['indonesia', 'butuh', 'pelatih', 'galak']",Negatif
"['tidak', 'membela', 'coach', 'sty', 'tapi', 'benar', 'harus', 'ya', 'sampai', 'ujung', 'baru', 'lihat', 'hasil', 'ya', 'kalau', 'sudah', 'kayak', 'begini', 'seperti', 'ya', 'ya', 'begitulah']",Negatif
"['pokok', 'timnas', 'lagi', 'bagus', 'malah', 'jadi', 'bapuk', 'menambah', 'pemain', 'mulu', 'yang', 'sudah', 'kompak', 'ditinggalin']",Negatif
"['pembuktian', 'kalau', 'dia', 'penjudi', 'ulang']",Negatif
"['pokoknya', 'out']",Negatif
"['tanpa', 'basa', 'basi']",Negatif
"['sebaiknya', 'berharap', 'hanya', 'pada', 'allah', 'bukan', 'pada', 'petrikklipert']",Negatif
"['makan', 'tuh', 'goal', 'good', 'bye', 'piala', 'dunia']",Negatif
"['sudah', 'pernah', 'dijajah', 'sama', 'orang', 'belanda', 'masih', 'ada', 'percaya', 'sama', 'mereka']",Negatif
"['coach', 'sty', 'datang', 'tidak', 'ya', 'ke', 'gbk', 'entar', 'kalau', 'datang', 'pasti', 'deja', 'vu', 'janganlah', 'coach', 'kecuali', 'kesana', 'jadi', 'pelatih', 'lagi', 'tapi', 'jangan', 'deh', 'nih', 'federasi', 'bobrok', 'ke', 'tulang', 'tulang', 'kangen', 'coach', 'sty']",Negatif
"['tidak', 'salah', 'dari', 'awal', 'dia', 'datang', 'sudah', 'trending', 'ternyata', 'memang', 'dia', 'tidak', 'bisa', 'dan', 'bukan', 'orang', 'yang', 'tepat', 'buat', 'ngelatih', 'pemain', 'mewah', 'yang', 'ada', 'di', 'timnas']",Negatif
"['tidak', 'heran', 'kalau', 'tb', 'ada', 'hastag', 'ini', 'jelas', 'dari', 'awal', 'timnas', 'bangkit', 'dititik', 'sekarang', 'karena', 'berkat', 'sty', 'mimpi', 'kita', 'bersama', 'untuk', 'lolos', 'pildun', 'bareng', 'seketika', 'kayak', 'hilang', 'harapan', 'bersama', 'debut', 'kluivert', 'malah', 'jadi', 'badut', 'loh', 'jauh', 'banget']",Negatif
"['seeet', 'sudah', 'indonesia', 'dibantai', 'australia', 'malah', 'jadi', 'bahan', 'hujatan', 'dunia', 'mengingat', 'pelatih', 'timnas', 'sekarang', 'cukup', 'terkenal', 'di', 'sepak', 'bola', 'ya', 'jangkauan', 'juga', 'pasti', 'gede', 'apa', 'memang', 'ini', 'tujuan', 'perusahan', 'sepak', 'bola', 'indonesia', 'merekrut', 'sang', 'lord', 'patrick']",Negatif
"['njiiirr', 'meng', 'sedih', 'lah']",Negatif
"['betul', 'jelas', 'track', 'record', 'nglatihnya', 'sudah', 'ampas', 'lakok', 'disuruh', 'menggantikan', 'pelatih', 'yang', 'track', 'record', 'ya', 'bagus', 'dan', 'sedang', 'on', 'fire']",Negatif
"['kalau', 'seperti', 'ini', 'sih', 'ya', 'harus', 'ya', 'tidak', 'di', 'ganti', 'sedih', 'juga', 'lihat', 'mainnya', 'tidak', 'berpolahidup', 'mati', 'buat', 'garuda', 'kali', 'ini', 'garuda', 'sedang', 'terluka', 'tidak', 'bisa', 'terbang', 'tinggi', 'mau', 'salahkan', 'pelatih', 'ya', 'bagaimana', 'kan', 'saya', 'bukan', 'ketua', 'ya', 'well', 'said', 'someone', 'has', 'tapi', 'responsible', 'for', 'this']",Negatif
"['sudah', 'sesuai', 'trawangan', 'tidak', 'kagetngisinni']",Negatif
"['betul', 'ngelatih', 'saja', 'tidak', 'becus', 'begitu', 'sudah', 'dikasih', 'komposisi', 'skuad', 'mini', 'belanda', 'juga', 'masih', 'tidak', 'mampu', 'iyuuuchhh']",Negatif
"['sebuah', 'perbedaan', 'antara', 'sty', 'vs', 'pakai']",Negatif
"['setujukemasukan', 'tll', 'banyak', 'memalukan']",Negatif
"['rapat', 'menghancurkan', 'timnas', 'indonesia']",Negatif
"['waduh', 'lagunya']",Negatif
"['mana', 'congornya']",Negatif
"['sudah', 'tertinggal', 'goal', 'apa', 'yang', 'anda', 'lakukam', 'cuma', 'duduk', 'di', 'bench', 'guablokkk']",Negatif
"['sampah', 'erick', 'tohir', 'masih', 'punya', 'malu']",Negatif
"['pelatih', 'judi', 'jadi', 'pelatih', 'bola', 'presta']",Negatif
"['pelatih', 'anjing']",Negatif
"['kelayakan', 'piala', 'dunia', 'baru', 'aksi', 'pertama', 'kini', 'trending']",Negatif
"['ekspetasi', 'kita', 'saja', 'yang', 'terlalu', 'besar', 'wkwk']",Negatif
"['bagaimana', 'tanggapannya', 'pak', 'tolong', 'lah', 'bikin', 'tweet', 'dan', 'jangan', 'diam', 'saja', 'ketika', 'menang', 'langsung', 'gercep', 'bikin', 'tweet', 'akan', 'tetapi', 'ketika', 'kalah', 'malah', 'menghilang', 'bak', 'di', 'makan', 'bumi', 'tolong', 'tanggung', 'jawab', 'kalau', 'sampai', 'lawan', 'bahrain', 'kalah', 'juga', 'berarti', 'tidak', 'ada', 'proses', 'lagi']",Negatif
"['kali', 'ini', 'hastagnya', 'bukan', 'buzzer', 'tapi', 'rill', 'kekesalan', 'warga']",Negatif
"['keren', 'banget', 'main', 'nya', 'kalau', 'tidak', 'dilatih', 'kluivert']",Negatif
"['sty', 'bisa', 'mengimbangi', 'australia', 'sedangkan', 'pelatih', 'baru', 'bisa', 'apa', 'kebantai', 'wkkww']",Negatif
"['setelah', 'acak', 'bumn', 'sekarang', 'acak', 'timnas', 'memang', 'jancukkk']",Negatif
"['kenapa', 'ganti', 'pelatih', 'pak', 'kluivert', 'miskin', 'taktik']",Negatif
"['tanding', 'cuma', 'kebobolan', 'lah', 'ini', 'baru', 'sekali', 'main', 'sudah', 'kebobolan']",Negatif
"['halo', 'federasi', 'saya', 'tidak', 'perlu', 'teriak', 'siapa', 'yang', 'tanggung', 'jawab']",Negatif
"['team', 'baru', 'ketemu', 'dua', 'hari', 'menu', 'latihan', 'tidak', 'maximal', 'buat', 'ubah', 'pakem', 'pragmatis', 'football', 'jadi', 'total', 'football', 'kamu', 'tidak', 'kebobolan', 'dan', 'jebolin', 'gol', 'you', 'still', 'win', 'the', 'game', 'se', 'simple', 'itu', 'bobrokk']",Negatif
"['sudah', 'benar', 'sty', 'malah', 'memilih', 'kang', 'judi']",Negatif
"['dikasih', 'yang', 'kaosan', 'tapi', 'panikkan', 'sibuk', 'cari', 'strategi', 'malah', 'pilih', 'yang', 'berjas', 'modal', 'cengarcengir', 'giliran', 'dibantai', 'tidak', 'ada', 'panikpaniknya', 'acan']",Negatif
"['dua', 'duanya', 'harus', 'bertanggungjawabbb', 'atas', 'kekacauan', 'ini', 'sudah', 'bagus', 'bagus', 'kemarin', 'sama', 'sty', 'ngadi', 'ngadi', 'pakai', 'digantiii']",Negatif
"['titik', 'terendah', 'sepak', 'bola', 'kalau', 'tim', 'lo', 'sudah', 'digoreng', 'akun', 'troll', 'internasional']",Negatif
"['katanya', 'pelatih', 'terbaik', 'kok', 'kita', 'kena', 'bantai']",Negatif
"['bajingan', 'kamu', 'sok', 'mengerti', 'soal', 'bola', 'standar', 'ganda']",Negatif
"['gimama', 'pak', 'kerenkan', 'strategi', 'ganti', 'pelatih', 'di', 'waktu', 'krusial']",Negatif
"['berharap', 'lihat', 'indonesia', 'main', 'total', 'football', 'taunya', 'total', 'ngetroll']",Negatif
"['semua', 'bidang', 'benar', 'benar', 'makin', 'gelap']",Negatif
"['bawa', 'kopermu', 'pulang', 'ke', 'negara', 'mu']",Negatif
"['nathan', 'paksa', 'main', 'tengah', 'coach', 'kan', 'jarang', 'main', 'club', 'ada', 'ivan', 'jner', 'kan']",Negatif
"['bulan', 'yang', 'membagongkan', 'habis', 'dibantai', 'tikus', 'eh', 'dibantai', 'kanguru', 'mampus', 'benar', 'ini', 'garuda']",Negatif
"['kata', 'lucu', 'imbang', 'lawan', 'aussie', 'mamam', 'tuh', 'pelatih', 'belandabelandaan']",Negatif
"['makan', 'tuh', 'komunikasi']",Negatif
"['pecat', 'semua', 'tim', 'pelatih', 'dan', 'semua', 'anggota', 'pssi', 'mundur']",Negatif
"['indonesia', 'australiahebat', 'benar', 'pelatih', 'baru', 'kitasalut', 'kebijakan', 'ganti', 'pelatih', 'memang', 'tokceracung', 'jempol', 'monggoteruskan', 'hasil', 'positif', 'ininetizen', 'mendukung', 'mu']",Negatif
"['secepat', 'itu', 'kah', 'tapi', 'ya', 'memang', 'jadi', 'pertanyaan', 'besar', 'dari', 'mulai', 'lineup', 'skema', 'counter', 'strategy', 'semua', 'seolah', 'asal', 'asalan', 'tidak', 'dipikirkan', 'secara', 'matang', 'lawan', 'tim', 'levelnya', 'diatas', 'kita', 'tapi', 'main', 'terlalu', 'terbuka', 'sementara', 'gelandang', 'bertahan', 'saja', 'tidak', 'jelas', 'permainannya']",Negatif
"['kluivert', 'asu', 'kamu', 'tidak', 'paham', 'sepakbola', 'asia', 'lawan', 'australia', 'high', 'press', 'cari', 'mati', 'sialan', 'yang', 'ganti', 'pelatih', 'ditengah', 'kompetisi', 'begini', 'fak']",Negatif
"['jajaran', 'pssi', 'pada', 'malu', 'tidak', 'ya', 'sudah', 'di', 'bikin', 'imbang', 'pas', 'lawan', 'australia', 'di', 'kandang', 'eh', 'sekarang', 'di', 'bikin', 'keok']",Negatif
"['baru', 'satu', 'game', 'kluivert', 'tidak', 'bisa', 'langsung', 'dihujat', 'sih', 'australia', 'main', 'cerdas', 'kayak', 'china', 'waktu', 'lawan', 'kita', 'kalau', 'besok', 'kalah', 'gol', 'dari', 'bahrain', 'baru', 'dipersilahkan', 'tapi', 'semoga', 'saja', 'kita', 'bangkit']",Negatif
"['kembalikan', 'pelatih', 'lama', 'sty', 'dia', 'yang', 'membangun', 'harus', 'dia', 'yang', 'mengakhiri']",Negatif
"['sudah', 'lah', 'mau', 'marah', 'kayak', 'gmnpun', 'tetap', 'saja', 'tidak', 'bisa', 'berubah', 'tapi', 'tetap', 'sih']",Negatif
"['ide', 'yang', 'gamasuk', 'diakal', 'ganti', 'sty', 'dengan', 'pelatih', 'football', 'manager']",Negatif
"['ini', 'tim', 'pelatih', 'terbaik', 'kata', 'bapakbapak', 'penyuka', 'es', 'krim']",Negatif
"['lebih', 'enak', 'baru', 'fmd', 'dipecat', 'sebuah', 'plot', 'twist']",Negatif
"['patrick', 'kluivert', 'itu', 'kan', 'punya', 'tim', 'analis', 'ya', 'masa', 'iya', 'dia', 'tidak', 'tau', 'cara', 'mainnya', 'australia', 'malah', 'percaya diri', 'pakai', 'taktik', 'offensive', 'dan', 'high', 'defence', 'alhasil', 'kena', 'counter', 'attack', 'malah', 'langsung', 'auto', 'goal', 'goblok', 'tanggung', 'jawab', 'kamu']",Negatif
"['dia', 'tidak', 'ada', 'teriak', 'emosi', 'padahal', 'sudah', 'gol', 'se', 'tenang', 'itukah', 'atau', 'asudahlah']",Negatif
['anjing'],Negatif
"['indonesia', 'di', 'bantai', 'australia']",Negatif
"['erick', 'tohir', 'kagak', 'becus', 'dari', 'dulu', 'dia', 'kagak', 'punya', 'skill', 'kecuali', 'duit', 'tapi', 'dia', 'mah', 'cengengesan', 'saja', 'coy', 'kalau', 'mundur', 'bakal', 'hancur', 'bisnisnye', 'hirrrtohir', 'jancok']",Negatif
"['sabar', 'sabar', 'kita', 'akan', 'kritik', 'ini', 'baru', 'match', 'pertama', 'pertandingan', 'pertama', 'saja', 'kena', 'bantai', 'kalau', 'sampai', 'lawan', 'bahrain', 'kalah', 'fix', 'tidak', 'ada', 'yang', 'namanya', 'proses', 'lagi', 'toh', 'ketua', 'umum', 'dan', 'bapak', 'maunya', 'instan', 'semua', 'tidak', 'butuh', 'proses']",Negatif
"['tukang', 'judi', 'menang', 'banyak', 'nih']",Negatif
"['gagal', 'dapat', 'bonus', 'buat', 'judi', 'wkwkwkwkwkkwwkkwkwkwwkwk']",Negatif
"['alah', 'bacot', 'kamu', 'pemain', 'sudah', 'hampir', 'naturalisasi', 'semua', 'tapi', 'masih', 'kalah']",Negatif
"['korupsi', 'merajalela', 'bumn', 'sapi', 'perah', 'koruptor', 'aparat', 'baku', 'tembak', 'sesama', 'aparat', 'sepakbola', 'dipermalukan', 'di', 'dunia', 'internasional', 'pejabat', 'sibuk', 'memperkaya', 'diri', 'dan', 'golongan', 'benar', 'otw', 'negara', 'gagal', 'shin', 'tae', 'yong', 'towel']",Negatif
"['omon', 'doang', 'serta', 'mundur', 'tidak', 'usah', 'serakah', 'sudah', 'tidak', 'becus', 'cus', 'cus']",Negatif
"['hayo', 'buat', 'pssi', 'tandinan', 'dongsekalian', 'hancurkan', 'sepakbola', 'indonesia']",Negatif
"['sosoan', 'mau', 'main', 'menyerang', 'mau', 'main', 'terbuka', 'bongkar', 'pertahanan', 'lawan', 'saja', 'bingung', 'diserang', 'lawan', 'saja', 'kocar', 'kacir']",Negatif
"['kebelet', 'ingin', 'berkuasa', 'ternyata', 'tujuannya', 'untuk', 'ini', 'ya', 'astaghfirullahaladzim', 'garuda', 'arya', 'goblok', 'tolol', 'mamam', 'bahrain', 'shin', 'tae', 'yong', 'sananta']",Negatif
"['hahahah', 'percaya', 'proses', 'atau']",Negatif
"['pssi', 'kocak', 'pemerintah', 'kocak', 'memang', 'cuma', 'gue', 'yang', 'benar']",Negatif
"['pura', 'sedih', 'padahal', 'menang', 'banyak', 'wkwkwkkw']",Negatif
"['pemecatan', 'sty', 'harus', 'di', 'bayar', 'mahal', 'malam', 'ini']",Negatif
"['tuhkann', 'yang', 'disalahin', 'malah', 'pemainnya', 'strategi', 'kamu', 'yang', 'kocak']",Negatif
"['malu', 'cok', 'sama', 'sty']",Negatif
"['indonesia', 'dihajar', 'oleh', 'australia', 'tagar', 'dan', 'meme', 'shin', 'tae', 'yong', 'bertebaran']",Negatif
"['et', 'pakai', 'pssi', 'anjing', 'pecat', 'ketum', 'ganti', 'pelatih', 'bawa', 'balik', 'sty']",Negatif
"['pelatih', 'goblok']",Negatif
"['saya', 'tak', 'menonton', 'karena', 'sejak', 'awal', 'saya', 'yakin', 'indonesia', 'kalah', 'erick', 'thohir', 'memang', 'nir', 'prestasi', 'saat', 'jadi', 'ceo', 'inter', 'inter', 'tak', 'pernah', 'lagi', 'jadi', 'juara', 'liga', 'italia', 'tolol', 'amp', 'memalukan', 'tak', 'heran', 'hari', 'ini', 'timnas', 'ind', 'kok', 'sty', 'is', 'the', 'best']",Negatif
"['dulu', 'kami', 'pendukung', 'sty', 'dikeroyok', 'buzzer', 'dikatai', 'ternak', 'sty', 'sekarang', 'mamam', 'tuh', 'pelatih', 'judol', 'ngeri', 'banget', 'diketawain', 'bahrain']",Negatif
"['kami', 'tidak', 'butuh', 'proses']",Negatif
"['sudah', 'pernah', 'dapat', 'hasil', 'bagus', 'kah', 'kamu', 'saat', 'menahkodai', 'timnas', 'lain', 'sebelum', 'masuk', 'boleh', 'indonesia', 'kalau', 'belum', 'berarti', 'kamu', 'saja', 'yang', 'bapuk', 'nglatihnya']",Negatif
"['patrick', 'out', 'ganti', 'sama', 'sponge', 'bob', 'saja', 'karena', 'sty', 'sudah', 'tidak', 'mungkin', 'mau', 'balik']",Negatif
"['pelatih', 'ini', 'orang', 'tidak', 'punya', 'hoki', 'di', 'timnas', 'timnas', 'hanya', 'bisa', 'naik', 'kelas', 'bila', 'dilatih', 'pelatih', 'yang', 'punya', 'hoki', 'dan', 'didukung', 'oleh', 'orang', 'yang', 'ada', 'di', 'pssi', 'dalam', 'hal', 'ini', 'ketua', 'pssi']",Negatif
"['kalian', 'manusia', 'manusia', 'terkutuk', 'yang', 'sudah', 'menghancurkan', 'timnas', 'kami']",Negatif
"['menunggu', 'berbulanbulan', 'cuman', 'jadi', 'bulanbulanan', 'asyuuu']",Negatif
"['tidak usah', 'kelamaan', 'era', 'ya', 'sty', 'di', 'kualifikasi', 'piala', 'dunia', 'tidak', 'pernah', 'tuh', 'kebobolan', 'gol', 'dalam', 'waktu', 'menit']",Negatif
"['sudah', 'naturalisasi', 'sebanyak', 'itu', 'tapi', 'indon', 'masih', 'kalah']",Negatif
"['dibantai', 'ges']",Negatif
"['langsung', 'ganti', 'tuh', 'pelatih', 'bossoookk']",Negatif
"['kluivert', 'out', 'erick', 'thohir', 'harus', 'tanggung', 'jawab']",Negatif
"['sedangkan', 'sih', 'diam', 'doang', 'kuliatliat', 'cuma', 'berdiri', 'doang', 'tapi', 'seringnya', 'duduk', 'tidak', 'berusaha', 'interaksi', 'sama', 'wasit', 'garis', 'juga']",Negatif
"['gua', 'menunggu', 'apa', 'alasan', 'sih', 'et', 'et', 'dan', 'para', 'jajaran', 'pssi']",Negatif
"['kalau', 'kurang', 'kedengaran', 'besok', 'di', 'gbk', 'lebih', 'kencang', 'lagi']",Negatif
"['kamu', 'harus', 'sujud', 'meminta', 'maaf', 'sama', 'sty', 'minimal', 'punya', 'rasa', 'bersalah', 'dan', 'menyesal', 'makanya', 'jangan', 'goblok', 'jadi', 'orang']",Negatif
"['badut', 'sudah', 'sih', 'kluivert', 'pokoknya', 'tidak', 'mau', 'tau', 'kembaliin', 'sty', 'sekarang', 'juga']",Negatif
"['percaya', 'proses', 'tapi', 'tidak', 'sehancur', 'ini', 'juga', 'dan', 'indak', 'strategi', 'tarkam', 'begini', 'sesuai', 'omongan', 'diawal', 'tidak', 'perlu', 'lolos', 'pildun', 'walaupun', 'harapan', 'kemarin', 'masih', 'ada', 'indak', 'usah', 'lihat', 'yang', 'main', 'liga', 'asing', 'mending', 'bri', 'liga', 'nih', 'tonton', 'coach']",Negatif
"['shin', 'tae', 'yong', 'mungkin', 'banyak', 'kurangnya', 'tapi', 'kluivert', 'jauh', 'lebih', 'banyak', 'kekurangannya']",Negatif
"['memang', 'ajg', 'ketum', 'pssi']",Negatif
"['out', 'saja', 'anjing', 'pelatih', 'tidak', 'jelas']",Negatif
"['hari', 'hari', 'di', 'prank', 'sama', 'negara', 'ini']",Negatif
"['minimal', 'begini', 'ya', 'petrik']",Negatif
"['pemain', 'tidak', 'salah', 'yang', 'salah', 'sama']",Negatif
"['indonesia', 'kembali', 'ke', 'settingan', 'awak', 'seperti', 'permainan', 'tarkam']",Negatif
"['kluivert', 'mengubur', 'mimpi', 'indonesia']",Negatif
['payah'],Negatif
"['makan', 'tuh', 'hasil', 'mecat', 'pelatih', 'pas', 'kompetisi', 'masih', 'jalan']",Negatif
"['petrik', 'tolol']",Negatif
"['tenang', 'guys', 'kita', 'tetap', 'menang', 'kok', 'lawan', 'australia', 'menang', 'statistik', 'tapinya']",Negatif
"['kubu', 'yang', 'benci', 'sty', 'dengan', 'berbagai', 'asalan', 'yang', 'mendesak', 'et', 'untuk', 'pecat', 'sty', 'yang', 'bodohnya', 'di', 'turuti', 'et']",Negatif
"['malu', 'banget', 'bjill', 'makanya', 'we', 'malas', 'menonton', 'karena', 'sudah', 'tau', 'kalah', 'sudah', 'benar', 'diurus', 'sty', 'yang', 'mulai', 'membaik', 'sekarang', 'eh', 'datengin', 'pelatih', 'kang', 'judi']",Negatif
"['kalau', 'gua', 'jadi', 'ketum', 'pssi', 'malu', 'sih', 'pergantian', 'yang', 'sangat', 'goblok']",Negatif
"['mengakak', 'ajalah', 'aku', 'sokan', 'ganti', 'sty', 'makan', 'tuh', 'komunikasi', 'alasan', 'mati', 'bah', 'era', 'shin', 'tae', 'yong', 'tidak', 'ada', 'tuh', 'timnas', 'kebobolan', 'sebanyak', 'ini', 'baru', 'babak', 'saja', 'sudah', 'skalian', 'saja', 'deh']",Negatif
"['bagi', 'erick', 'thohir', 'kan', 'yang', 'penting', 'calon', 'pelatih', 'hadir', 'pas', 'interview', 'tanggal', 'desember', 'tidak', 'peduli', 'apa', 'itu', 'prestasi']",Negatif
"['kukira', 'cuman', 'patrick', 'star', 'doang', 'yang', 'lucu', 'ternyata', 'masih', 'ada', 'yang', 'lebih', 'lucu', 'patrick', 'kluivert']",Negatif
"['ha', 'ha', 'ha', 'ha', 'keputusan', 'bodoh', 'dari', 'terbukti']",Negatif
"['next', 'laga', 'lawan', 'bahrain', 'laga', 'hidup', 'mati', 'kalau', 'kalah', 'saya', 'rasa', 'mengundurkan', 'diri', 'lebih', 'mulia']",Negatif
"['hajar', 'abang', 'salahkan', 'pssi']",Negatif
"['pssi', 'goblok', 'mengapai', 'pakai', 'acara', 'ganti', 'pelatih', 'sudah', 'negara', 'bobrok', 'bolanya', 'juga', 'tolol']",Negatif
"['mamamm', 'tuh', 'totalll', 'football', 'cantik', 'pelatih', 'terbaik']",Negatif
"['padahal', 'ini', 'aussie', 'pemain', 'inti', 'ya', 'banyak', 'yang', 'lagi', 'cedera', 'kluivert', 'erick', 'mabuk', 'kecubung']",Negatif
"['sudah', 'tidak', 'usah', 'pakai', 'kassih', 'kesempatan', 'langsung', 'saja', 'karena', 'sudah', 'tidak', 'butuh', 'proses']",Negatif
"['yang', 'namanya', 'patrick', 'di', 'multiverse', 'manapun', 'memang', 'goblok']",Negatif
"['tidak', 'usah', 'pakai', 'alasan', 'ini', 'itumalah', 'jadi', 'blunderkita', 'bicara', 'bukan', 'soal', 'teori', 'melulu', 'dan', 'merasa', 'yakin', 'atas', 'teori', 'konspirasi', 'para', 'gank', 'pssilihatlah', 'secara', 'praktek', 'kenyataan', 'kita', 'dibantai', 'jangan', 'cuci', 'tangan', 'wahai', 'para', 'penggeser', 'sty', 'sebagai', 'pelatih']",Negatif
"['hujat', 'saja', 'sih', 'erick', 'kontol']",Negatif
['bangkai'],Negatif
"['doi', 'prediksi', 'indonesia', 'bubar', 'nah', 'melihat', 'kondisi', 'sekarang', 'ini', 'bisa', 'lebih', 'cepat', 'bubar', 'erick', 'thohir', 'tolol', 'bubar', 'hilgers', 'mees', 'shin', 'tae', 'yong', 'ole', 'romeny', 'mamam', 'sananta']",Negatif
"['mamam', 'tuh', 'blnda']",Negatif
"['dia', 'tidak', 'mencintai', 'timnas', 'indonesia', 'dia', 'cuma', 'jobless']",Negatif
"['hahaha', 'kalah', 'lagi']",Negatif
"['kebobolan', 'sampai', 'tapi', 'dia', 'masih', 'bisa', 'duduk', 'saja', 'sambil', 'perlihatkan', 'doang', 'kalau', 'sty', 'sudah', 'marah', 'pakai', 'shibal', 'saekkiya', 'tuh', 'sambil', 'mondarmandir']",Negatif
"['hasil', 'ini', 'salah', 'erick', 'tohir', 'beserta', 'jajaran', 'pssi', 'yang', 'memecat', 'sty', 'perjudian', 'kalian', 'gagal', 'sudah', 'mah', 'tetap', 'bayar', 'kompensasi', 'puluhan', 'miliar', 'ke', 'sty', 'di', 'tambah', 'timnas', 'yang', 'mulai', 'lagi', 'dari', 'kalau', 'mau', 'depak', 'sty', 'nanti', 'habis', 'kualifikasi', 'pildun', 'lah', 'tanggung', 'kaca']",Negatif
"['bisa', 'bisanya', 'lawan', 'australi', 'yang', 'langganan', 'pildun', 'pada', 'banget', 'main', 'terbuka', 'dan', 'menyerang', 'setidaknya', 'sadar', 'diri', 'realistis', 'saja', 'mencari', 'seri']",Negatif
"['andaikan', 'anda', 'melek', 'lebih', 'lebar', 'dan', 'tidak', 'mendengarkan', 'excomu', 'yang', 'julid', 'itu']",Negatif
"['keluar', 'sat']",Negatif
"['timnas', 'kayak', 'kontol']",Negatif
"['paes', 'tidak pernah', 'sekosong', 'itu', 'di', 'belakanggg', 'strategi', 'keek', 'apa', 'gua', 'mengerti', 'dahhh']",Negatif
"['jelas', 'harus', 'out']",Negatif
"['kontoll', 'total', 'futbol', 'kontol']",Negatif
"['sudah', 'benar', 'timnas', 'dilatih', 'oleh', 'sty', 'bisa', 'menaikkan', 'peringkat', 'timnas', 'pada', 'kwalifikasi', 'pildun', 'hasilnya', 'juga', 'bagus', 'berhasil', 'kalahkan', 'saudi', 'malah', 'diganti', 'patrick', 'kluivert', 'sekarang', 'jutaan', 'fan', 'bola', 'menyesak', 'semua', 'lihat', 'hasil', 'laga', 'lawan', 'ausi', 'asu']",Negatif
"['tau', 'kan', 'alasan', 'sty', 'main', 'bertahan', 'di', 'gbk', 'tolol', 'kamu', 'kluivert', 'beserta', 'orang', 'yang', 'memilih', 'dia']",Negatif
"['percayalah', 'setelah', 'ini', 'bukan', 'patrick', 'yang', 'out', 'tapi', 'et', 'yang', 'akan', 'mengundurkan', 'diri', 'dari', 'jabatannya', 'sebagai', 'ketum', 'pssi', 'bukan', 'cuma', 'tapi', 'bubarkan', 'yang', 'namanya', 'exco', 'pssi', 'cukup', 'ketum', 'saja']",Negatif
"['keluarrr', 'lo']",Negatif
"['mirisss', 'perjalanan', 'timnas', 'kita']",Negatif
"['teori', 'liar', 'kluivert', 'kan', 'penjudi', 'hamdal', 'jadi', 'dia', 'sengaja', 'bikin', 'timnas', 'kocar', 'kacie', 'biar', 'hastag', 'mengalahkan', 'hastag']",Negatif
"['asli', 'selama', 'match', 'kluivert', 'cuma', 'berdiri', 'ngang', 'ngong', 'doang', 'senyum', 'kagak', 'jelasss', 'biar', 'dikata', 'kerja', 'kali']",Negatif
"['out', 'ajalah', 'anjingg']",Negatif
"['kalau', 'gue', 'mah', 'gue', 'mentertawakan', 'gue', 'tolol', 'tololin', 'tuh', 'ketua', 'pssi', 'yang', 'memilih', 'penjudi', 'jadi', 'pelatih']",Negatif
"['selamat', 'erick', 'thohir', 'anda', 'telah', 'berhasil', 'mengembalikan', 'timnas', 'ke', 'settingan', 'pabrik', 'dengan', 'sempurna']",Negatif
"['tapi', 'kluivert', 'kan', 'legenda', 'barca']",Negatif
['memalukan'],Negatif
"['secara', 'stats', 'tidak', 'jelek', 'banget', 'sih', 'tapi', 'overall', 'taktik', 'pelatih', 'baru', 'benar', 'hancur']",Negatif
"['mana', 'nih', 'para', 'penyepong', 'erick', 'thohir', 'duitnya', 'belum', 'cari', 'ya']",Negatif
"['semoga', 'nanti', 'lawan', 'bahrain', 'kalah', 'lagibiar', 'puas', 'itu']",Negatif
"['sudah', 'tidak', 'mau', 'berharap', 'banyak', 'untuk', 'timnas', 'indonesia', 'di', 'kualifikasi', 'piala', 'dunia']",Negatif
"['tegar', 'menggema', 'usai', 'timnas', 'bermain', 'tak', 'jelas', 'dipermalukan', 'australia', 'gaya', 'melatih', 'era', 'sty', 'selalu', 'mencakmencak', 'teriak', 'teriak', 'ingatkan', 'para', 'pemain', 'dipinggir', 'lapangan', 'berbeda', 'dengan', 'patrick', 'kluivert', 'yang', 'kalem', 'dan', 'stay', 'cool', 'bahkan', 'masuh', 'bisa', 'duduk']",Negatif
"['kemarin', 'bilang', 'maunya', 'hasil', 'sekarang', 'meminta', 'pelatih', 'baru', 'adaptasi', 'sekarang', 'sudah', 'ganti', 'pelatih', 'baru', 'stop', 'proses', 'kami', 'meminta', 'hasil', 'buat', 'apa', 'ganti', 'pelatih', 'kalau', 'cuma', 'buat', 'kalah']",Negatif
"['imbang', 'lawan', 'bahrain', 'cina', 'kalah', 'lawan', 'jepang', 'gagal', 'ke', 'prediksi', 'pahit', 'mending', 'panggil', 'sty', 'mumpung', 'kontrak', 'masih', 'berlaku', 'sty', 'juga', 'belum', 'tandatangan', 'surat', 'pemecatan']",Negatif
"['kata', 'proses', 'dan', 'adaptasi', 'ditolak']",Negatif
"['memalukan', 'dirimu', 'dan', 'pemain']",Negatif
"['pelatih', 'goblog']",Negatif
"['tidak', 'menerima', 'percaya', 'prosespercaya', 'proses', 'lagi', 'sudah', 'round', 'main', 'tolol', 'begini']",Negatif
"['tim', 'sudah', 'bagus', 'dibikin', 'amburadul']",Negatif
"['hujan', 'erik', 'saja', 'cooo']",Negatif
"['petaka', 'timnas', 'indonesia', 'dimulai', 'dari', 'sini']",Negatif
"['mau', 'diberi', 'waktu', 'pun', 'lebih', 'mungkin', 'bikin', 'tambah', 'malu']",Negatif
"['kluivert', 'sangat', 'memalukan', 'pelatih', 'lama', 'imbang', 'lawan', 'australia', 'kok', 'bisa', 'bisanya', 'kebantai', 'sama', 'uastralia', 'memang', 'kocak']",Negatif
"['kecil', 'dibahagiain', 'patrik', 'dewasa', 'disakiti', 'patrik']",Negatif
"['tiap', 'menit', 'kok', 'kebobolan']",Negatif
"['firasat', 'kalah', 'sudah', 'ada', 'tapi', 'kok', 'kebangetan', 'ya', 'samlek']",Negatif
"['lawan', 'bahrain', 'china', 'dan', 'jepang', 'strategi', 'kayak', 'lawan', 'australia', 'hari', 'ini', 'otomatis', 'gagal', 'sih', 'tapi', 'memang', 'pemecatan', 'sty', 'untuk', 'menggagalkan', 'timnas', 'ke', 'wwc']",Negatif
"['sudah', 'di', 'kasih', 'bus', 'lampu', 'mati', 'sebelah', 'jumlah', 'kursi', 'kurang', 'eh', 'malah', 'ditambah', 'kena', 'bobol', 'total', 'football', 'total', 'bobol']",Negatif
"['belanda', 'belanda', 'tahi', 'pukimak', 'lolos', 'apaan', 'cuma', 'satu', 'kata']",Negatif
"['tahun', 'membangun', 'amp', 'dihancurkan', 'dalam', 'kurun', 'waktu', 'menit']",Negatif
"['mending', 'sty', 'dari', 'mana', 'mana']",Negatif
"['gedek', 'banget', 'lihat', 'muka', 'ya']",Negatif
"['babak', 'pertama', 'waktu', 'aussi', 'dapat', 'pakai', 'ini', 'sih', 'patrick', 'malah', 'cengar', 'cengir', 'tolong', 'selidiki', 'rasa', 'cintamu', 'ke', 'timnas', 'jangan', 'sampai', 'bikin', 'kalian', 'lupa', 'kalau', 'patrick', 'kluivert', 'seorang', 'penjudi', 'tolong', 'selediki', 'please']",Negatif
"['kita', 'tidak', 'menerima', 'alasan', 'butuh', 'proses', 'butuh', 'penyesuaian', 'butuh', 'chemistry', 'antara', 'pelatih', 'dan', 'pemain', 'dari', 'awal', 'ganti', 'pelatih', 'sudah', 'di', 'tuntut', 'wajib', 'menang', 'karena', 'memang', 'tim', 'sudah', 'terbentuk', 'harusnya', 'tidak', 'ada', 'alasan', 'apapun']",Negatif
"['anda', 'goblok', 'melepas', 'sty', 'malah', 'ganti', 'pelatih', 'yang', 'tidak', 'guna']",Negatif
"['kelihatan', 'dodolnya', 'kan', 'mamam', 'itu']",Negatif
"['hebat', 'kan', 'saya', 'bisa', 'kalahkan', 'aussie', 'dengan', 'taktik', 'total', 'football']",Negatif
"['yuk', 'bapak', 'di', 'tunggu', 'klarifikasi', 'ya', 'mau', 'alasan', 'apa', 'masih', 'adaptasi', 'bukan', 'target', 'belum', 'pernah', 'ujicoba', 'sama', 'pelatih', 'yang', 'ini', 'atau', 'apa', 'bapak', 'bapak', 'pemain', 'tidak', 'ada', 'yang', 'berubah', 'loh', 'bahkan', 'lawan', 'yang', 'minus', 'pemain']",Negatif
"['bapuk', 'memang']",Negatif
"['tidak ada', 'progras', 'progres', 'pokoknya', 'out']",Negatif
"['kalau', 'cuma', 'passing', 'doang', 'coach', 'indra', 'juga', 'bisa']",Negatif
"['ku', 'kira', 'sudah', 'lucu', 'kali', 'rupanya', 'lebih', 'lucu', 'kontol']",Negatif
"['mana', 'kemarin', 'yang', 'teriak', 'teriak', 'sty', 'out', 'nah', 'bagaimana', 'sekarang', 'makan', 'ntuh']",Negatif
"['skuad', 'sudah', 'hampir', 'full', 'belanda', 'tapi', 'main', 'masih', 'kayak', 'tahi']",Negatif
"['katanya', 'percaya', 'hasil', 'ya', 'kan', 'seburuk', 'ini', 'masih', 'percaya', 'sama', 'yang', 'datang', 'garagara', 'pas', 'natal', 'mau', 'interview']",Negatif
"['untuk', 'towel', 'amp', 'para', 'penyepongnya', 'sssttt', 'masih', 'mau', 'dibuai', 'ilusi', 'ilusi', 'dari', 'omongan', 'orang', 'yang', 'ngakunya', 'pundit', 'amp', 'coach', 'pemain', 'judol', 'makan', 'tuh', 'total', 'football']",Negatif
"['yang', 'perlu', 'di', 'hujat', 'ya', 'ketua', 'umum', 'pssi', 'terbaik', 'sepanjang', 'masa']",Negatif
"['salahkan', 'dua', 'duanya', 'sih', 'gua']",Negatif
"['kacauuu', 'ommm']",Negatif
"['info', 'kumpulan', 'kata', 'kata', 'kotor', 'bahasa', 'belanda', 'buat', 'ngumpat', 'ke', 'patrick', 'tolol', 'itu']",Negatif
"['taktik', 'tidak', 'realistis', 'dari', 'kluivert', 'negara', 'dengan', 'rank', 'lawan', 'australia', 'yang', 'langganan', 'pildun', 'taktiknya', 'main', 'pressing', 'tinggi', 'kocak']",Negatif
"['ini', 'bisa', 'langsung', 'ganti', 'pelatih', 'tidak', 'sih', 'muak', 'banget', 'lihat', 'sih', 'kluivert']",Negatif
"['tidak', 'usah', 'banyak', 'bacot', 'langsung', 'saja']",Negatif
"['tidak', 'bumn', 'tidak', 'timnas', 'di', 'acakacak', 'maunya', 'apa', 'sih']",Negatif
"['kembalikan', 'sty', 'kami', 'wahai', 'pssi']",Negatif
"['mau', 'alasan', 'apalagi', 'bosspercaya', 'proses']",Negatif
"['sadaar', 'yang', 'bikin', 'permainan', 'kita', 'keren', 'dan', 'langkah', 'melambung', 'sejaauh', 'ini', 'karena', 'shin', 'tae', 'yong', 'sadaar']",Negatif
"['dia', 'ngelatih', 'pakai', 'hati', 'lho', 'kamu', 'ceroboh', 'banget', 'timnas', 'gua', 'jadi', 'kacau', 'strategi', 'konyol']",Negatif
"['tim', 'sudah', 'kebentuk', 'terus', 'tiba', 'tiba', 'ganti', 'pelatih', 'bagaimana', 'coba', 'pola', 'pikirnya', 'eric']",Negatif
"['ini', 'main', 'bola', 'apa', 'main', 'futsal']",Negatif
"['pedahal', 'squad', 'timnas', 'tuh', 'lebih', 'mahal', 'lho', 'dari', 'tim', 'australia']",Negatif
"['sekarang', 'kendala', 'apaan', 'lagi', 'apa', 'pemain', 'kita', 'ternyata', 'lebih', 'bisa', 'bahasa', 'korea', 'daripada', 'bahasa', 'belanda']",Negatif
"['tidak', 'pernah', 'seterbantai', 'ini', 'kocak', 'taktik', 'kamu', 'petrik', 'yang', 'benar', 'jadi', 'federasi', 'kenapa']",Negatif
"['ft', 'berarti', 'memang', 'tidak', 'becus', 'saja']",Negatif
"['kita', 'menang', 'di', 'penguasaan', 'bola', 'tetapi', 'kenapa', 'lawan', 'lebih', 'unggul', 'dalam', 'hal', 'penetrasi', 'sampai', 'goal', 'coba', 'berpikir', 'if', 'indak', 'like', 'this', 'again', 'maybe', 'you', 'need', 'memakai', 'and', 'memakai']",Negatif
"['kalau', 'tidak', 'dipecat', 'memang', 'anjing', 'sih']",Negatif
"['malu', 'ih', 'dibantai', 'aussie']",Negatif
"['kenapa', 'rizki', 'ridho', 'tidak', 'dimainkan', 'inilah', 'alasan', 'paling', 'relevan', 'kekalahan', 'timnas', 'kalah', 'dari', 'australia', 'selesaaai', 'bahrain', 'vs', 'indonesia', 'timnasday', 'tolol', 'bubar', 'towel', 'erick', 'tohir', 'shin', 'tae', 'young', 'kevin', 'diks', 'bantaiii', 'next', 'macth', 'china', 'amp', 'jepang', 'gasss']",Negatif
"['komunikasi', 'lancar', 'pakai', 'bahasa', 'belanda', 'pelatih', 'dan', 'asisten', 'orang', 'belanda', 'juga', 'yang', 'mengerti', 'typical', 'permainan', 'belanda', 'masih', 'kalah', 'anjjnglah', 'bung', 'towel']",Negatif
"['timnas', 'indonesia', 'laki', 'laki', 'tidak', 'bercerita', 'kalah', 'patrick']",Negatif
"['tidak', 'ada', 'lagi', 'berproses', 'instant']",Negatif
"['lagian', 'memilih', 'pelatih', 'temannya', 'spongebob', 'diketawain', 'kan', 'sama', 'tom', 'haye']",Negatif
"['masih', 'bagusan', 'sty', 'kemana']",Negatif
"['bersama', 'patrick', 'kembali', 'ke', 'setelan', 'pabrik']",Negatif
"['pulangin', 'saja']",Negatif
"['ditunggu', 'rik', 'surat', 'pengunduran', 'dirinya', 'pakai', 'juga', 'tuh']",Negatif
"['total', 'kalah']",Negatif
"['cupu', 'banget', 'anjinggg']",Negatif
"['kalah', 'telak', 'dari', 'australia', 'hastag', 'kluivertout', 'langsung', 'menggema']",Negatif
"['bisa', 'bisanyan', 'kebobolan', 'gol', 'baru', 'menit', 'bermain', 'era', 'sty', 'tidak', 'pernah', 'deh', 'kayaknya']",Negatif
"['bontai', 'bantai', 'keren', 'banget', 'sih', 'patrick']",Negatif
"['out', 'kamu', 'kembalikan', 'sty']",Negatif
"['pemilihan', 'starting', 'zonk', 'ridho', 'harusnya', 'starting', 'nathan', 'amp', 'struick', 'parkir', 'dulu', 'kluivert', 'out', 'sty', 'ini']",Negatif
"['ini', 'total', 'football', 'yang', 'dibanggabanggakan']",Negatif
"['serius', 'tanya', 'prestasi', 'kluivert', 'sebagai', 'pelatih', 'apa', 'sih']",Negatif
"['ini', 'buka', 'era', 'mu']",Negatif
"['ya', 'mungkin', 'dia', 'tidak', 'tau', 'apa', 'yang', 'harus', 'dilakukan']",Negatif
"['langsung', 'saja', 'staff', 'sudah', 'bagus', 'pemain', 'lebih', 'bagus', 'strateginya', 'ampas', 'cik']",Negatif
"['mending', 'suruh', 'main', 'qq', 'saja', 'tidak', 'sih', 'daripada', 'jadi', 'pelatih']",Negatif
"['sudah', 'negara', 'ya', 'gelap', 'pemerintahan', 'ya', 'gelap', 'ditambah', 'timnas', 'ya', 'juga', 'gelap', 'lengkap', 'sudah', 'penderitaan']",Negatif
"['hari', 'ini', 'indonesia', 'kacaw']",Negatif
"['aahhh', 'ajgg', 'lah']",Negatif
"['sudah', 'bisa', 'di', 'tebak', 'mana', 'yang', 'benar', 'indonesia', 'banget', 'eh', 'malah', 'di', 'kasih', 'yang', 'belum', 'indonesia']",Negatif
"['jangan', 'cuma', 'offensive', 'tapi', 'deffensive', 'juga', 'penting', 'indonesia', 'belum', 'siap', 'offensive', 'total', 'exco', 'dibwh', 'ini', 'cuma', 'orangtua', 'sok tau', 'terlalu', 'idiot', 'dalam', 'sepak', 'bola', 'dan', 'jelas', 'mementingkan', 'kepentingan', 'pribadi', 'pecat', 'pelatih', 'perform', 'bagus', 'karena', 'kalah', 'aff', 'yang', 'no', 'full', 'squad']",Negatif
"['ganti', 'pelatih', 'itu', 'instan', 'instan', 'itu', 'diharuskan', 'menang', 'bukan', 'kebantai', 'sudah', 'bagus', 'sty', 'yang', 'pakai', 'proses', 'kemarin', 'malah', 'dibuang', 'permainan', 'paling', 'buruk', 'di', 'kualifikasi', 'piala', 'dunia', 'ronde', 'ketiga', 'buat', 'indonesia', 'tercinta', 'bungul', 'kamu', 'tahi']",Negatif
"['kekalahan', 'yang', 'dibuat', 'jujur', 'permainan', 'indonesia', 'cukup', 'kacau', 'banget', 'malam', 'ini', 'kalian', 'tuh', 'bikin', 'line', 'up', 'benar', 'di', 'perhitungkan', 'dengan', 'matang', 'tidak', 'sih', 'mengapai', 'coba', 'sih', 'nathan', 'dimasuki', 'kenapa', 'tidak', 'ivar', 'saja', 'anjir', 'terus', 'juga', 'mengapai', 'ridho', 'tidak', 'dipasang', 'sama', 'jay']",Negatif
"['makan', 'tuh', 'belanda', 'ba', 'judol', 'malah', 'jadi', 'pelatih']",Negatif
"['bersama', 'out', 'dan', 'exco', 'mundur']",Negatif
"['kang', 'judi', 'disuru', 'jadi', 'pelatih', 'kontol', 'memang']",Negatif
"['timnas', 'kontol']",Negatif
"['leg', 'ausi', 'full', 'tim', 'hasil', 'dengan', 'hari', 'ini', 'ausi', 'min', 'pemain', 'hasil', 'dengan', 'sih', 'paling', 'total', 'football', 'ini', 'kah', 'yang', 'di', 'maksud', 'biar', 'pemain', 'dan', 'pelatih', 'bisa', 'komunikasi', 'dengan', 'baik', 'halo', 'ini', 'kah', 'yang', 'kalian', 'mau']",Negatif
"['mentertawakan', 'dulu', 'tidak', 'sih']",Negatif
"['kontol', 'kamu', 'pssi']",Negatif
"['bayangkan', 'secara', 'statistik', 'kita', 'unggul', 'jauh', 'tapi', 'kenapa', 'bisa', 'kebantai']",Negatif
"['total', 'football', 'kalah', 'total']",Negatif
"['mengira', 'upgrade', 'taunya', 'downgrade']",Negatif
"['langsung', 'saja', 'jajaran', 'pelatih', 'baru', 'keluar', 'anjing', 'kluivertout']",Negatif
"['analisa', 'pola', 'permainan', 'yang', 'staknan', 'al', 'hasil', 'kalah', 'telak']",Negatif
"['fak', 'tidak ada', 'proses', 'proses', 'ya', 'anjing']",Negatif
"['goblok', 'kalah', 'memalukan']",Negatif
"['mending', 'suruh', 'main', 'qq', 'saja', 'tidak', 'sih', 'kang', 'judi', 'disuruh', 'jadi', 'pelatih', 'ya', 'begini', 'kebantai', 'habis', 'masih', 'mending', 'pelatih', 'penjas', 'jadi', 'pelatih', 'bola']",Negatif
"['mau', 'berharap', 'apa', 'dari', 'pelatih', 'pengangguran', 'yang', 'di', 'interview', 'pas', 'hari', 'raya', 'besar', 'ini', 'pilihan', 'sih', 'erik', 'yang', 'lebih', 'bagus', 'dari', 'sty', 'ambil', 'lagi', 'pemain', 'belanda', 'yang', 'mahal', 'buat', 'naikin', 'market', 'value', 'tinggi', 'kalau', 'bisa', 'bek', 'semua', 'cuuiih']",Negatif
"['setelah', 'kalah', 'pun', 'tidak ada', 'taktik', 'atau', 'plan', 'yang', 'berubah', 'hanya', 'pergantian', 'template', 'saja', 'bisabisanya', 'diganti', 'oleh', 'pelatih', 'dengan', 'kemiskinan', 'taktik', 'melebihi', 'pelatihpelatih', 'tarkam', 'agen', 'agung', 'was', 'better', 'tahan', 'patrick', 'kluivert']",Negatif
"['wekekekekek', 'ada', 'yang', 'semedi', 'dipojokan', 'nih', 'sekor', 'akhir', 'australia', 'vs', 'indonesia']",Negatif
"['gua', 'muaaak', 'banget', 'sama', 'sepak', 'bola', 'indonesia', 'anjinggg', 'malu', 'banget', 'sty', 'menonton bareng', 'timnas', 'bukannya', 'oke', 'malah', 'bobrok', 'anjingg', 'monyettt']",Negatif
"['masih', 'adaptasi', 'percaya', 'proseesss', 'saaattt']",Negatif
"['tidak jelas', 'timnas', 'anjir', 'main', 'liga', 'tarkam', 'komplek', 'saja']",Negatif
"['sesuai', 'perkiraan', 'timnas', 'kalah', 'dan', 'permainannya', 'memalukanpemain', 'lebih', 'komplet', 'dari', 'jaman', 'sty', 'asisten', 'pelatih', 'berjibun', 'harapan', 'paling', 'tidak', 'main', 'cantiklah', 'ini', 'malah', 'amburadul', 'kalau', 'begini', 'lawan', 'malaysia', 'saja', 'bisa', 'kalah', 'kitapiala', 'dunia', 'hanya', 'mimpi']",Negatif
"['sudah', 'sana', 'berburu', 'uburubur', 'saja', 'tidak usah', 'jadi', 'pelatih']",Negatif
"['bubarin', 'saja', 'anjir', 'suruh', 'itu', 'kami', 'tidak', 'terima', 'ada', 'alasan', 'berproses', 'mulu']",Negatif
"['petrik', 'petrik', 'balik', 'bawah', 'batu', 'saja', 'trik']",Negatif
"['ini', 'kalau', 'pelatihnya', 'di', 'tukar', 'tambah', 'bisa', 'tidak', 'sih', 'ya', 'allah', 'emosi', 'banget']",Negatif
"['gaj', 'usah', 'alasan', 'adaptasi', 'babi', 'babian', 'lah']",Negatif
"['sudah', 'benar', 'sty', 'yang', 'tampilasw']",Negatif
"['tukang', 'judi', 'di', 'jadikan', 'pelatih', 'timnas', 'indonesia', 'jadinya', 'ya', 'begini', 'deh', 'di', 'era', 'ya', 'sty', 'bisa', 'tuh', 'ngimbangin', 'australia', 'sedangkan', 'di', 'era', 'ya', 'sih', 'botak', 'ini', 'indonesia', 'kena', 'bantai', 'gol', 'sudah', 'mana', 'di', 'menit', 'an', 'sudah', 'langsung', 'ngantongin', 'gol', 'miris', 'lihatnya']",Negatif
"['demi', 'rasa', 'cintaa', 'uwe', 'terhdap', 'dunia', 'olahragaaa', 'lu', 'kudu', 'keluarrr']",Negatif
"['pelatih', 'hina', 'anjing', 'mending', 'sty']",Negatif
"['telah', 'sampailah', 'kita', 'pada', 'saat', 'yang', 'berbahagia']",Negatif
"['hebat', 'ya', 'tangan', 'kanan', 'mafia', 'dan', 'merubuhkan', 'pondasi', 'kuat', 'dan', 'di', 'ganti', 'oleh']",Negatif
"['materi', 'pemain', 'sudah', 'upgrade', 'tapi', 'main', 'ya', 'aaasudalah']",Negatif
"['bagaimana', 'nih', 'pak', 'erick', 'mainnya', 'hancur', 'banget', 'beda', 'jauh', 'sama', 'pelatih', 'lama']",Negatif
"['percaya', 'proses', 'berak', 'sekebon']",Negatif
"['cuman', 'gara', 'gara', 'pelatih', 'baru', 'bisa', 'bahasa', 'belanda', 'jadinya', 'pleatih', 'lama', 'diganti', 'ditengah', 'kopetisi', 'goblok']",Negatif
"['apa', 'lah', 'sih', 'patrick', 'ini', 'mending', 'kamu', 'main', 'sana', 'sama', 'spongebob', 'usah', 'jadi', 'pelatih']",Negatif
"['untuk', 'towel', 'amp', 'para', 'penyepongnya', 'sssttt', 'masih', 'mau', 'dibuai', 'ilusi', 'ilusi', 'dari', 'omongan', 'orang', 'yang', 'ngakunya', 'pundit', 'amp', 'pelatih', 'sih', 'paling', 'belanda']",Negatif
"['ini', 'mimik', 'sama', 'gestur', 'ya', 'tidak', 'ada', 'pressure', 'malu', 'atau', 'frustasi']",Negatif
"['tanggung', 'jawab', 'blokk']",Negatif
"['percuma', 'kamu', 'datengin', 'pemain', 'bagus', 'bagus', 'cuman', 'juga', 'datengin', 'pelatih', 'yang', 'suka', 'judi', 'bola']",Negatif
"['pelatih', 'baru', 'sangat', 'hancur', 'permainan', 'jelek', 'tidak', 'ada', 'taktik', 'sama', 'sekali', 'kembalikan', 'coach', 'sty', 'ke', 'timnas', 'indonesia']",Negatif
"['jadi', 'bingung', 'nih', 'apalagi', 'yang', 'harus', 'diganti', 'ya', 'apa', 'ganti', 'penonton', 'saja']",Negatif
"['kalau', 'cuma', 'mau', 'kalah', 'telak', 'di', 'australia', 'mending', 'kemarin', 'tunjuk', 'coach', 'is', 'saja', 'selain', 'ngirit', 'budget', 'gue', 'bisa', 'lebih', 'awal', 'memutuskan', 'untuk', 'cari', 'takjil', 'dibanding', 'menonton', 'timnas']",Negatif
"['makan', 'tuh', 'kluivert', 'kemarin', 'di', 'puja', 'puja', 'kayak', 'raja', 'ternyata', 'sekarang', 'hasilnya', 'kayak', 'begitu', 'kalau', 'ada', 'pelatih', 'bagus', 'jangan', 'dibuang', 'makanya', 'sudah', 'pakai', 'pemain', 'naturalisasi', 'masih', 'saja', 'kalah', 'kocak', 'piala', 'dunia', 'ndasmu']",Negatif
"['sudah', 'pakai', 'vocer', 'pemaen', 'belanda', 'pelatih', 'belanda', 'vocer', 'pinalti', 'tetap', 'saja', 'kalah']",Negatif
"['kalau', 'butuh', 'proses', 'jadi', 'pelatih', 'liga']",Negatif
"['pelatih', 'medioker', 'squad', 'elite', 'taktik', 'syulit', 'pertemuan', 'singkat', 'jarang', 'main', 'club', 'eh', 'di', 'mainin', 'oalahapa', 'itu', 'goal', 'yang', 'penting', 'ball', 'posesion', 'sty', 'ketawa', 'melihat', 'ini']",Negatif
"['balikin', 'sty', 'anjing']",Negatif
"['anjing', 'lo', 'erick', 'tohir', 'dan', 'antek', 'ya']",Negatif
"['minim', 'taktik', 'pemain', 'gerasak', 'gerusuk', 'kayak', 'liga', 'tidak', 'berpola']",Negatif
"['awal', 'kedatangannya', 'sudah', 'penuh', 'kontrovesi', 'ternyata', 'terbukti', 'pemain', 'bertambah', 'bahasa', 'sama', 'memang', 'skillnya', 'yang', 'tidak', 'ada']",Negatif
"['hahahaha', 'sudah', 'isinya', 'pemain', 'diaspora', 'yang', 'lokal', 'cuma', 'kalah', 'mana', 'kalahnya', 'malu', 'punya', 'pelatih', 'dan', 'manajer', 'tim', 'kayak', 'begini']",Negatif
"['cek', 'parlay', 'ya', 'kluivert', 'saja', 'dia', 'pasang', 'vooran', 'berapa']",Negatif
"['towel', 'kontol', 'jancok', 'artinya', 'pelatih', 'tambah', 'asisten', 'pelatih', 'goblok']",Negatif
"['lucu', 'banget', 'lo', 'siapapun', 'yang', 'ganti', 'sty', 'kontol', 'bubarin', 'saja', 'sekalian', 'sama', 'nih', 'negara']",Negatif
"['sudah', 'tidak ada', 'namanya', 'proses', 'lagi', 'kita', 'butuh', 'hasil']",Negatif
"['kalah', 'total']",Negatif
"['siapa', 'pula', 'yang', 'ngide', 'pecat', 'pelatih', 'di', 'pertengahan', 'jalan', 'kayak', 'begini', 'lihat', 'tuh', 'akibat', 'ya', 'acakacakan', 'banget']",Negatif
"['dannn', 'duduk', 'kamu', 'duduk', 'anak', 'anak', 'kamu', 'pada', 'cidera', 'anyinnggg']",Negatif
"['sorry', 'kita', 'tidak', 'butuh', 'proses', 'butuhnya', 'hasil', 'pasti', 'dan', 'kalian', 'yang', 'mengajari', 'kita', 'untuk', 'hasil', 'instan', 'sok']",Negatif
"['pondasi', 'yang', 'sudah', 'di', 'bentuk', 'oleh', 'sty', 'dan', 'kekuatan', 'cukup', 'kuat', 'di', 'hancurkan', 'oleh', 'para', 'petinggi', 'dengan', 'ke', 'egoisan']",Negatif
"['perbedaan', 'yang', 'sangat', 'tolol', 'dari', 'pelatih', 'tolol']",Negatif
"['tidak usah', 'basa', 'basi', 'lagi', 'dah']",Negatif
"['ayoloh', 'erick', 'thohir', 'pssi', 'habis', 'dibully', 'towel', 'lo', 'mendengarkan', 'tanggung', 'jawab', 'lo', 'wel', 'lagian', 'ente', 'lupa', 'kalau', 'shin', 'tae', 'yong', 'masih', 'ada', 'hubungan', 'sama', 'ra', 'kartiniharum', 'namanya', 'di', 'fan', 'timnas']",Negatif
"['timnas', 'menelan', 'kekalan', 'dari', 'autralia', 'kira', 'dan', 'bisa', 'tidur', 'tidak', 'malam', 'ini']",Negatif
"['starting', 'line', 'up', 'lebih', 'baik', 'diberikan', 'ke', 'pemain', 'yang', 'menit', 'bermain', 'di', 'klub', 'banyaklebih', 'nathan', 'malah', 'kamu', 'memasuki', 'kocak', 'kalau', 'masih', 'gagal', 'wajib', 'dari']",Negatif
"['strategi', 'sampah']",Negatif
"['out', 'kalian']",Negatif
"['sudah', 'tidak', 'ada', 'lagi', 'alasan', 'bangun', 'kemistri', 'proses', 'dsb', 'era', 'kegelapan', 'balik', 'lagi', 'nih']",Negatif
"['bermula', 'dari', 'pinalti', 'gagal', 'semua', 'shock', 'ditambah', 'kelakuan', 'nathan', 'makinan', 'shock', 'tidak', 'jelas', 'anjing', 'gua', 'gedek', 'lihat', 'petrik', 'cuman', 'diam', 'tidak', 'teriak', 'antara', 'tipe', 'kalem', 'sudah', 'tidak', 'punya', 'taktik', 'lagi']",Negatif
"['tahi', 'taiii', 'kesel', 'anjg', 'kalah', 'sama', 'komposisi', 'pemain', 'sudah', 'maksimal', 'begini']",Negatif
"['persetan', 'dengan', 'butuh', 'proses', 'butuh', 'penyesuaian', 'butuh', 'chemistry', 'antara', 'pelatih', 'dan', 'pemain', 'tujuan', 'diawal', 'ganti', 'pelatih', 'yaitu', 'menang']",Negatif
['perusak'],Negatif
"['sudah', 'tidak bisa', 'ditoleransi', 'lagi', 'secepatnya']",Negatif
"['tidak ada', 'percaya', 'proses']",Negatif
"['sorii', 'tapi', 'gue', 'benaran', 'kecewa', 'ganti', 'pelatih', 'di', 'waktu', 'mepet', 'kayak', 'begitu', 'benar', 'blunder', 'banget']",Negatif
"['kembali', 'ke', 'setelan', 'pabrik']",Negatif
"['dikasih', 'lihat', 'caranya', 'main', 'di', 'panggung', 'besar', 'asia', 'sama', 'sty', 'malah', 'diganti']",Negatif
"['formasi', 'kayaknya', 'tidak', 'cocok', 'penguasaan', 'bola', 'dominan', 'tapi', 'kagak', 'bisa', 'counter', 'attack', 'beberapa', 'pemain', 'menempati', 'pos', 'yang', 'bukan', 'posisinya', 'pertahanan', 'indonesia', 'lemah', 'iya', 'karena', 'aparatnya', 'sudah', 'masuk', 'ke', 'ranah', 'sipil']",Negatif
"['bagaimana', 'pak', 'erick', 'thohir', 'hasilnya', 'masih', 'mending', 'komunikasi', 'bagus', 'kan', 'dari', 'pada', 'strategi', 'bagus']",Negatif
"['tidak', 'usah', 'lamalama', 'gaskannn', 'makanya', 'kalau', 'cari', 'pelatih', 'itu', 'yang', 'benar']",Negatif
['blokkk'],Negatif
"['sudah', 'bagaimana', 'hasil', 'ya', 'wkwkw']",Negatif
"['sudah', 'berbulanbulan', 'menunggu', 'menonton', 'timnas', 'mengira', 'suhu', 'ternyata', 'cupu']",Negatif
"['hahahha', 'cuma', 'pengin', 'ketawa', 'saja', 'hahahhah', 'hahahha']",Negatif
"['dikasih', 'malah', 'memilih']",Negatif
"['yang', 'out', 'itu', 'yang', 'bawa', 'kluivert', 'ke', 'timnas', 'indonesia']",Negatif
"['penjudi', 'disuruh', 'ngelatih', 'wkwk']",Negatif
"['disuruh', 'pembuktian', 'malah', 'pembantaian']",Negatif
"['tinggal', 'menunggu', 'vt', 'ya', 'et', 'di', 'ruang', 'ganti', 'wkwkwk']",Negatif
"['kamu', 'tanggungjawab', 'anjjj']",Negatif
"['mengira', 'ganti', 'pelatih', 'lebih', 'ok', 'eee', 'hla', 'kok', 'malah', 'mletre']",Negatif
"['hahaha', 'makan', 'tuh', 'filosofi', 'total', 'kontol']",Negatif
"['menunggu', 'timnas', 'main', 'tuh', 'berbulan', 'bulan', 'anjing', 'pas', 'main', 'malah', 'diancurin', 'patrick', 'ketupat']",Negatif
"['sty', 'terlalu', 'berharga', 'buat', 'diganti', 'sama', 'tukang', 'judi', 'ini']",Negatif
"['tenang', 'santay', 'tarik', 'napas', 'dan', 'katakan']",Negatif
"['mau', 'cari', 'bacotan', 'ya', 'bung', 'towell']",Negatif
"['permainan', 'ampas', 'tahi', 'banyak', 'sok', 'long', 'ball', 'tapi', 'hadeh', 'shoot', 'on', 'target', 'sudah', 'dikit', 'kebanyakan', 'ngawur']",Negatif
"['tidak', 'ada', 'yang', 'namanya', 'proses', 'lagi', 'ketika', 'tim', 'sudah', 'kebentuk', 'di', 'patahin', 'sama', 'federasi', 'ya', 'sendiri', 'di', 'tengah', 'perjalanan']",Negatif
"['buka', 'kali', 'ini', 'dengan', 'sehat']",Negatif
"['sudah', 'berbuka', 'mari', 'kerahkan', 'energi', 'buat', 'kalah', 'tapi', 'gue', 'senang', 'makan', 'itu', 'ganti', 'pelatih', 'benci', 'banget', 'sama', 'orang', 'federasi', 'yang', 'tidak', 'percaya', 'proses', 'padahal', 'lagi', 'on', 'the', 'right', 'path']",Negatif
"['memang', 'dari', 'awal', 'ekspektasi', 'gue', 'ke', 'timnas', 'di', 'bawah', 'asuhan', 'kluivert', 'ini', 'sudah', 'rendah', 'tapi', 'ternyata', 'hasilnya', 'lebih', 'hancur', 'dari', 'ekspektasi', 'gue', 'wkwkwk']",Negatif
"['harga', 'mahal', 'yang', 'dibayar', 'untuk', 'kalah', 'literally', 'harga', 'mahal', 'yang', 'dibayar', 'untuk', 'kalah']",Negatif
"['kembalikan', 'kluivert', 'ke', 'belanda']",Negatif
"['wehh', 'cuy']",Negatif
"['sorry', 'tapi', 'sayang', 'sudah', 'tidak bisa', 'positif', 'thinking', 'lagi', 'lawan', 'australia', 'yang', 'awal', 'ya', 'seri', 'saja', 'begini', 'apalagi', 'bahrain', 'sama', 'cina']",Negatif
"['pemain', 'sudah', 'oke', 'tapi', 'strateginya', 'kocak', 'asal', 'serang', 'kena', 'counter', 'attack', 'goal', 'kau', 'kira', 'lawannya', 'asean', 'wkwkwk', 'mending', 'parkir', 'busnya', 'sty']",Negatif
"['ayo', 'dong', 'katanya', 'et', 'bakalan', 'ngundurin', 'diri', 'kalau', 'kalah', 'mending', 'sama', 'sty', 'bisa', 'imbang', 'nih', 'australia', 'ini', 'sama', 'sih', 'patrick', 'langsung', 'dibanting', 'padahal', 'ada', 'debutan', 'bagus', 'terus', 'pemain', 'unggulan']",Negatif
"['hahaha', 'hancurrr', 'ditangan', 'pelatih', 'kang', 'judayyy']",Negatif
"['bandar', 'dadu', 'kon', 'ngelatih']",Negatif
"['jelek', 'banget']",Negatif
"['timnas', 'indonesia', 'dibuat', 'babak', 'belur', 'oleh', 'australia', 'mungkin', 'masih', 'terkendala', 'komunikasi', 'antara', 'pelatih', 'amp', 'pemain', 'atau', 'mungkin', 'alasan', 'lain', 'namun', 'gol', 'yang', 'bagus', 'dari', 'ole', 'romeny']",Negatif
"['total', 'football', 'apa', 'total', 'kontol']",Negatif
"['cuan', 'gede', 'nih', 'sih', 'petrik']",Negatif
"['build', 'team', 'dari', 'minus', 'bukan', 'lagi', 'sampai', 'bisa', 'mengalahkan', 'arab', 'saudi', 'eh', 'malah', 'dibuang', 'dan', 'digantikan', 'sama', 'pelatih', 'tidak jelas', 'mampus', 'merasai', 'itu']",Negatif
"['modal', 'bisa', 'bahasa', 'belanda', 'amp', 'datang', 'wawancara', 'pas', 'natal', 'dijadikan', 'pelatih', 'timnas', 'yang', 'memilih', 'saja', 'goblok']",Negatif
"['mana', 'pak', 'et', 'hasilnya']",Negatif
"['pelatih', 'kuontooolll']",Negatif
"['makan', 'tuh', 'komunikasi', 'apa', 'itu', 'track', 'record', 'manut', 'atasan', 'is', 'my', 'passion', 'setelan', 'pabrik', 'pssimafia']",Negatif
"['kendala', 'bahasa', 'kah']",Negatif
"['makan', 'tuh', 'total', 'football']",Negatif
"['sok', 'main', 'terbuka', 'double', 'pivot', 'kualahan']",Negatif
"['pemain', 'belum', 'bisa', 'basa', 'indonesia', 'atau', 'minimal', 'tidak bisa', 'hapal', 'lagu', 'indonesia', 'raya', 'tidak usah', 'dipakai', 'jiwa', 'nasionalisme', 'tidak ada', 'sama', 'sekali']",Negatif
"['total', 'football', 'nih', 'bos', 'menang', 'penguasaan', 'bola', 'nih', 'bos', 'main', 'menyerang', 'nih', 'bos', 'menang', 'tembakan', 'nih', 'bos', 'menang', 'akurasi', 'operan', 'nih', 'bos', 'menang', 'statistik', 'pertandingan', 'nih', 'bos', 'kamu', 'kebobolan', 'gol', 'dan', 'cuma', 'cetak', 'gol', 'kurang', 'gol', 'ngentottt']",Negatif
"['wkwkwkwkwkwk', 'gue', 'heran', 'apa', 'motivasi', 'sih', 'erik', 'ngganti', 'dari', 'pelatih', 'kebanggaan', 'kita', 'ke', 'pelatih', 'tidak', 'becus', 'macam', 'kluivert', 'ini']",Negatif
"['pergi', 'kau']",Negatif
"['dengan', 'kualitas', 'pemain', 'yang', 'ada', 'sekarang', 'padahal', 'sudah', 'bayangkan', 'bisa', 'curi', 'poin', 'dikandang', 'aussie', 'dan', 'menang', 'lawan', 'bahrain', 'kalau', 'masih', 'di', 'pegang', 'sty', 'di', 'pegang', 'kluivert', 'ketemu', 'filipina', 'juga', 'masih', 'deg', 'degan', 'inimah']",Negatif
"['malu', 'tidak', 'wkwk']",Negatif
"['memang', 'hasil', 'kayak', 'begini', 'yang', 'pengin', 'di', 'ambill', 'makanya', 'berani', 'banget', 'mecat', 'sty', 'wkwkwk', 'pssi', 'tolol', 'makan', 'tuh', 'total', 'boboll']",Negatif
"['tidak', 'menerima', 'alasan', 'masih', 'adaptasi', 'atau', 'apapun', 'sejelas', 'jelas', 'letak', 'kesalahanmu', 'trik', 'patrik', 'tidak', 'mainin', 'ridho', 'lupa', 'cara', 'bertahan', 'verdonk', 'kevin', 'diks', 'tidak', 'berjalanan', 'menyerang', 'hillgers', 'tidak ada', 'pakemnya', 'sama', 'jay']",Negatif
"['semanagat', 'rakyat', 'indonesia', 'yang', 'berkobar', 'kini', 'perlahanlahan', 'mulai', 'redup', 'kembali', 'mungkinkah', 'kita', 'akan', 'kembali', 'ke', 'setelan', 'pabrik']",Negatif
"['sederhana', 'tapi', 'pelatih', 'baru', 'mana', 'paham']",Negatif
"['taktik', 'sty', 'dipakai', 'australia', 'kocak']",Negatif
"['hasil', 'sty', 'tahun', 'hangus', 'dengan', 'pertandingan']",Negatif
"['debut', 'yang', 'buruk', 'buat', 'patrick', 'kluivert']",Negatif
"['muak', 'sekali', 'muak']",Negatif
"['timnas', 'bersama', 'sty', 'banyak', 'mengukir', 'sejarah', 'tim', 'berkembang', 'dan', 'mental', 'tim', 'terbentuk', 'timnas', 'bersama', 'et', 'dan', 'kluivert', 'naik', 'level']",Negatif
"['mau', 'besok', 'menang', 'lawan', 'bahrain', 'juga', 'tidak', 'merubah', 'sejarah']",Negatif
"['mulai', 'berproses', 'dengan', 'sty', 'hancur', 'babakbelur', 'oleh', 'manajemen', 'kontroversial', 'tak', 'ada', 'ampun']",Negatif
"['tidak', 'peduli', 'hasil', 'lawan', 'bahrain', 'kluivert', 'anjing']",Negatif
"['apa', 'itu', 'proses', 'hasil', 'jelek', 'permainan', 'jelek', 'ganti', 'pelatih']",Negatif
"['kalian', 'seenak', 'jidat', 'ganti', 'pelatih', 'yang', 'sudah', 'bertahuntahun', 'punya', 'kemistri', 'dengan', 'pemain', 'lalu', 'diganti', 'dengan', 'pelatih', 'yang', 'minim', 'prestasi']",Negatif
"['indonesia', 'squad', 'mewah', 'vs', 'aussie', 'squad', 'pincang', 'begitu', 'masih', 'dibantai', 'anying', 'tolol', 'malu', 'maluin', 'bahkan', 'lawan', 'tim', 'sekelas', 'jepang', 'saja', 'cuma', 'goal', 'itu', 'masih', 'oke', 'gua', 'mending', 'kendala', 'bahasa', 'tapi', 'hasil', 'bagus', 'daripada', 'bahasa', 'bagus', 'hasil', 'sampah']",Negatif
"['wkwkwkwk', 'lebih', 'bagus', 'dari', 'sty', 'ceunah']",Negatif
"['latihan', 'mulu', 'memangnya', 'kagak', 'giliran', 'menang', 'pelatihnya', 'shin', 'tae', 'yong', 'di', 'ganti', 'hasilnya', 'apa', 'nih', 'erick', 'thohir', 'entar', 'ada', 'foto', 'lagi', 'diam', 'di', 'pojokan']",Negatif
"['tidak', 'menerima', 'alesan', 'apapun', 'intinya', 'biji', 'salak', 'out']",Negatif
"['pemain', 'elit', 'taktik', 'sulit']",Negatif
"['sih', 'penjudi', 'memang', 'tolol', 'tidak jelas', 'kontol']",Negatif
"['terbukti', 'sty', 'lebih', 'hebat', 'daripada', 'kelaut', 'saja', 'pak', 'tolong', 'pecat']",Negatif
"['pak', 'erick', 'thohir', 'ini', 'bagaimana', 'melatihnya', 'pak', 'masuk', 'baru', 'beberapa', 'bulan', 'harus', 'yang', 'merana']",Negatif
"['mecat', 'sty', 'semenamena', 'naturalisasi', 'pemain', 'terus', 'ngerekrut', 'pelatih', 'judi', 'hasilnya', 'kalah', 'lawan', 'australia']",Negatif
"['murni', 'kesalahan', 'kluivert', 'kekalahan', 'yang', 'menjijikkan']",Negatif
"['efek', 'ganti', 'pelatih', 'di', 'tengah', 'turnamen']",Negatif
"['yang', 'katanya', 'harus', 'percaya', 'proses', 'makan', 'tuh', 'proses', 'ajg']",Negatif
"['baru', 'menitan', 'sudah', 'kebobolan', 'tuh', 'bagaimana', 'sorry', 'saja', 'tidak', 'terima', 'kata', 'proses']",Negatif
"['sejak', 'diperkenalkan', 'gue', 'juga', 'sudah', 'pesimis']",Negatif
"['ganti', 'pelatih', 'yang', 'lagi', 'ditrend', 'positif', 'cuma', 'karena', 'kalah', 'di', 'aff', 'demi', 'seorang', 'penjudi', 'yang', 'tidak', 'ada', 'track', 'record', 'positif', 'ngelatih', 'wkwk', 'kalau', 'cuma', 'buat', 'dibantai', 'mah', 'tidak usah', 'ganti', 'pelatih', 'kemunduran', 'disemua', 'aspek', 'kenapa', 'harus', 'jadi', 'satu', 'di', 'tahun', 'ini', 'ya', 'allah']",Negatif
"['pemain', 'bagus', 'juga', 'percuma', 'kalau', 'pelatihnya', 'tolol']",Negatif
"['total', 'bobol', 'noh']",Negatif
"['pemanasan', 'saja', 'wkwkkwkk', 'total', 'football', 'cap', 'tahi']",Negatif
"['pssi', 'tolol', 'pelatih', 'tolol']",Negatif
"['pola', 'main', 'jelas', 'pondasi', 'yang', 'sudah', 'dibangun', 'dengan', 'baik', 'dari', 'bawah', 'oleh', 'sty', 'rusak', 'di', 'tangan', 'mavia', 'bola']",Negatif
"['jadi', 'pesimis', 'lawan', 'bahrain', 'nanti']",Negatif
"['tidak', 'perlu', 'analisis', 'mendalam', 'semenjak', 'sty', 'diganti', 'pokoknya', 'tidak', 'mau', 'tahu', 'indonesia', 'menang', 'dan', 'lolos', 'ke', 'piala', 'dunia', 'kalau', 'enggak', 'sorry', 'tapi', 'sayang', 'karena', 'match', 'pertama', 'kalah', 'telak', 'jadi', 'langsung', 'saja', 'tidak', 'ada', 'narasi', 'adaptasi', 'bullshit', 'menang', 'lolosout']",Negatif
"['era', 'sty', 'bisa', 'imbang', 'lawan', 'australia', 'eh', 'era', 'sih', 'patrick', 'malah', 'terbantai']",Negatif
"['masuk', 'piala', 'dunia', 'hanya', 'mimpi']",Negatif
"['begitu', 'saja', 'mulu', 'tiap', 'lagi', 'bagus', 'pecat', 'mila', 'sty', 'pepek', 'lah']",Negatif
"['gue', 'yang', 'malu', 'ajg']",Negatif
"['sudah', 'paling', 'benar', 'main', 'sama', 'spongebob', 'malah', 'ngelatih', 'timnas']",Negatif
"['sih', 'paling', 'total', 'total', 'astagfirullah']",Negatif
"['sepanjang', 'indonesia', 'merdeka', 'mimpi', 'kita', 'ke', 'piala', 'dunia', 'belum', 'pernah', 'sedekat', 'ini', 'sty', 'lah', 'yang', 'membuat', 'mimpi', 'itu', 'kian', 'dekat', 'dan', 'sekarang', 'mimpi', 'itu', 'dihancurkan', 'lagi', 'oleh', 'orangorang', 'itu']",Negatif
"['penghancur', 'timnas']",Negatif
"['hahahahaha', 'puas', 'pak']",Negatif
"['sesuai', 'pesenan', 'ketum', 'yang', 'mau', 'ya', 'main', 'menyerang']",Negatif
"['penantian', 'bulan', 'cuma', 'buat', 'dibantai']",Negatif
"['main', 'longball', 'kayak', 'jaman', 'isl']",Negatif
"['next', 'match', 'lawah', 'bahrain', 'tidak usah', 'nendang', 'bola', 'tendang', 'saja', 'kepala', 'erick', 'thohir']",Negatif
"['kalah', 'telak', 'dari', 'australia', 'indonesia', 'pulang', 'tanpa', 'poin', 'di', 'tagar', 'beserta', 'nama', 'erick', 'thohir', 'dan', 'shin', 'tae', 'yong', 'bertengger', 'di', 'trending', 'topic', 'sebagian', 'warganet', 'menyesalkan', 'kenapa', 'sty', 'diganti', 'oleh', 'pssi', 'sebab', 'di', 'tangan', 'kluivert', 'timnas', 'kebobolan', 'lebih', 'banyak']",Negatif
"['jadi', 'tidak', 'semangat', 'menonton', 'timnas', 'lagi']",Negatif
"['yang', 'katanya', 'kendala', 'bahasa', 'bisa', 'bikin', 'seri', 'lawan', 'australia', 'sekarang', 'kan', 'harusnya', 'tidak', 'ada', 'kendala', 'bahasa', 'lagi', 'kok']",Negatif
"['dan', 'rhido', 'kenapa', 'tidak', 'jadi', 'stater', 'mereka', 'sedang', 'bagusnya', 'baru', 'kali', 'ini', 'lihat', 'mainnya', 'kacau', 'balau']",Negatif
"['bung', 'towel', 'akmal', 'coach', 'justin', 'ditunggu', 'komentarnya', 'mamam', 'tuh', 'ganti', 'pelatih', 'hancur', 'cokkk', 'mainnya', 'jaman', 'sty', 'tidak', 'pernah', 'tuh', 'kayanya', 'kebobolan', 'sampai', 'pssi', 'jancokkk', 'et', 'jancokkk', 'sebel', 'anyinggg']",Negatif
"['pecat', 'kluivert', 'sekarang']",Negatif
"['penanaman', 'ide', 'baru', 'itu', 'butuh', 'proses', 'masalahnya', 'proses', 'sukar', 'dimulai', 'di', 'tengah', 'kompetisi', 'yang', 'setiap', 'pertandingan', 'adalah', 'final', 'resikonya', 'ya', 'seperti', 'hari', 'ini', 'mundur', 'sekian', 'langkah', 'mungkin', 'timnas', 'indonesia', 'harus', 'rela', 'melepas', 'posisi', 'dua', 'lalu', 'apakah', 'solusinya']",Negatif
"['kendala', 'apalagi', 'ini', 'pak', 'oiyah', 'sudah', 'masuk', 'ruang', 'ganti', 'tim', 'belum', 'fight', 'back', 'fight', 'back', 'hahahaahahaaahahaaa', 'lo', 'juga', 'botak', 'mengerti', 'apa', 'tentang', 'sepak', 'bola']",Negatif
"['bersihin', 'federasi']",Negatif
"['ekspektasi', 'kita', 'tidak', 'boleh', 'tinggi', 'harus', 'realistis', 'tau', 'kucing', 'gue', 'mau', 'naik', 'bukan', 'turun', 'be', 'gentle', 'out', 'now', 'sih', 'arya', 'kemana', 'ini', 'bangsat', 'kamu', 'menawari', 'pelatih', 'macam', 'dia']",Negatif
"['semua', 'ini', 'salah', 'erick', 'thohir', 'shin', 'taeyong', 'lagi', 'bagus', 'bagusnya', 'malah', 'diganti', 'memang', 'sih', 'patrick', 'kluivert', 'punya', 'otak', 'strategi', 'dari', 'asistennya', 'tapi', 'tidak', 'dengan', 'chemistrynya', 'asli', 'tidak', 'habis', 'pikir', 'dengan', 'tapi', 'ini']",Negatif
"['tidak', 'ada', 'lagi', 'kata', 'percaya', 'proses', 'sudah', 'saatnya', 'pembuktian', 'yang', 'nyata', 'laga', 'kandang', 'harus', 'menang', 'lawan', 'bahrain', 'jangan', 'sampai', 'kalah', 'lagi']",Negatif
"['goblok', 'kalian', 'semua', 'terutama', 'federasi', 'pelatih', 'dan', 'ketua']",Negatif
"['padahal', 'sty', 'tau', 'kapasitas', 'pemain', 'kita', 'walaupun', 'diaspora', 'belum', 'layak', 'bermain', 'menyerang', 'kecuali', 'di', 'asean']",Negatif
"['patrick', 'kloievert', 'knya', 'kentot', 'dari', 'awal', 'disebut', 'nama', 'dia', 'sebagai', 'pelatih', 'saya', 'sudah', 'tidak', 'percaya', 'with', 'that', 'pervert', 'gambler', 'son', 'of', 'a', 'bitch']",Negatif
"['makan', 'tuh', 'misskomunikasi', 'kendala', 'di', 'bahasa']",Negatif
"['nathan', 'smaa', 'sananta', 'saja', 'tidak', 'laku', 'di', 'jaman', 'sty', 'ini', 'malah', 'dimaenin', 'jir', 'lawag', 'memang']",Negatif
"['pak', 'ijin', 'misuh', 'ya', 'jancoookkk', 'pak', 'kebijakanmu', 'iki', 'pak', 'ganti', 'pelatih', 'sampai', 'kapanpun', 'anda', 'tidak', 'akan', 'saya', 'maafkan', 'satu', 'lagi', 'tolol']",Negatif
"['balikin', 'sty', 'kami']",Negatif
"['kayanya', 'bagusan', 'tidak', 'pakai', 'pelatih', 'bisa', 'tidak', 'siwkwkwkwk', 'dikasih', 'modal', 'pemain', 'keren', 'malah', 'rungkat', 'oalah', 'saja', 'menggantikan', 'sama', 'bung', 'towel', 'biar', 'makin', 'cair', 'dunia', 'sepak', 'bola', 'indonesia']",Negatif
"['timnas', 'rasa', 'liga', 'tarkam']",Negatif
"['skor', 'apaan', 'jancok']",Negatif
"['strategi', 'tidak', 'kelihatan']",Negatif
"['total', 'football', 'katanya', 'dibantai', 'langsung', 'saja']",Negatif
"['wkwkwkwk', 'modyarrrooo', 'suuu', 'kalau', 'cari', 'pelatih', 'minimal', 'kualitasnya', 'setara', 'sama', 'pelatih', 'sebelumnya', 'lah', 'jinggg', 'tidak', 'cuman', 'modal', 'mantan', 'pemain', 'bintang', 'doang']",Negatif
"['tidak', 'butuh', 'uji', 'coba', 'kamu', 'tidak', 'bisa', 'apaapa', 'sebagai', 'pelatih', 'kalau', 'ada', 'yang', 'mau', 'patungan', 'bayar', 'dendanya', 'dia', 'kabarin', 'sudah', 'tidak', 'ada', 'maaf']",Negatif
"['gua', 'kira', 'tidak', 'akan', 'kebobolan', 'gol', 'gila', 'menit', 'kena', 'gol', 'anjing', 'kamu', 'mengapai', 'saja', 'petrik']",Negatif
"['kurang', 'doa', 'kayaknya', 'tidak', 'mungkin', 'kurang', 'tepat', 'memilih', 'pelatih', 'bapuk', 'mungkin']",Negatif
"['total', 'football', 'itu', 'skor', 'ya', 'kebobolan', 'banyak', 'tapi', 'ngegol', 'ini', 'juga', 'banyakga', 'kayak', 'begini', 'kok', 'di', 'bilang', 'total', 'football']",Negatif
"['tidak jelas', 'sih', 'ganti', 'pelatih', 'di', 'tengah', 'kompetisi', 'besar', 'merasai', 'saja', 'sudah', 'yang', 'penting']",Negatif
"['sudah', 'dibilangi', 'track', 'record', 'jadi', 'coach', 'itu', 'penting', 'malah', 'memilih', 'yang', 'buruk', 'padahal', 'sebelumnya', 'sudah', 'dikasih', 'coach', 'yang', 'bagus', 'terutama', 'attitudenya', 'dan', 'tak', 'lupa', 'mentereng', 'prestasinya', 'tapi', 'memang', 'dasar', 'pssi', 'shibal', 'saekkiya', 'bobrok', 'tidak', 'mau', 'maju']",Negatif
"['ganti', 'pemain', 'sudah', 'ganti', 'pelatih', 'sudah', 'hasilnya', 'skor', 'mau', 'menembak', 'kaki', 'kena', 'kepalameleset', 'jauh', 'ayo', 'ganti', 'siapa', 'lagi', 'erick', 'tohir']",Negatif
"['kamu', 'kira', 'main', 'bertahan', 'mudah', 'modal', 'pengalaman', 'judol', 'sok', 'sokan', 'mau', 'bikin', 'timnas', 'indonesia', 'mendonea', 'wkwk']",Negatif
"['sudah', 'lah', 'indonesia', 'memang', 'bisanya', 'cuma', 'omonomon']",Negatif
"['pemain', 'sudah', 'bagusmungkin', 'terbaik', 'sepanjang', 'sejarah', 'timnas', 'indonesia', 'tapi', 'kalau', 'pelatihnya', 'blangsak', 'ya', 'sama', 'saja', 'bagaimana', 'ini']",Negatif
"['timnas', 'mu', 'bosok', 'rik', 'erik']",Negatif
"['makan', 'tuh', 'ruang', 'ganti', 'erik', 'blunder']",Negatif
"['bulan', 'mengapai', 'saja', 'trik', 'petrik', 'kupret', 'untung', 'lagi', 'baik', 'hati', 'aku', 'kasih', 'contekan', 'pas', 'press', 'conference', 'after', 'game', 'btw', 'sop', 'nih']",Negatif
"['ini', 'kalau', 'tidak', 'langsung', 'dipecat', 'aneh', 'sih', 'mengapai', 'dipertahanin']",Negatif
"['ikutan', 'rek', 'tidak pernah', 'sekecewa', 'ini', 'cok']",Negatif
['sampah'],Negatif
"['langsung', 'wkwk', 'rasanya', 'sty', 'main', 'konservatif', 'karena', 'lebih', 'tau', 'kesiapan', 'permainan', 'tim', 'yang', 'dilatih', 'buat', 'apa', 'main', 'menyerang', 'kalau', 'kalah']",Negatif
"['blunder', 'pergantian', 'pelatih', 'di', 'waktu', 'krusial', 'selamat', 'menikmati']",Negatif
"['gue', 'orangnya', 'objektif', 'gue', 'tidak mau', 'menghujat', 'dulu', 'sebelum', 'lihat', 'cara', 'main', 'kluivert', 'tapi', 'sekarang', 'setelah', 'pssi', 'anjing']",Negatif
"['keluar', 'sana', 'tidak', 'becus', 'itu', 'taktiknya', 'ajr']",Negatif
"['pecat', 'patrick', 'guna', 'banget', 'di', 'timnas', 'tuh', 'orang']",Negatif
"['hasil', 'yang', 'sangat', 'buruk', 'di', 'banding', 'pelatih', 'sebelum', 'ya', 'ini', 'malah', 'makin', 'ngerusak', 'timnas', 'indonesia', 'anjg', 'lah']",Negatif
"['masih', 'saja', 'mau', 'dikadalin', 'menteri', 'gendut']",Negatif
"['related', 'terjun', 'bebas', 'se', 'bebas', 'bebas', 'ya', 'wkwkwk']",Negatif
"['ft', 'australia', 'indonesia', 'pssi', 'anjing', 'erick', 'thohir', 'anjing', 'mampus', 'pecat', 'sty', 'jadinya', 'kayak', 'begini']",Negatif
"['ini', 'timnya', 'ketinggalan', 'sih', 'petrik', 'malah', 'duduk', 'saja', 'minimal', 'kamu', 'teriak', 'anjing', 'di', 'pinggir', 'shiballl']",Negatif
"['wkwkwk', 'malu', 'tidak', 'pak']",Negatif
"['pak', 'bagaimana', 'nuh', 'loh']",Negatif
"['kalah', 'memalukan']",Negatif
"['seperti', 'ekspektasi', 'naik', 'lalu', 'hancurkan', 'ke', 'inti', 'bumi']",Negatif
"['kluivert', 'judi', 'memegang', 'australia']",Negatif
"['total', 'football', 'total', 'kalah']",Negatif
"['akibat', 'menjadikan', 'tukang', 'judi', 'sebagai', 'pelatih', 'timnas', 'total', 'football', 'kontol']",Negatif
"['badjingan', 'lo', 'et', 'badjingan', 'lo', 'arya', 'badjingan', 'lo', 'towel', 'badjingan', 'lo', 'justin', 'botak', 'zionist', 'badjingan', 'lo', 'patrick', 'kluivert']",Negatif
"['tidak', 'gaming', 'padahal', 'australia', 'tidak', 'full', 'line', 'up', 'anjirlah', 'minimal', 'poin', 'cok', 'kalau', 'tadi', 'main', 'aman', 'pasti', 'dapat', 'poin']",Negatif
"['pulang', 'saja', 'ke', 'bikini', 'bottom']",Negatif
"['mess', 'hilgers', 'dari', 'awal', 'sudah', 'tidak', 'ngeklop', 'sama', 'idzes', 'masih', 'saja', 'dipasang', 'coba', 'dari', 'awal', 'sudah', 'masang', 'ridho', 'sama', 'sih', 'eliano', 'tidak usah', 'pakai', 'el', 'klemer', 'sama', 'hilgers', 'cuk']",Negatif
"['ampas', 'banget', 'keputusan', 'lo', 'terbukti', 'sore', 'ini', 'pak']",Negatif
"['gue', 'kalau', 'jadi', 'sty', 'langsung', 'joget', 'velocity']",Negatif
"['tanggung', 'jawab', 'koe', 'kalah', 'ya', 'kalah', 'tur', 'ra', 'mengasih', 'johh']",Negatif
"['tidak', 'usah', 'cacicu', 'ganti', 'pelatih', 'pas', 'begini', 'dengan', 'pelatih', 'jelek', 'amsyong', 'makan', 'tuh']",Negatif
"['gatel', 'tidak pakai', 'adaptasi', 'kendala', 'komunikasi']",Negatif
"['mau', 'ikut', 'naikin', 'tagar', 'tapi', 'beliau', 'baru', 'pertama', 'kali', 'kalau', 'dilihat', 'dari', 'match', 'tadi', 'ya', 'tetap', 'kecewa', 'masa', 'anjir']",Negatif
"['percuma', 'bisa', 'mengobrol', 'tapi', 'tidak bisa', 'ngelatih', 'wkwkwk']",Negatif
"['kalau', 'kalah', 'tipis', 'masih', 'oke', 'tapi', 'ini', 'sampai', 'woy', 'yang', 'sama', 'jepang', 'saja', 'dulu', 'kita']",Negatif
"['sty', 'tidak', 'sampai', 'kayak', 'begini']",Negatif
['busuk'],Negatif
"['pondasi', 'kuat', 'yang', 'di', 'bangun', 'sty', 'selama', 'hampir', 'tahun', 'dihancurkan', 'kluivert', 'dalam', 'satu', 'pertandingan']",Negatif
"['patrick', 'berburu', 'uburubur', 'saja', 'sama', 'spongebob']",Negatif
"['apa', 'itu', 'proses']",Negatif
"['mau', 'sedih', 'lihat', 'hasil', 'aussie', 'indonesia', 'tapi', 'teringat', 'cara', 'kita', 'memperlakukan', 'well', 'deserved']",Negatif
"['sty', 'ketawa', 'melihat', 'ini', 'wak']",Negatif
"['siapa', 'yang', 'rekomendasikan', 'patrick', 'buat', 'jadi', 'pelatih', 'baru', 'timnas', 'indonesia', 'patrick', 'dark', 'system', 'anying', 'padahal', 'dirteknya', 'bagus', 'loh']",Negatif
"['racikan', 'kacau', 'balau']",Negatif
"['apa', 'itu', 'prosas', 'proses']",Negatif
"['minford', 'memang', 'sudah', 'prediksi', 'indonesia', 'bakal', 'kalah', 'tapi', 'tidak', 'sampai', 'sebobrok', 'ini', 'anjir', 'hasilnya']",Negatif
"['demi', 'tuhan', 'ini', 'permainan', 'timnas', 'paling', 'jelek', 'di', 'babak', 'kualifikasi', 'pildun']",Negatif
"['ya', 'setidaknya', 'masih', 'ada', 'pertandingan', 'berikutnya', 'di', 'gbk', 'untuk', 'menyaksikan', 'lanjutan', 'ketololan', 'kluivert', 'dan', 'federasi']",Negatif
"['xixixi', 'terbantai', 'cikkk']",Negatif
"['negara', 'sama', 'timnasnya', 'gelap']",Negatif
"['ft', 'australia', 'indonesia', 'memang', 'tidak', 'mudah', 'melawan', 'australia', 'di', 'kandangnya', 'tapi', 'goals', 'conceded', 'itu', 'tidak', 'bisa', 'dimaafkan', 'apapun', 'alasan', 'dari', 'cangkem', 'federasi', 'exco', 'tim', 'pelatih', 'memalukan']",Negatif
"['singkat', 'saja', 'kontol']",Negatif
"['sebuah', 'perbedaan', 'alias', 'ngentot', 'kamu', 'pakai', 'et', 'semua', 'pssi', 'tahi']",Negatif
"['kluivert', 'kontol', 'kluivert', 'kontol', 'penjudi', 'erick', 'tohir', 'ngentot', 'lo', 'semua', 'anjing', 'pssi', 'kontol']",Negatif
"['bodo', 'amat', 'tidak', 'ada', 'namanya', 'adaptasi', 'cokkk']",Negatif
"['di', 'kasih', 'harapan', 'sama', 'sty', 'sampai', 'game', 'ke', 'langsung', 'di', 'kubur', 'dalam', 'sama', 'kluivert']",Negatif
"['pas', 'lihat', 'patrick', 'duduk', 'di', 'bench', 'tadi', 'gua', 'makin', 'kangen', 'shin', 'tae', 'yong', 'ingat', 'banget', 'sty', 'selalu', 'berdiri', 'full', 'time', 'dengan', 'raut', 'begini', 'tanpa', 'sempat', 'senyum', 'sedikit', 'pun']",Negatif
"['wayolohh', 'petrikkk']",Negatif
"['terima', 'kasih', 'sudah', 'berjuang', 'para', 'pemain', 'timnas', 'buat', 'ketum', 'kluivert', 'dan', 'antekanteknya', 'silakan', 'out']",Negatif
"['kembalikan', 'shin', 'tae', 'yong', 'pulangkan', 'kluivert']",Negatif
"['tidak', 'ada', 'proses', 'proses']",Negatif
"['petrik', 'ya', 'petengg', 'gelapp']",Negatif
"['jaman', 'sty', 'tidak pernah', 'se', 'malu', 'ini']",Negatif
"['ajg', 'lu', 'debut', 'kayak', 'begini', 'sampai']",Negatif
"['serius', 'ini', 'wkwk']",Negatif
"['out', 'saja', 'sudah', 'kamu', 'patrick', 'star']",Negatif
"['ini', 'yang', 'kata', 'ya', 'tim', 'kepelatihan', 'terbaik', 'ini', 'ya', 'setan', 'kau']",Negatif
"['sudah', 'waktunya', 'buka', 'puasa', 'goblok', 'cukkk']",Negatif
"['malu', 'banget']",Negatif
"['buntu', 'taktik']",Negatif
"['buka', 'sty', 'lovers', 'tapi', 'ini', 'tamparan', 'bahwa', 'proses', 'yang', 'sedang', 'dirintis', 'dan', 'di', 'hancurkan', 'secepat', 'ini', 'tuh', 'kayak', 'begini', 'ya', 'bapakkk']",Negatif
"['terima', 'kasih', 'sudah', 'menghancurkan', 'harapan', 'kami']",Negatif
"['timnas', 'indonesia', 'dikutuk', 'karena', 'pelatih', 'ya', 'penjudi', 'dan', 'staff', 'ya', 'pelaku', 'pelecehan', 'seksual']",Negatif
"['memalukan', 'wajib', 'ini']",Negatif
"['bravo', 'btw', 'jadi', 'kan', 'ganti', 'pelatih', 'baru']",Negatif
"['erik', 'kontol']",Negatif
"['pelatih', 'dark', 'sistem', 'tahi']",Negatif
"['sampah', 'memang', 'woi']",Negatif
"['sty', 'diganti', 'salah', 'satu', 'alasannya', 'kendala', 'bahasa', 'tapi', 'mainnya', 'menyambung', 'sekarang', 'sudah', 'sama', 'bahasanya', 'malah', 'tidak', 'menyambung', 'mainnya']",Negatif
"['bawa', 'balik', 'sty', 'jangan', 'kasih', 'pakai', 'lagi', 'yang', 'ngelatih', 'lawak', 'banget']",Negatif
"['bubar', 'bubar', 'bodo', 'amat', 'injury', 'time']",Negatif
"['halah', 'kontol', 'masuk', 'round', 'saja', 'sudah', 'tidak', 'mungkin', 'ini']",Negatif
"['patrick', 'tolol', 'soksok', 'total', 'football', 'high', 'press', 'high', 'line', 'lawan', 'aussie', 'bandar', 'judi', 'tahi', 'anjing']",Negatif
"['koordinasi', 'team', 'perasaan', 'malah', 'jauh', 'lebih', 'baik', 'di', 'jaman', 'sty', 'walaupun', 'pola', 'mainnya', 'jadi', 'defensif', 'tapi', 'yang', 'ini', 'ampun', 'mak']",Negatif
"['wkwkwkkwkwkkwkwkk', 'sakiiitt', 'hati', 'banget', 'guaaa', 'sumpaaahhh']",Negatif
"['tidak', 'pemerintah', 'tidak', 'timnas', 'semuanya', 'bikin', 'kecewa', 'juancoookkk']",Negatif
"['damn', 'dibantaiii']",Negatif
"['mampus', 'tuh', 'total', 'football']",Negatif
"['sorry', 'tapi', 'sayang', 'pak', 'et', 'kali', 'ini', 'kami', 'cukup', 'kecewa', 'sama', 'keputusan', 'bapak', 'mecat', 'sty', 'di', 'momen', 'krusial', 'ini']",Negatif
"['kata', 'gue', 'mah', 'ya', 'ampun', 'sudah', 'ini', 'pellatih']",Negatif
"['sudah', 'fix', 'banget', 'ini', 'pasti', 'ig', 'timnas', 'tidak', 'bakal', 'mau', 'ngeposting', 'fulltime']",Negatif
"['lagi', 'enak', 'nganggur', 'malah', 'di', 'suruh', 'gawe', 'hir', 'baru', 'juga', 'jadi', 'macan', 'asia', 'eh', 'malah', 'balik', 'jadi', 'kucing', 'lagi']",Negatif
"['koocaaakkk', 'tidak', 'ngeri', 'mereka', 'mainnya', 'kayak', 'bagaimana']",Negatif
"['cuy', 'sudah', 'menunggu', 'lama']",Negatif
"['lagi', 'enak', 'nganggur', 'malah', 'di', 'suruh', 'gawe', 'hir', 'baru', 'juga', 'jadi', 'macan', 'asia', 'eh', 'malah', 'balik', 'jadi', 'kucing', 'lagi']",Negatif
"['pemerintah', 'anjeng', 'pssi', 'anjeng', 'erick', 'tohir', 'anjeng', 'kluivert', 'anjeng', 'goblok', 'dipek', 'dewe', 'cokkk', 'bajingannn']",Negatif
"['lawan', 'jepang', 'saja', 'kita', 'tidak', 'sampai', 'goal', 'anjinggg']",Negatif
"['memang', 'tidak', 'tau', 'taktik', 'bukan', 'miskin', 'taktik', 'lagi']",Negatif
"['attacking', 'football', 'orgasm', 'menang', 'tidak', 'penting', 'yang', 'penting', 'menyerang']",Negatif
"['pakai', 'sangat', 'memalukan', 'lawan', 'jepang', 'saja', 'tidak', 'bisa', 'menyerang']",Negatif
"['menonton', 'timnas', 'main', 'kayak', 'begini', 'cuman', 'ngurangin', 'pahala', 'puasa', 'doang']",Negatif
"['back', 'tapi', 'era', 'kegelapan']",Negatif
"['kesabaran', 'ada', 'habis', 'ya', 'nathan']",Negatif
"['percayalah', 'kluivert', 'ini', 'nasibnya', 'bakalan', 'sama', 'kayak', 'simon', 'mcmanemy', 'di']",Negatif
"['pelatih', 'tidak ada', 'strategi', 'tidak ada', 'taktik']",Negatif
"['woy', 'sty', 'bisa', 'kamu', 'malah', 'tidak', 'guna', 'ganti', 'pelatih', 'mengomong', 'saja', 'kamu', 'pildun', 'pildun']",Negatif
"['bangsat', 'kalah', 'telak']",Negatif
"['kemarin', 'shin', 'tae', 'yong', 'tidak', 'ginigini', 'amat', 'mainnya', 'cok']",Negatif
"['segera', 'klb', 'pssi', 'pecat', 'dari', 'ketua', 'umum', 'orang', 'yang', 'pantas', 'dihina', 'dicacimaki', 'ya', 'orang', 'ini', 'memecat', 'coach', 'sty', 'disaat', 'timnas', 'indonesia', 'dalam', 'performa', 'baikbaik', 'saja', 'karena', 'kalah', 'di', 'aff', 'sty', 'terus', 'dipecat']",Negatif
"['australia', 'bisa', 'gol', 'ya', 'harusnya', 'jepang', 'bisa', 'lebih', 'kalau', 'masih', 'pakai', 'pelatih', 'yang', 'sama', 'juni', 'nanti']",Negatif
"['wkwkw', 'bangkai', 'langsung', 'trending']",Negatif
"['gua', 'kira', 'menonton', 'timnas', 'bisa', 'ngurangin', 'rasa', 'kesel', 'gua', 'ke', 'negara', 'ini', 'ternyata', 'sama', 'saja', 'fak']",Negatif
"['main', 'kayak', 'tidak', 'sarapan']",Negatif
"['strategi', 'macam', 'main', 'pas', 'bodok']",Negatif
"['om', 'patrick', 'terlalu', 'pada', 'main', 'terbuka', 'padahal', 'pemain', 'kita', 'levelnya', 'masih', 'dibawah', 'australia']",Negatif
"['erick', 'thohir', 'anda', 'yang', 'harus', 'tanggung', 'jawab']",Negatif
"['tidak', 'mengerti', 'banget', 'ajing', 'lawan', 'jepang', 'saja', 'sponbob', 'petrik']",Negatif
"['tolong', 'sebutkan', 'prestasi', 'patrick', 'sebagai', 'pelatih']",Negatif
"['pasti', 'nanti', 'diberita', 'pada', 'bilangnya', 'nanti', 'bilangnya', 'tapi', 'kan', 'kluivert', 'bisa', 'membobol', 'gawang', 'aus', 'makan', 'tuh', 'total', 'football']",Negatif
"['pecat', 'bubarin']",Negatif
"['total', 'kontol', 'inimah', 'bukan', 'total', 'football']",Negatif
"['bagaimana', 'pak', 'kami', 'sudah', 'tidak', 'percaya', 'proses']",Negatif
"['patrick', 'kluivert', 'tidak', 'punya', 'strategi', 'untuk', 'menyerang', 'dan', 'bertahan', 'saat', 'bola', 'mati', 'atau', 'serangan', 'balik', 'akibatnya', 'timnas', 'garuda', 'kalah', 'jika', 'kalah', 'telak', 'erick', 'thohir', 'benar', 'blunder', 'pilih', 'pelatih']",Negatif
"['salah', 'erick', 'thohir']",Negatif
"['anjing', 'kau', 'botak']",Negatif
"['sudah', 'lah', 'tidak', 'mood']",Negatif
"['kemasukan', 'set', 'piece', 'sudah', 'lah', 'kelar']",Negatif
"['sampahhh', 'pelatih', 'tolol', 'federasi', 'goblok']",Negatif
"['balikin', 'petrik', 'ke', 'bikini', 'bottom', 'jaya', 'pelatih', 'tidak', 'guna']",Negatif
"['lagi', 'enak', 'nganggur', 'malah', 'di', 'suruh', 'gawe', 'hir', 'baru', 'juga', 'jadi', 'macan', 'asia', 'eh', 'malah', 'balik', 'jadi', 'kucing', 'lagi']",Negatif
"['allahuakbar', 'terima kasih', 'abang', 'patrick']",Negatif
"['di', 'ganti', 'dengan', 'harapan', 'bisa', 'menang', 'dong', 'bukan', 'koar']",Negatif
"['blunder', 'erick', 'thohir', 'memecat', 'pelatih', 'dipertengahan', 'padahal', 'sudah', 'bagus', 'pakai', 'skema', 'sty', 'secara', 'defend', 'lebih', 'bagus', 'ini', 'malah', 'sok', 'main', 'total', 'football', 'tidak jelas', 'banget', 'lihat', 'track', 'recordnya', 'saja', 'sudah', 'mengkhawatirkan', 'dan', 'benar', 'saja']",Negatif
"['sudah', 'gue', 'kataaa', 'ridho', 'daritadiii', 'elaahhh', 'dodol', 'banget', 'sih', 'kluivert']",Negatif
"['anjing', 'taiii']",Negatif
"['ya', 'allah']",Negatif
"['busettt', 'di', 'bantai', 'aus']",Negatif
"['hari', 'hari', 'jadi', 'orang', 'indonesia', 'banyak', 'banget', 'cobaannya', 'ya', 'allah']",Negatif
"['mampuuusss', 'et', 'arya', 'pssi', 'anjing', 'kabeh']",Negatif
"['poor', 'hindia', 'belanda']",Negatif
['mampus'],Negatif
"['memang', 'tolol', 'banget', 'yang', 'mengganti', 'pelatih', 'saat', 'ditengah', 'ajang', 'kopetisi', 'apalagi', 'pelatih', 'tidak', 'ada', 'taktik', 'begini', 'yang', 'diganti', 'hadeh']",Negatif
"['keputusan', 'paling', 'tolol', 'ganti', 'pelatih', 'ngancurin', 'timnas', 'doang', 'lo', 'kntol']",Negatif
"['penyakit', 'timnas', 'nih', 'di', 'menit', 'akhir', 'banyak', 'pelanggaran']",Negatif
"['amalan', 'apa', 'sih', 'yang', 'dilakuin', 'sama', 'sananta', 'kok', 'hoki', 'benar', 'dipanggil', 'timnas', 'mulu', 'dari', 'era', 'sty', 'perasaan', 'menerima', 'bola', 'saja', 'tidak', 'mleset', 'muluu']",Negatif
"['alaaah', 'sananta']",Negatif
"['sty', 'menyalakan', 'api', 'harapan', 'ratusan', 'juta', 'rakyat', 'indonesia', 'pecinta', 'sepak', 'bola', 'setelah', 'apinya', 'besar', 'tiba', 'ada', 'yang', 'menyuruh', 'pergi', 'orang', 'yang', 'menyalakan', 'api', 'harapan', 'itu', 'dan', 'mencari', 'pengganti', 'dan', 'penggantinya', 'adalah', 'orang', 'yang', 'mematikan', 'harapan', 'itu']",Negatif
"['kayaknya', 'bakal', 'kejadian', 'ini', 'coach', 'patrick', 'out', 'terus', 'head', 'coach', 'timnas', 'jadinya', 'ya', 'alex', 'pastor']",Negatif
"['tegakkan', 'kepala', 'kalian', 'wahai', 'pemain', 'timnas', 'biar', 'kami', 'yang', 'teriak']",Negatif
"['pelatih', 'tarkam', 'memalukan']",Negatif
"['malah', 'asistennya', 'yang', 'sibuk', 'kasih', 'instruksi', 'yang', 'pakai', 'jas', 'anteng', 'benar', 'sudah', 'kayak', 'tamu', 'kondangan', 'pak', 'ayo', 'dong', 'pak', 'pelatihnya', 'dirotasi', 'saja', 'biar', 'alex', 'pastoor', 'yang', 'jadi', 'head', 'coach', 'timnas', 'indonesia']",Negatif
"['tidak usah', 'gaslight', 'masih', 'banyak', 'orang', 'yang', 'lebih', 'capable', 'dan', 'bertanggung', 'jawab', 'daripada', 'dia', 'banyak', 'malah', 'timnas', 'bukan', 'soal', 'diaspora', 'semata', 'mikir', 'yang', 'jauh']",Negatif
"['bikin', 'koreo', 'sty']",Negatif
"['bagus', 'sekali', 'pelatih', 'baru', 'kalian', 'pssi', 'bisa', 'kalah']",Negatif
"['yes', 'ada', 'highlights', 'ya', 'bisa', 'lihat', 'petrikk', 'menyengir', 'di', 'pinggir', 'lapangan', 'lagi']",Negatif
"['tapi', 'tidak', 'lima', 'satu', 'juga', 'pea']",Negatif
"['sty', 'yang', 'lebih', 'di', 'butuhkan', 'saat', 'ini']",Negatif
"['melihat', 'tim', 'kepelatihan', 'sekarang', 'yang', 'kurang', 'persiapan', 'tidak', 'tahu', 'karakter', 'amp', 'chemistry', 'pemain', 'belum', 'tau', 'pola', 'di', 'asia', 'hasil', 'draw', 'saja', 'sudah', 'bagus', 'pelatih', 'kelas', 'kacang', 'kok', 'menggantikan', 'pelatih', 'kelas', 'world', 'cup', 'hahaha', 'mimpi', 'lolos', 'world', 'cup', 'pula']",Negatif
"['coach', 'lama', 'lebih', 'mengenali', 'pemain']",Negatif
"['patrick', 'kluivert', 'sangat', 'memalukan', 'kalah', 'kebantai', 'wkwkw']",Negatif
"['pengkudetaan', 'shin', 'taeyong', 'diganti', 'dengan', 'kluivert', 'adalah', 'usaha', 'pssi', 'menggagalkan', 'timnas', 'indonesia', 'lolos', 'ke', 'piala', 'dunia', 'pssi', 'erick', 'thohir', 'ratu', 'tisha', 'update', 'score', 'bola', 'gibolofficial', 'tvonenews', 'bri', 'liga']",Negatif
"['kan', 'tujuan', 'pssi', 'ganti', 'pelatih', 'di', 'tengah', 'jalan', 'kalau', 'bukan', 'buat', 'hasil', 'instan', 'lalu', 'apa', 'harapannya', 'pelatih', 'baru', 'lebih', 'mumpuni', 'buat', 'lolosin', 'ke', 'pildun', 'kalau', 'bukan', 'buat', 'hasil', 'instan', 'kenapa', 'ganti', 'di', 'tengah', 'jalan', 'kalau', 'dalihnya', 'butuh', 'prosesadaptasi', 'ya', 'jangan', 'di', 'saat', 'krusial', 'nyisain', 'laga', 'dong']",Negatif
"['fvckk', 'woii', 'kancut', 'influencer', 'lo', 'geblek', 'tingkat', 'dewa', 'asal', 'mangap', 'saja']",Negatif
"['memilukan', 'dan', 'sangat', 'memalukan', 'pemain', 'sekelas', 'mereka', 'tampak', 'pemain', 'amatir', 'ditangan', 'coach', 'kluivert']",Negatif
"['pemain', 'bola', 'jika', 'sudah', 'terbiasa', 'ikuti', 'instruksi', 'pelatih', 'sama', 'dengan', 'belajar', 'asah', 'otak', 'sesuai', 'aturanjika', 'tidak', 'mau', 'ikuti', 'instruksi', 'pelatih', 'program', 'memori', 'akan', 'rusak', 'cc']",Negatif
"['kecewa', 'sama', 'pak', 'erik', 'tohir', 'yang', 'memecat', 'sty', 'dan', 'memilih', 'pelatih', 'yang', 'lebih', 'buruk']",Negatif
"['sangatt', 'memalukann', 'kalahh', 'telak', 'dengan', 'australia', 'yang', 'bukan', 'tim', 'utamanya']",Negatif
"['main', 'terbuka', 'lawan', 'tim', 'yang', 'ranknya', 'jauh', 'diatas', 'di', 'laga', 'debut', 'di', 'kandang', 'lawan', 'lagiitu', 'saja', 'sudah', 'nunjukin', 'hijaunya', 'kapasitasnya', 'sebagai', 'pelatih', 'apa', 'tidak', 'bisa', 'menahan', 'sebentar', 'untuk', 'cara', 'pelatih', 'dan', 'terlalu', 'dipaksakan', 'ya', 'minimal', 'diatas', 'sty']",Negatif
"['kompetisi', 'hidup', 'mati', 'kok', 'masih', 'cobakaya', 'coretax', 'saja', 'negara', 'cobatapi', 'banyak', 'failure', 'ya']",Negatif
"['salam', 'terbantai', 'dari', 'patrick', 'kluivert']",Negatif
"['terlihat', 'terdiam', 'selama', 'menit', 'karena', 'menunggu', 'gol', 'ke', 'aussie', 'supaya', 'semakin', 'aman', 'buat', 'tembus', 'high', 'line', 'defence', 'pemilihan', 'line', 'up', 'yang', 'berbeda', 'dari', 'pendahulunya', 'adalah', 'upaya', 'supaya', 'menang', 'taruhannya']",Negatif
"['jadi', 'pahamkan', 'kenapa', 'sty', 'waktu', 'di', 'gbk', 'melawan', 'australia', 'pakai', 'bek', 'sekaligus', 'paham', 'kan', 'kenapa', 'indonesia', 'tidak', 'bermain', 'terbuka', 'mana', 'nih', 'pundit', 'anjing', 'yang', 'mengomong', 'indonesia', 'main', 'parkir', 'bus', 'waktu', 'di', 'gbk', 'tidak', 'bermain', 'menyerang', 'anjing', 'itu', 'pundit', 'kalian', 'semua', 'tau', 'siapa', 'orgnya', 'kata', 'anjing']",Negatif
"['mana', 'nih', 'suara', 'ini', 'nih', 'yang', 'namanya', 'total', 'football', 'buat', 'menambah', 'pengetahuan', 'orang', 'pintar', 'di', 'saja', 'nih', 'belanda', 'yang', 'main', 'total', 'football', 'berapa', 'kali', 'juara', 'pildun', 'spanyol', 'jerman', 'brasil', 'saja', 'kalau', 'main', 'tidak', 'mulu', 'total', 'football', 'lah', 'kita', 'yang', 'masih', 'ingusan', 'mau', 'sokan']",Negatif
"['inilah', 'contoh', 'ketamakan', 'kemunafikan', 'dan', 'kegilaan', 'kalianitulah', 'hasilnyaemas', 'kaubuang', 'mas', 'belanda', 'tidak jelas', 'yang', 'sebagai', 'pelatih', 'hancur', 'kau', 'ambilhmmmotak', 'kalian', 'dimana']",Negatif
"['nasib', 'ini', 'kayaknya', 'mirip', 'sama', 'nasib', 'pak', 'waktu', 'mau', 'jadi', 'cawapres', 'awalnya', 'terang', 'mendekati', 'garis', 'finish', 'ambyar']",Negatif
"['coba', 'min', 'sorot', 'pelatih', 'kamu', 'yang', 'katanya', 'total', 'football', 'itu', 'dikasi', 'pelatih', 'pildun', 'malah', 'ngambil', 'pelatih', 'parlay']",Negatif
"['mandiri', 'lima', 'satu', 'sendiri']",Negatif
"['memang', 'yakin', 'bisa', 'mengalahkan', 'bahrain', 'dan', 'china', 'itu', 'pertanyaan', 'pentingnya', 'melihat', 'permainan', 'lawan', 'australia', 'dimana', 'defender', 'letoy', 'dan', 'organisasi', 'serta', 'taktik', 'permainan', 'random', 'spesimistis', 'dengan', 'pelatih', 'baru', 'bisa', 'memperbaikinya', 'dalam', 'waktu', 'hari']",Negatif
"['timnas', 'kita', 'kocak', 'apa', 'lagi', 'pelatihnya', 'kayak', 'sampah']",Negatif
"['wkwwkwkwkwkwkwkwkwkwkw', 'ketawa', 'saja', 'sih', 'gua', 'pegang', 'australia', 'saja', 'soal', 'ya', 'neng', 'ojeh', 'dari', 'australia']",Negatif
"['ttpi', 'tidak', 'mendukung', 'kebodohan', 'dari', 'pengurus', 'federasi', 'terutama', 'sebagai', 'chairman']",Negatif
"['mampus', 'kalah', 'kena', 'bala', 'lo', 'gara', 'gara', 'mau', 'nutup', 'stasiun', 'karet', 'sialan']",Negatif
"['iya', 'memang', 'bukan', 'goblok', 'kok', 'tapi', 'goblok', 'banget']",Negatif
"['federasi', 'lo', 'kayak', 'kebon', 'binatang', 'isinya', 'anjing', 'semua']",Negatif
"['halah', 'halah', 'hancur']",Negatif
"['kalau', 'besok', 'di', 'gbk', 'ketemu', 'sama', 'orang', 'ini', 'suruh', 'keluar', 'stadion', 'saja', 'daripada', 'menyampah', 'visual', 'di', 'gbk', 'timnas', 'dan', 'suporter', 'indonesia', 'tidak', 'butuh', 'bacotan', 'mereka']",Negatif
"['sudah', 'dapat', 'depan', 'modelan', 'begini', 'eh', 'pelatihnya', 'goblok']",Negatif
"['goblok', 'tolol', 'banget', 'ajinggg']",Negatif
"['kang', 'emil', 'sial', 'mana', 'sudah', 'kadung', 'jadi', 'wni', 'lagi']",Negatif
"['tapi', 'kang', 'judi']",Negatif
"['bacot', 'kamu', 'gara', 'erik', 'thohir', 'timnas', 'jadi', 'hancur', 'lagi']",Negatif
"['ijin', 'bela', 'negara', 'lalu', 'dibantaiii']",Negatif
"['debut', 'kluivert', 'gagal', 'total']",Negatif
"['kalau', 'cuma', 'sekedar', 'dibantai', 'mah', 'tidak', 'perlu', 'pakai', 'pelatih', 'eropa', 'juga', 'bisa', 'min', 'sudah', 'kalian', 'pulang', 'indonesia', 'turun', 'juanda', 'saja', 'lanjut', 'naik', 'kereta', 'airlangga', 'ke', 'jakarta']",Negatif
"['balik', 'lagi', 'ke', 'history', 'kluivert', 'itu', 'sendiri', 'ingin', 'berpadangangan', 'negatif', 'tapi', 'negara', 'ini', 'sedang', 'tidak', 'baikbaik', 'saja']",Negatif
"['justru', 'dengan', 'begini', 'malah', 'menurunkan', 'pamor', 'ya', 'padahal', 'kiprah', 'ya', 'di', 'sepakbolah', 'sudah', 'tidak usah', 'di', 'pertanyakan', 'lagi', 'tapi', 'semoga', 'kedepan', 'memang', 'lebih', 'baik', 'timnas', 'kita']",Negatif
"['apaan', 'ternama', 'ternama', 'mah', 'ambil', 'mancini', 'kali', 'wkwk']",Negatif
"['pelatih', 'lagi', 'di', 'trend', 'positif', 'malah', 'diganti', 'kontol']",Negatif
"['kumpulan', 'orang', 'bodoh']",Negatif
"['kalau', 'sama', 'pelatih', 'sekarang', 'bukan', 'diajari', 'taktik', 'tapi', 'diajari', 'parlay', 'wkwk']",Negatif
"['kau', 'panen', 'apa', 'yang', 'kau', 'tanam', 'lebih', 'parah', 'lagi', 'kalau', 'kau', 'tak', 'paham', 'teknik', 'menanam', 'pasti', 'hancur', 'sudah']",Negatif
"['kocak', 'memang']",Negatif
"['ini', 'juga', 'golongan', 'orang', 'goblok']",Negatif
"['yang', 'harus', 'diamuk', 'adalah', 'yang', 'mecat', 'sty', 'ya']",Negatif
"['goblok', 'sudah', 'dibilangin', 'main', 'aman', 'seperti', 'match', 'sebelumnya', 'malah', 'main', 'terbuka']",Negatif
"['kita', 'tau', 'pelatih', 'dan', 'ketua', 'pssi', 'yang', 'gobloknya', 'bukan', 'main']",Negatif
"['federasi', 'ketika', 'di', 'isi', 'orangorang', 'bego', 'gaktau', 'diuntung', 'jadinya', 'timnas', 'kita', 'kebantai']",Negatif
"['mana', 'sih', 'thohir', 'thohir', 'itu']",Negatif
"['memang', 'asu', 'nih', 'pelatih']",Negatif
"['kukira', 'patrik', 'kluivert', 'trrnyaya', 'patriknya', 'spongbob', 'kenapa', 'hal', 'sekecil', 'ini', 'harus', 'berbobong', 'apa', 'yang', 'kamu', 'lakukan', 'patrikkk']",Negatif
"['tendang', 'pelatih', 'bapuk', 'kembalikan', 'posisi', 'sty', 'sebelum', 'terlambat', 'kalau', 'pelatih', 'bapuk', 'itu', 'masih', 'dipertahankan', 'pengurus', 'pssi', 'terutama', 'et', 'sudah', 'bisa', 'dipastikan', 'tidak', 'paham', 'bola', 'pundit', 'botak', 'dan', 'towel', 'kayak', 'asu', 'bacotmu', 'sekarang', 'tidak', 'koar', 'koar', 'anjing']",Negatif
"['problem', 'coach', 'kendala', 'bahasa', 'penerjemah', 'bahasa', 'lancar', 'cosplay', 'jadi', 'patung', 'bisu', 'gameplay', 'total', 'football', 'tolol', 'football', 'makan', 'tuh', 'tapi']",Negatif
"['kimakkk', 'kalau', 'butuh', 'proses', 'kemarin', 'kenapa', 'sty', 'di', 'pecat']",Negatif
"['mamam', 'tuh', 'patrick', 'mamam', 'tuh', 'erick']",Negatif
"['kata', 'sih', 'coach', 'botak', 'ini', 'baru', 'pertandingan', 'dan', 'masih', 'berproses', 'proses', 'saja', 'terus', 'sampai']",Negatif
"['pecat', 'dong', 'pelatihnya', 'itu', 'kan', 'timnas', 'tidak', 'pernah', 'percaya', 'proses']",Negatif
"['gagal', 'total', 'kembalikan', 'sty', 'sekarang', 'juga']",Negatif
"['bumn', 'saja', 'gagal', 'banyak', 'yang', 'korupsi', 'kerja', 'lewat', 'jalur', 'dalam', 'ya', 'begitu', 'pantas', 'banyak', 'orang', 'yang', 'pengin', 'kerja', 'di', 'bumn']",Negatif
"['sih', 'patrik', 'ini', 'tidak', 'pernah', 'menonton', 'timnas', 'kita', 'pas', 'dilatih', 'sty', 'kali', 'ya', 'jangan', 'ngerombak', 'pondasi', 'tim', 'pondasi', 'ya', 'itu', 'idzes', 'ridho', 'amp', 'jenner', 'haye', 'kalau', 'striker', 'boleh', 'lah', 'diganti']",Negatif
"['main', 'high', 'defensive', 'line', 'amp', 'aggresive', 'lawan', 'tim', 'sekelas', 'aussie', 'sih', 'ada', 'gila', 'gila', 'ya', 'juga', 'kluivert', 'mana', 'tengah', 'ya', 'haye', 'di', 'bantu', 'nathan', 'amp', 'lino', 'yang', 'di', 'babak', 'mereka', 'kemana', 'pergantian', 'pemain', 'yang', 'telat', 'banget', 'skema', 'build', 'up', 'amp', 'final', 'third', 'yang', 'jelek', 'lagi', 'lagi', 'masalah', 'decision', 'making']",Negatif
"['tau', 'kan', 'perbedaan', 'nya', 'sama', 'ya', 'jelas', 'beda', 'sty', 'membangun', 'itu', 'semua', 'kurang', 'lebih', 'tahun', 'membangun', 'camistry', 'antara', 'anak', 'nya', 'semua', 'tidak', 'instan', 'dan', 'berproses', 'lah', 'sudah', 'jadi', 'tinggal', 'sempurnakan', 'malah', 'zoonk']",Negatif
"['timnas', 'sangat', 'menyedihkan', 'di', 'bantai']",Negatif
"['sbnernya', 'sedih', 'banget', 'lihat', 'apa', 'yang', 'dah', 'bangun', 'tahun', 'ini', 'hancur', 'kayak', 'gniasli']",Negatif
"['makan', 'tuh', 'pelatih', 'bisa', 'berbagai', 'bahasa', 'mau', 'jadi', 'pelatih', 'atau', 'hrd', 'harus', 'bisa', 'komunikasi', 'bagus', 'kocak']",Negatif
"['melawan', 'bahrain', 'juga', 'bakal', 'kalah']",Negatif
"['intinya', 'indog', 'memang', 'mental', 'pecundang', 'gampang', 'cepat', 'puas', 'plus', 'banyak', 'bacot', 'juga']",Negatif
"['sebuah', 'perubahan', 'tuh', 'butuh', 'uji', 'coba', 'ini', 'timnas', 'mau', 'lawan', 'australia', 'tidak', 'sempat', 'uji', 'coba', 'malah', 'main', 'cobacoba']",Negatif
"['mantan', 'leee', 'alasannya', 'masih', 'adaptasi', 'tipu', 'getah', 'lah', 'sty', 'tidak bakal', 'nyalon', 'presiden', 'juga', 'masak', 'merasa', 'tersaingi']",Negatif
"['prestasi', 'yang', 'sudah', 'dibangun', 'selama', 'tahun', 'oleh', 'shin', 'taeyong', 'hancur', 'dalam']",Negatif
"['total', 'football', 'total', 'gagal', 'pecat', 'erick', 'dari', 'pssi', 'kluivert', 'out', 'karena', 'kita', 'tidak', 'percaya', 'lagi', 'sama', 'yang', 'namanya', 'proses']",Negatif
"['federasi', 'goblok', 'ditengah', 'ajang', 'malah', 'ganti', 'staff', 'pelatih']",Negatif
"['mendengarkan', 'nih', 'patrick', 'star', 'jangan', 'cuman', 'senyum', 'senyum', 'doang']",Negatif
"['strategi', 'permainan', 'tidak', 'jelas', 'starting', 'xi', 'nguawur', 'total', 'football', 'tolol', 'football', 'logical', 'fallacy', 'banyak', 'fan', 'adalah', 'membela', 'el', 'bintang', 'laut', 'karena', 'pemain', 'belum', 'beradaptasi', 'padahal', 'sudah', 'tau', 'pertandingan', 'penting', 'masih', 'saja', 'dipaksa', 'beradaptasi']",Negatif
"['kecewa', 'timnas', 'indonesia', 'kalah', 'lewat']",Negatif
"['monyet', 'lawan', 'australia', 'dengan', 'pemain', 'berkelas', 'kita', 'saja', 'kebantai', 'anjing']",Negatif
"['nathan', 'kurang', 'jam', 'terbang', 'percuma', 'di', 'swansea', 'dia', 'latihan', 'mulu', 'main', 'kagak']",Negatif
"['ingat', 'ini', 'bukan', 'salah', 'pemain', 'atau', 'pelatih', 'yang', 'salah', 'itu', 'yang', 'mengganti', 'pelatih', 'di', 'tengah', 'jalan', 'yaitu', 'dan', 'sudah', 'tahu', 'masih', 'berkompetisi', 'malah', 'diganti', 'sudah', 'tahu', 'latihan', 'itu', 'cuma', 'hari', 'sebelum', 'match', 'day', 'malah', 'digantitolol']",Negatif
"['lini', 'tengahnya', 'tidak', 'kuat', 'imo', 'ada', 'gelandang', 'pekerja', 'jenner', 'dan', 'nathan', 'distribusi', 'haye', 'kreasi', 'marselino', 'sayangnya', 'tidak', 'berjalan', 'perlu', 'dilatih', 'lagi', 'kebersamaankekompakan', 'stamina', 'lawan', 'bahrain', 'harus', 'lagi', 'olemarselinoegy', 'jen', 'haye', 'nathanjames', 'verdonk', 'jay', 'ridho', 'diks']",Negatif
"['tidak', 'guna', 'tidak', 'tahu', 'diri', 'tutup', 'usia', 'saja']",Negatif
"['itu', 'salah', 'pssi', 'terutama', 'kang', 'setelah', 'ketemu', 'towel', 'ganti', 'pelatih', 'pas', 'event', 'penting', 'ini', 'bodoh', 'murokab', 'namanya', 'kalau', 'masih', 'ada', 'aklaq', 'mundur', 'ijin', 'pakai', 'bahasa', 'abang']",Negatif
"['nanti', 'kita', 'tuntut', 'et', 'di', 'akhirat', 'ya']",Negatif
"['eric', 'tuli', 'atas', 'aspirasi', 'supporter', 'maka', 'keputusannya', 'sangat', 'cacat']",Negatif
"['mimpi', 'piala', 'dunia', 'timnas', 'indonesia', 'terancam', 'di', 'sydney']",Negatif
"['debut', 'yang', 'mengesankan', 'apa', 'yang', 'kau', 'di', 'harapkan', 'pemain', 'anak', 'bangsa', 'hanya', 'sebagai', 'bangku', 'cadangan', 'bagaimana', 'mau', 'maju', 'sepakbola', 'negara', 'ini']",Negatif
"['sudah', 'pasrah', 'entah', 'apa', 'yang', 'ada', 'dalam', 'pikiran', 'patrick', 'kluivert', 'saat', 'indonesia', 'takluk', 'secara', 'telak', 'dari', 'australia', 'dengan', 'skor']",Negatif
"['dulu', 'bisa', 'seri', 'kok', 'ini', 'tolong', 'di', 'jelaskan', 'dengan', 'seksama', 'apa', 'tidak', 'ada', 'analisis', 'itu', 'waktu', 'match', 'dulu', 'lawan', 'ausie', 'yang', 'seri', 'apa', 'kurang', 'itu', 'menit', 'kemarin', 'babak', 'prtama', 'buat', 'berpikir', 'what', 'the', 'fuck', 'jika', 'cuma', 'ingin', 'kalah', 'kagak', 'usah', 'beli', 'pelatih', 'se', 'asistennya', 'kocak', 'bobrok', 'banget']",Negatif
"['indonesia', 'belum', 'selevel', 'pakai', 'bek', 'bek', 'saja', 'belum', 'becus']",Negatif
"['hahahabapuk', 'banget', 'kan', 'ya', 'umpan', 'juga', 'mengaco', 'kayaknya', 'skill', 'dasar', 'pemain', 'lokal', 'kita', 'memang', 'masih', 'jauh', 'dari', 'standar']",Negatif
"['sepakbola', 'kocak']",Negatif
"['memang', 'dasar', 'sarang', 'mafia', 'otak', 'judi', 'lo', 'pada']",Negatif
"['ini', 'mah', 'tim', 'goblok', 'bukan', 'tim', 'nasional']",Negatif
"['ada', 'harapan', 'bukannya', 'dikejar', 'malah', 'melawak']",Negatif
"['sebuah', 'kebodohan', 'memecat', 'sty', 'dan', 'menggantinya', 'dengan', 'patrick', 'ondel', 'ondel']",Negatif
"['mereka', 'ketum', 'dan', 'anggotanya', 'lebih', 'memilih', 'sih', 'paling', 'belanda', 'dan', 'sih', 'paling', 'total', 'football', 'yang', 'pada', 'akhirnya', 'tak', 'lebih', 'baik', 'dari', 'coach', 'sty']",Negatif
"['penalti', 'saja', 'tidak', 'gol']",Negatif
"['kok', 'saja', 'nyetak', 'golnya', 'pelatihnya', 'lagi', 'mabok', 'ya']",Negatif
"['tidak', 'usah', 'planga', 'plongo', 'lagi', 'entar']",Negatif
"['mamam', 'tuh', 'kluivert']",Negatif
"['pelatih', 'sudah', 'bagus', 'malah', 'diganti', 'zonk', 'wkwk', 'masih', 'percaya', 'proses', 'omong', 'kosong']",Negatif
"['oh', 'ini', 'tim', 'kepelatihan', 'terbaik', 'itu', 'terbaik', 'ndasmu', 'sukurin', 'kena', 'karma']",Negatif
"['hmmm', 'nyesekkk']",Negatif
"['puas', 'sudah', 'bikin', 'timnas', 'hancur']",Negatif
"['pssi', 'memang', 'goblok', 'pilih', 'pelatih', 'hasilnya', 'ambyar', 'dan', 'bubuk']",Negatif
"['terbantai', 'habis', 'kocak', 'memang', 'pelatih', 'baru']",Negatif
"['sih', 'patrick', 'lemah', 'strategi', 'kebanyakan', 'pelanga', 'pelongo', 'di', 'kursi', 'tolol', 'memang']",Negatif
"['pssi', 'budek', 'mana', 'mau', 'mendengarkan', 'kritikan', 'setaaan', 'semua']",Negatif
"['kasihan', 'pssi', 'punya', 'ketum', 'terburuk', 'dan', 'tergoblok', 'sepanjang', 'sejarah', 'sejak', 'berdirinya']",Negatif
"['support', 'kayaknya', 'tidak', 'dulu', 'deh']",Negatif
"['jadi', 'antekanteknya', 'wowo']",Negatif
"['pelatih', 'kelas', 'tarkam']",Negatif
"['kebahagiaanku', 'dihancurkan', 'oleh', 'mafia']",Negatif
"['dibantai', 'australia', 'padahal', 'squad', 'australia', 'lebih', 'jelek', 'dan', 'squad', 'garuda', 'lebih', 'bagus', 'noraaak']",Negatif
"['lihatlah', 'doa', 'masyarakat', 'semua', 'pasti', 'terkabul', 'itu', 'karma', 'karena', 'engkau', 'telah', 'memecat', 'pelatih', 'yang', 'tulus', 'dari', 'kami', 'sty']",Negatif
"['erik', 'thohir', 'itu', 'koruptor', 'masih', 'pada', 'percaya', 'saja', 'dia', 'jadi', 'ketum', 'pssi', 'sudah', 'aneh']",Negatif
"['jawabannya', 'adalah', 'shin', 'tae', 'yong', 'diganti', 'oleh', 'rombongan', 'tukang', 'sirkus', 'dan', 'penjudi', 'bubar', 'saja', 'sudah', 'bikin', 'malu', 'bangsa', 'indonesia', 'ditunggu', 'bacotanmu', 'tentang', 'tolol', 'football']",Negatif
"['magic', 'magic', 'pelatih', 'kamu', 'kayak', 'kontol']",Negatif
"['saking', 'tidak', 'jago', 'main', 'judi', 'bola', 'sih', 'kluivert', 'sampai', 'pernah', 'berhutang', 'usd', 'juta', 'apalagi', 'jadi', 'pelatih', 'yang', 'harus', 'jago', 'analisis', 'pemain', 'tapi', 'sih', 'tolol', 'dan', 'pasangannya', 'malah', 'pilih', 'klui', 'untuk', 'pimpin', 'mereka', 'hancurkan', 'asa', 'satu', 'indonesia']",Negatif
"['baru', 'kali', 'nih', 'lihat', 'permainan', 'timnas', 'sudah', 'rapi', 'malah', 'berubah', 'kayak', 'tarkam']",Negatif
"['tidak', 'pengin', 'ganti', 'pelatih', 'lagi']",Negatif
"['pelatih', 'lo', 'tolol']",Negatif
"['hasil', 'kerja', 'kamu', 'tuh', 'sangat', 'mengubur', 'mimpi', 'masyarakat']",Negatif
"['tolol', 'setolol', 'tololnya', 'buat', 'kalian', 'yang', 'malah', 'ikut', 'langkah', 'arab', 'saudi', 'ganti', 'pelatih']",Negatif
"['bubar', 'saja', 'kalian', 'min']",Negatif
"['tukang', 'judi', 'memang', 'bisa', 'apa', 'kamu', 'lihat', 'kemarin', 'saat', 'masih', 'dia', 'santai', 'saja', 'tidak', 'kasih', 'aba', 'ke', 'pemain', 'tidak', 'panggil', 'pemain', 'kaya', 'sty', 'saat', 'moment', 'misal', 'ada', 'jeda', 'chek', 'var', 'ini', 'mah', 'memang', 'tidak', 'paham', 'bola', 'dia', 'mndingan', 'suruh', 'main', 'kasino']",Negatif
"['federasi', 'tolol']",Negatif
"['mampus', 'kalah']",Negatif
"['mampus', 'kalah', 'pelatih', 'belanda', 'tidak', 'ada', 'taktik', 'sama', 'sekali']",Negatif
"['mampus', 'king', 'indonesia', 'sudah', 'bagus', 'sty', 'malah', 'di', 'ganti', 'pelatih', 'goblok', 'kluivert']",Negatif
"['match', 'dari', 'sisa', 'match', 'krusial', 'tolol', 'momentum', 'lagi', 'bagus', 'habis', 'mengalahkan', 'arab', 'malah', 'ganti', 'pelatihtolol']",Negatif
"['berharap', 'ada', 'berita', 'baik', 'ketika', 'dibumi', 'indonesia', 'lagi', 'ada', 'demo', 'dan', 'kerusuhan', 'serta', 'pengesahan', 'uud', 'yang', 'sudah', 'cukup', 'tolol', 'eh', 'ini', 'ditambah', 'kalah', 'makin', 'semrawut', 'anjing']",Negatif
"['lagian', 'pelatih', 'cv', 'ya', 'jelek', 'direkrut']",Negatif
"['puas', 'kalian', 'jancok', 'lah']",Negatif
"['satu', 'satunya', 'gol', 'dari', 'kebobolan', 'miris']",Negatif
"['bos', 'mau', 'coba', 'lawan', 'tim', 'bapuk', 'tidak']",Negatif
"['untuk', 'waktu', 'dan', 'tepat', 'dipersilakan', 'katakata', 'untuk', 'pelatih', 'timnas', 'indonesia', 'saat', 'ini', 'kesel', 'banget', 'sumpah']",Negatif
"['selow', 'li', 'gue', 'mah', 'menyalahkan', 'pssi', 'yang', 'kayak', 'kontol', 'bukan', 'lu', 'dan', 'yang', 'lainnya', 'memang', 'yang', 'kontol', 'mah', 'pssi', 'ya']",Negatif
"['tidak', 'bisa', 'bayangkan', 'seandainya', 'di', 'kandang', 'dan', 'lawan', 'bahrain', 'juga', 'kalah', 'malunya', 'berkali', 'lipat', 'pasti', 'ya', 'semoga', 'saja', 'tidak', 'bikin', 'malu', 'terus', 'ya', 'pak', 'sudah', 'terlalu', 'banyak', 'hal', 'memalukan', 'soalnya']",Negatif
"['biadab', 'benar', 'memang', 'abang']",Negatif
"['pssi', 'bubarin', 'tidak', 'mutu', 'lonte', 'semua', 'isinya']",Negatif
"['bangun', 'tidur', 'buat', 'sahur', 'mengecek', 'skor', 'masih', 'tetap', 'ternyata', 'bagaimana', 'nih']",Negatif
"['ingat', 'ini', 'kalau', 'sampai', 'tidak', 'lolos', 'pildun', 'erick', 'arya', 'sih', 'botak', 'dan', 'kroninya', 'kudu', 'tanggung', 'jawab']",Negatif
"['decision', 'making', 'kamu', 'ganti', 'pelatih', 'jelek', 'banget', 'sumpah']",Negatif
"['asu', 'bajingan', 'gawe', 'pssi', 'erick', 'tohir', 'towel', 'koci', 'arya']",Negatif
"['ah', 'sih', 'et', 'banyak', 'gaya']",Negatif
"['aura', 'judi', 'dan', 'juga', 'kalahnya', 'kuat', 'banget']",Negatif
"['permainan', 'medioker']",Negatif
"['coba', 'yang', 'ngurusi', 'itu', 'bukan', 'orang', 'yang', 'nyambi', 'apalagi', 'numpang', 'pajang', 'nama', 'lo', 'mundur', 'saja', 'deh', 'sono', 'lo', 'urus', 'dan', 'perusahaan', 'yang', 'bermasalah']",Negatif
"['kontol', 'permainan', 'sampah']",Negatif
['bosok'],Negatif
"['makan', 'tuh', 'pelatih', 'bikini', 'bottom']",Negatif
"['total', 'football', 'kalah', 'total']",Negatif
"['ah', 'bangkai', 'gue', 'tidak', 'bisa', 'tidur', 'anjing']",Negatif
"['benerin', 'lah', 'taktiknya', 'ya', 'allah', 'puasa', 'belum', 'batal', 'ini', 'kalau', 'siang', 'misuh', 'mulu', 'entar', 'puasa', 'kagak', 'ada', 'pahalanya', 'ya', 'allah']",Negatif
"['lagian', 'kenapa', 'ganti', 'pelatih', 'disaat', 'posisi', 'seperti', 'waktu', 'itu', 'padahal', 'lanjutkan', 'sampai', 'selesai', 'kualifikasi', 'pada', 'selesai', 'baru', 'evaluasi', 'ketum', 'pssi', 'dapat', 'tekanan', 'dari', 'siapa', 'sampai', 'tiba', 'ganti', 'pelatih', 'pembisik', 'kesesatannya', 'siapa', 'exco', 'karena', 'masyarakat', 'tidak', 'ada', 'yang', 'meminta']",Negatif
"['diks', 'ridho', 'idzes', 'verdonk', 'jenner', 'haye', 'pelupessy', 'struick', 'ole', 'marcelino', 'jangan', 'goblok', 'yang', 'fitness', 'levelnya', 'jelek', 'jangan', 'dipasang', 'tolol', 'selain', 'haye']",Negatif
['kontol'],Negatif
"['iya', 'ole', 'keren', 'tapi', 'federasi', 'kayak', 'tahi']",Negatif
"['tim', 'pelatih', 'dari', 'bench', 'cuma', 'menonton', 'mending', 'di', 'tribun', 'sat', 'kalau', 'menonton', 'doang', 'makan', 'noh', 'kendala', 'bahasa', 'mending', 'kendala', 'bahasa', 'dari', 'pada', 'kendala', 'taktik', 'total', 'footbal', 'full', 'of', 'shit']",Negatif
"['muncul', 'tidak', 'sosoan', 'bilang', 'pelatih', 'terbaik', 'lihat', 'noh', 'sty', 'bangun', 'team', 'tahu', 'team', 'sudah', 'kebentuk', 'ganti', 'pelatih', 'awas', 'ya', 'banyak', 'alesan', 'sabar', 'proses', 'dll']",Negatif
"['blunder', 'terparah', 'yang', 'pernah', 'perbuat', 'efek', 'domino', 'dari', 'bkunder', 'ini', 'tinggal', 'kita', 'tunggu', 'kalau', 'mau', 'hancur', 'hancur', 'sekalian', 'pembisikpembisik', 'sesat', 'itu', 'akan', 'turut', 'tertimpa', 'reruntuhannya']",Negatif
"['impor', 'pemain', 'voc', 'sudah', 'impor', 'pelatih', 'ghurka', 'sudah', 'masih', 'saja', 'kalah', 'aduh', 'payah']",Negatif
"['para', 'pengurus', 'kontol', 'lah', 'yang', 'menawarkan', 'nafsu', 'birahi', 'berlebihannya', 'nikmati', 'syahwatmu']",Negatif
"['betul', 'tidak', 'tidur', 'aku', 'ah', 'dibuat']",Negatif
"['nathan', 'minim', 'menit', 'bermain', 'kok', 'jadi', 'starter', 'terbukti', 'main', 'ya', 'sering', 'lepas', 'bola', 'bikin', 'kesalahan', 'berujung', 'penalty', 'di', 'menit', 'awal', 'dan', 'sebagai', 'pemain', 'tengah', 'masih', 'tergesa', 'gesa']",Negatif
"['ketum', 'ampas', 'ditambah', 'pelatih', 'ampas', 'suruh', 'ketum', 'kamu', 'tanggung', 'jawab', 'min', 'bilang', 'mecat', 'pelatih', 'ditengah', 'jalan']",Negatif
"['full', 'belanda', 'tetap', 'kalah']",Negatif
"['salahkan', 'jika', 'timnas', 'gagal', 'ke', 'piala', 'dunia', 'itu', 'salah', 'anda', 'dan', 'harus', 'mundur']",Negatif
"['yang', 'kemarin', 'bilang', 'strateginya', 'sty', 'kebanyakan', 'bertahan', 'kata', 'gua', 'sih', 'kamu', 'main', 'ludo', 'saja']",Negatif
"['berulang', 'kali', 'semoga', 'ini', 'semoga', 'disemogakan', 'indonesia', 'tidak', 'lolos', 'pildun', 'amin']",Negatif
"['pecat', 'patrick', 'sekarang', 'malu', 'maluin', 'skuad', 'seperti', 'itu', 'kalah', 'telak']",Negatif
"['para', 'jajaran', 'pssi', 'hama']",Negatif
"['puyeng', 'banget', 'nontonnya', 'bisa', 'bikin', 'puasa', 'batal']",Negatif
"['pssi', 'kontol', 'begitu', 'saja', 'tidak bisa', 'mengurus']",Negatif
"['ketawa', 'banget', 'lihat', 'hasil', 'main', 'lol']",Negatif
"['total', 'footbal', 'kayak', 'tahi']",Negatif
"['memang', 'ekspetasi', 'gua', 'ya', 'kegedean', 'untuk', 'timnas']",Negatif
"['goal', 'berkelas', 'kaya', 'di', 'epl', 'tapi', 'sayang', 'kalah']",Negatif
"['jadi', 'ya', 'balik', 'lagi', 'ekspektasi', 'kita', 'saja', 'yang', 'ketinggian']",Negatif
"['kami', 'menolak', 'berproses', 'lagi', 'menolak', 'menurunkan', 'ekspektasi', 'dan', 'piala', 'dunia', 'harga', 'mati', 'tidak', 'lolos']",Negatif
"['latihan', 'antisipasi', 'corner', 'lek', 'petrik']",Negatif
"['tidak', 'ada', 'sejarah', 'total', 'football', 'bisa', 'juara', 'dunia', 'belajar', 'tuh', 'sama', 'catenaccio']",Negatif
"['memilih', 'pelatih', 'timnas', 'indonesia', 'itu', 'sama', 'dengan', 'memilih', 'direktur', 'utama', 'bumn', 'terus', 'lo', 'memilih', 'pelatih', 'timnas', 'berdasarkan', 'komitmen', 'interview', 'di', 'hari', 'natal', 'berharap', 'bisa', 'lolos', 'piala', 'dunia', 'erick', 'thohir', 'out']",Negatif
"['ketum', 'ganti', 'pelatih', 'karena', 'sorotan', 'semua', 'ke', 'sty', 'dia', 'tidak', 'kebagian', 'sorotan', 'akhirnya', 'bikin', 'drama']",Negatif
"['kamu', 'maunya', 'lolos', 'piala', 'dunia', 'yang', 'sudah', 'dirancang', 'sty', 'patrick', 'dan', 'pssi', 'harus', 'bisa', 'jamin']",Negatif
"['wkwk', 'diganti', 'kok', 'sama', 'penjudi', 'handal']",Negatif
"['ditekan', 'wkwk', 'tidak', 'usah', 'jadi', 'pemimpin', 'kalau', 'misalnya', 'tidak', 'punya', 'pendirian', 'masa', 'kalah', 'sama', 'iwan', 'bule', 'dulu', 'waktu', 'ibul', 'jadi', 'ketum', 'pssi', 'sty', 'juga', 'sudah', 'sering', 'dibenturkan', 'sanasini', 'exco', 'ya', 'sudah', 'banyak', 'tidak', 'suka', 'sty', 'tapi', 'dia', 'bisa', 'tuh', 'pasang', 'badan', 'buat', 'sty', 'amp', 'timnas']",Negatif
"['buat', 'mau', 'masuk', 'piala', 'dunia', 'ngimpppiii', 'yang', 'panjang', 'kembali', 'ketitik', 'ya', 'efek', 'sih', 'itu', 'sih', 'justin', 'tidak', 'usah', 'kasih', 'coachan', 'segala', 'dia', 'nglatih', 'tim', 'lawan', 'pelatih', 'indonesia', 'kalah', 'masih', 'tebal', 'muka', 'jadi', 'narasumber']",Negatif
"['kan', 'memang', 'bgst', 'lihat', 'saja', 'bumn', 'bobrok', 'ajg', 'laknat', 'memang']",Negatif
"['sty', 'tertawa', 'lihat', 'patrick', 'dari', 'ke', 'jauh', 'amat', 'cok', 'jancok']",Negatif
"['sudahlah', 'main', 'timnas', 'timnas', 'an', 'ya', 'kontol']",Negatif
"['bilang', 'tuh', 'ketum', 'kamu', 'makanya', 'jangan', 'sok', 'langsung', 'ganti', 'pelatih', 'di', 'saat', 'event', 'besar', 'lagi', 'berjalan', 'goblok']",Negatif
"['komunikasinya', 'mana', 'komunikasinya']",Negatif
"['menang', 'ball', 'possession', 'kan', 'tidak', 'berarti', 'main', 'bagus', 'transisi', 'negatif', 'yang', 'kacau', 'highpress', 'tapi', 'buat', 'aus', 'bisa', 'leluasa', 'ekspos', 'lini', 'tengah', 'timnas', 'apa', 'tidak', 'disebut', 'hancur', 'itu']",Negatif
"['memang', 'kocak', 'dahlah']",Negatif
"['ingat', 'jangan', 'hujat', 'pemain', 'timnas', 'yang', 'harus', 'dihujat', 'itu', 'coach', 'justin', 'towel', 'et', 'patrick', 'kluivert']",Negatif
"['puzzle', 'terakhir', 'ketemu', 'eh', 'puzzle', 'lainnya', 'hilang']",Negatif
['anjing'],Negatif
"['tahun', 'membangun', 'amp', 'dihancurkan', 'dalam', 'kurun', 'waktu', 'yang', 'singkat']",Negatif
"['bagaimana', 'ini', 'guys', 'padahal', 'tinggal', 'meneruskn', 'saja', 'eh', 'kita', 'di', 'bantai', 'guys', 'mending', 'biarkan', 'pakai', 'nova', 'saja', 'wes', 'yang', 'lanjutkn', 'klaupun', 'kalah', 'nntinya', 'kita', 'tidak', 'akan', 'gedek', 'percuma', 'banyak', 'pemain', 'diaspora', 'tapi', 'yang', 'ngeracik', 'goblok']",Negatif
"['patrick', 'jancokkk']",Negatif
"['halah', 'tahi', 'kucing', 'karena', 'kalah', 'populer', 'saja', 'kamu', 'et', 'sama', 'sty', 'tidak', 'ada', 'bedanya', 'sama', 'orang', 'orangan', 'lain', 'mengurus', 'liga', 'tidak', 'becus', 'bumn', 'korupsi', 'demi', 'gengsi', 'kamu', 'yang', 'ketinggian', 'bisa', 'bisanya', 'mengadu', 'domba', 'pemain', 'sama', 'pelatih', 'untuk', 'jadi', 'alasan', 'pemecatan', 'padahal', 'tim', 'lagi', 'momentum', 'positif']",Negatif
"['keren', 'ya', 'bos', 'entar', 'dalil', 'alasannya', 'pelatih', 'perlu', 'adaptasi', 'dulu', 'lah', 'ini', 'dulu', 'lah', 'itu', 'dulu', 'lah']",Negatif
"['mamam', 'tuh', 'total', 'football', 'wkwkwk']",Negatif
"['mending', 'tidak usah', 'menonton', 'tadimah']",Negatif
"['balik', 'lagi', 'ke', 'jaman', 'guoblok']",Negatif
['parah'],Negatif
"['di', 'kandang', 'lawan', 'kuat', 'semacam', 'australia', 'kita', 'main', 'alloutattack', 'amp', 'high', 'line', 'ya', 'habislah', 'kena', 'counter', 'nathan', 'dimainkan', 'sebagai', 'starter', 'verdonk', 'tidak', 'dimainkan', 'di', 'posisi', 'terbaiknya', 'lb']",Negatif
"['diobokobok', 'sama', 'australia', 'sangat', 'menyakitkan', 'untuk', 'ditonton']",Negatif
"['timnas', 'aura', 'gelap']",Negatif
"['striker', 'gacor', 'pelatihnya', 'ampas']",Negatif
"['erick', 'thohir', 'kalah', 'sama', 'mafia', 'karena', 'tidak', 'mau', 'indonesia', 'lolos']",Negatif
"['ekspetasi', 'total', 'fotball', 'jadi', 'kalah', 'total', 'tolol']",Negatif
"['bacot', 'pelatih', 'kamu', 'tuh', 'suruh', 'kasih', 'intruksi', 'ajg', 'jangan', 'maony', 'duduk', 'mulu', 'lagi', 'posisi', 'ketinggalan']",Negatif
"['pemain', 'impor', 'voc', 'pelatih', 'impor', 'tentara', 'ghurka', 'masih', 'saja', 'kalah', 'payah']",Negatif
"['sudah', 'impor', 'voc', 'sama', 'knil', 'masih', 'saja', 'kalah', 'wkwkw']",Negatif
"['memang', 'federasi', 'ya', 'saja', 'yang', 'kayak', 'tahi']",Negatif
"['bagaimana', 'siap', 'mundur']",Negatif
"['friend', 'lo', 'terbaik', 'tetap', 'terbaikloe', 'tidak', 'salah', 'kesalahannya', 'pengubahan', 'pelatih', 'secara', 'cepat', 'dan', 'mendadak', 'disaat', 'timnas', 'sedang', 'baik', 'baiknya', 'semoga', 'bangkit', 'lagi', 'ya', 'dan', 'tetap', 'kompak']",Negatif
"['beginilah', 'rasanya', 'mulai', 'dari', 'nol', 'dengan', 'pelatih', 'yang', 'masih', 'hijau', 'banget', 'ditengah', 'kompetisi', 'disaat', 'justru', 'poinpoin', 'krusial', 'justru', 'lagi', 'diperebutkan']",Negatif
"['semoga', 'ambisi', 'dengan', 'cara', 'menunggangi', 'timnas', 'ku', 'tidak', 'akan', 'tercapai']",Negatif
"['kena', 'karma']",Negatif
"['sebuah', 'catatan', 'untuk', 'pssi', 'mengganti', 'pelatih', 'ditengah', 'kompetisi', 'itu', 'gambling', 'menjamu', 'tamu', 'dengan', 'baik', 'malah', 'membuat', 'tamu', 'makin', 'bermain', 'nyaman', 'dikandang', 'sementara', 'kita', 'dilaga', 'tandang', 'tidak', 'diperlakukan', 'baik', 'bis', 'saja', 'lebih', 'mirip', 'metromini']",Negatif
"['makanya', 'jangan', 'buru', 'ambil', 'keputusan', 'merasai', 'drama', 'ini', 'guys', 'issp']",Negatif
"['itulah', 'mengapa', 'dalam', 'sepakbola', 'seni', 'dalam', 'bertahan', 'juga', 'perlu', 'main', 'jelek', 'tapi', 'menang', 'lebih', 'dikenang', 'daripada', 'main', 'cantik', 'mendominasi', 'tapi', 'hancur', 'lebur', 'kalah']",Negatif
"['berharap', 'apa', 'sama', 'pelatih', 'baru', 'ditengah', 'jalan', 'ditambah', 'track', 'record', 'yang', 'awikwok']",Negatif
"['dikira', 'tadi', 'main', 'friendly', 'match', 'apa', 'bongkar', 'pasang', 'pemain', 'overdongse', 'menir']",Negatif
"['berharap', 'lebih', 'memang', 'tidak', 'baik']",Negatif
"['jangan', 'lupa', 'teriak', 'erick', 'kontol']",Negatif
"['kalau', 'kalian', 'tidak', 'evaluasi', 'habis', 'abisan', 'dan', 'next', 'match', 'hasil', 'ya', 'masih', 'kebantai', 'kayak', 'hari', 'ini', 'sih', 'parah', 'sih', 'kita', 'tidak', 'benci', 'pemain', 'kita', 'benci', 'ego', 'ketum', 'dan', 'federasi', 'perbaiki', 'atau', 'kembalikan', 'sty']",Negatif
"['karma', 'pecat', 'sty', 'masih', 'berlanjut', 'ketemu', 'bahrain', 'china', 'jepang']",Negatif
"['apasih', 'jancok', 'kebanyakan', 'coli', 'jadi', 'otak', 'kamu', 'kagak', 'bisa', 'dipakai']",Negatif
"['yakin', 'et', 'ketum', 'yang', 'paling', 'benar', 'benerin', 'timnas', 'doang', 'kali', 'maksudnya', 'wkwkkw']",Negatif
"['gameplan', 'yang', 'sangat', 'tolol', 'balikin', 'saja', 'itu', 'paspor', 'belanda', 'ya', 'kasihan', 'main', 'di', 'bawah', 'asuhan', 'pelatih', 'medioker']",Negatif
"['itu', 'lawan', 'australia', 'bukan', 'timnas', 'indonesia', 'tapi', 'kesebelasan', 'tarkam', 'asal', 'belanda']",Negatif
"['sudah', 'bagus', 'sty', 'malah', 'diganti', 'malah', 'kembali', 'ke', 'setelan', 'pabrik']",Negatif
"['makan', 'tuh', 'kluivert', 'yang', 'kata', 'kamu', 'berkualitas']",Negatif
"['patrick', 'kluivert', 'adalah', 'agen', 'yang', 'di', 'tugaskan', 'untuk', 'menggagalkan', 'lolos', 'piala', 'dunia', 'info', 'valid', 'a']",Negatif
"['tidak', 'terbayang', 'hari', 'selasa', 'nanti', 'pas', 'lawan', 'bahrain', 'kalau', 'kalah', 'lagi', 'kayak', 'bagaimana', 'reaksi', 'penonton']",Negatif
"['makan', 'tuh', 'total', 'football', 'berak']",Negatif
"['kualat', 'main', 'jelek', 'mengecewakan', 'hasil', 'yang', 'sesuai']",Negatif
"['hahahaaa', 'dibantai', 'mampus']",Negatif
"['erick', 'thohir', 'out', 'kluivert', 'out', 'bubarin', 'sudah', 'timnas', 'londo', 'itu']",Negatif
"['indonesia', 'dihajar', 'australia', 'dibawah', 'pelatih', 'patrick', 'kluivert', 'yang', 'dipilih', 'erick', 'thohir']",Negatif
"['banyak', 'orang', 'buka', 'puasa', 'lebih', 'cepat', 'tadi', 'sore', 'gara', 'gara', 'menonton', 'timnas']",Negatif
"['staff', 'kepelatihan', 'terbaik', 'yang', 'pernah', 'kita', 'punya', 'selain', 'kasus', 'judi', 'karir', 'kepelatihan', 'macam', 'orang', 'lagi', 'magang', 'ngerombak', 'formasi', 'taktik', 'strategi', 'berefek', 'ke', 'cara', 'melatih', 'cara', 'komunikasi', 'susunan', 'pemain', 'chemistry', 'di', 'tengah', 'kompetisi', 'nalar', 'tumpul']",Negatif
"['timnas', 'indonesia', 'mode', 'hancur']",Negatif
"['pssi', 'goblok', 'timnas', 'diobokobok']",Negatif
"['mohon', 'maaf', 'sudah', 'tidak', 'menonton', 'timnas', 'lagi', 'semenjak', 'ganti', 'pelatih', 'tau', 'sendiri', 'kualitas', 'patrick', 'wkwkwk']",Negatif
"['kok', 'jadi', 'kembali', 'ke', 'setelan', 'pabrik', 'min', 'kemarin', 'sudah', 'bagus', 'lho', 'mau', 'sampai', 'kapan', 'prosesnya']",Negatif
"['tidak', 'masuk', 'akal', 'dan', 'nalar', 'nathan', 'jadi', 'starter', 'rasanya', 'ingin', 'terus', 'memaki', 'karena', 'sih', 'pakai']",Negatif
"['suruh', 'dan', 'team', 'pelatih', 'yang', 'katanya', 'terbaik', 'jaman', 'timnas', 'itu', 'pergi']",Negatif
"['yang', 'jelas', 'erick', 'tohir', 'harus', 'mundur', 'lagian', 'tidak jelas', 'banget', 'tiba', 'sty', 'diganti', 'kluivert', 'sekarang', 'hasilnya', 'jelas', 'penurunan', 'kualitas']",Negatif
"['kendala', 'bahasa']",Negatif
"['ndasmu', 'kalau', 'sampai', 'kalah', 'dari', 'bahrain', 'layak', 'mundur', 'dalam', 'tempo', 'secepat', 'cepatnya']",Negatif
"['sumpah', 'hari', 'ini', 'hari', 'yang', 'paling', 'berat', 'buat', 'masyarakat', 'indonesia', 'tidak', 'tidak', 'negara', 'samasama', 'bikin', 'masyaallah', 'indonesia', 'kecewa']",Negatif
"['syukurin', 'kalah', 'makanya', 'jangan', 'mudah', 'gonta', 'ganti', 'pelatih', 'wkkww']",Negatif
"['ini', 'murni', 'kesalahan', 'pelatih', 'ide', 'memasukkan', 'nathan', 'sekarang', 'hanya', 'bisa', 'berharap', 'pakai', 'mengulangi', 'kesalahan', 'sty', 'memasukkan', 'pemain', 'di', 'starting', 'karena', 'ego', 'amunisi', 'tersedia', 'lengkap', 'malah', 'memainkan', 'amunisi', 'kosong', 'apalagi', 'kata', 'yang', 'tepat', 'selain', 'botol']",Negatif
"['prestasinya', 'apa', 'sih', 'kluivert', 'saat', 'jadi', 'pelatih', 'planga', 'plongo', 'saja', 'tadi', 'tidak', 'teriak']",Negatif
"['bagaimana', 'dengan', 'hasil', 'keputusan', 'tololnya', 'sudah', 'merasa', 'visioner', 'canggih', 'hebat', 'sekarang']",Negatif
"['kok', 'jadi', 'malah', 'dibantai']",Negatif
"['tahi', 'lah', 'assu']",Negatif
"['mampus', 'mending', 'kalah', 'wo']",Negatif
"['total', 'football', 'apa', 'total', 'kebobolan']",Negatif
"['mana', 'total', 'football', 'yang', 'kau', 'janjikan', 'itu']",Negatif
"['goblok', 'mah', 'goblok', 'saja', 'sudah']",Negatif
['lucu'],Negatif
"['lupakan', 'kekalahan', 'tadi', 'kan', 'masih', 'ada', 'kekalahan', 'selanjutnya']",Negatif
"['mengurus', 'timnas', 'kayak', 'mengurus', 'pendidikan', 'kurikulumnya', 'gonta', 'ganti']",Negatif
"['sepertinya', 'cocok', 'untuk', 'jadi', 'pelatih', 'sih', 'pembuat', 'onar', 'ini', 'onanar', 'onanar', 'mengatur', 'mulu', 'kerjaanya', 'wkwkwkwkw']",Negatif
"['buat', 'saya', 'atau', 'tidak', 'saat', 'ini', 'itu', 'tidak', 'akan', 'menjamin', 'timnas', 'akan', 'menang', 'terus', 'amp', 'gemilang', 'seperti', 'yang', 'diimpikan', 'banyak', 'orang', 'tapi', 'yang', 'pasti', 'setelah', 'melihat', 'kekalahan', 'dari', 'australia', 'ternyata', 'mengganti', 'sty', 'di', 'tengah', 'jalan', 'adalah', 'kesalahan', 'fatal']",Negatif
"['au', 'ah', 'gelap', 'banget', 'menonton', 'timnas']",Negatif
"['tau', 'kan', 'perbedaan', 'nya', 'sama', 'ya', 'jelas', 'beda', 'sty', 'membangun', 'itu', 'semua', 'kurang', 'lebih', 'tahun', 'membangun', 'camistry', 'antara', 'anak', 'nya', 'semua', 'tidak', 'instan', 'dan', 'berproses', 'lah', 'sudah', 'jadi', 'tinggal', 'sempurnakan', 'malah', 'zoonk']",Negatif
"['kecewa', 'sama', 'hasil', 'timnas', 'indonesia', 'vs', 'australia']",Negatif
"['apa', 'yang', 'dibilang', 'coach', 'justin', 'seolah', 'mewakili', 'respon', 'pssi', 'dan', 'anteknya', 'sekarang', 'kalah', 'terbantai', 'lawan', 'australia', 'dibilang', 'progress', 'menang', 'lawan', 'arab', 'saudi', 'malah', 'di', 'evaluasi', 'besaran', 'piye', 'tapi']",Negatif
"['biasa', 'nangkep', 'uburubur', 'malah', 'di', 'suruh', 'jadi', 'pelatih', 'kenapa', 'hal', 'sekecil', 'ini', 'mesti', 'bohong']",Negatif
"['andai', 'saja', 'pelatihnya', 'bukan', 'patrick', 'kluivert']",Negatif
"['dulu', 'sudah', 'dikasih', 'tau', 'tapi', 'tetap', 'saja', 'direkrut', 'itu', 'pelatih', 'kardus']",Negatif
"['empat', 'sehat', 'lima', 'satu']",Negatif
"['wajar', 'sih', 'patrick', 'peduli', 'setan', 'pas', 'timnas', 'kalah', 'wong', 'dia', 'masang', 'banget', 'buat', 'australia', 'tadi', 'malam']",Negatif
"['still', 'far', 'away', 'tapi', 'put', 'indonesia', 'on', 'the', 'map', 'huh', 'gelap', 'kayak', 'negaranya', 'at', 'least', 'gua', 'masih', 'percaya', 'lah', 'bisa', 'lolos', 'round', 'tapi', 'kalau', 'tidak', 'lolos', 'juga', 'kelar', 'sudah', 'mending', 'bubar', 'saja', 'pak', 'makanya', 'jangan', 'fokus', 'timnas', 'mulu', 'liga', 'and', 'grassroot', 'membenahi', 'cepat']",Negatif
"['timnas', 'indonesia', 'hancur', 'lebur', 'di', 'australia']",Negatif
"['coach', 'patrick', 'sih', 'bintang', 'laut', 'lihat', 'nih', 'teman', 'gue', 'sampai', 'ngamuk']",Negatif
"['yang', 'harus', 'diamuk', 'adalah', 'yang', 'mecat', 'sty', 'ya', 'dok']",Negatif
